id	category	file	line	string_index	kind	source	translation
data.battle.stat_names:4:0	menu	data/battle/stat_names.asm	4	0	li	ATTACK	攻击
data.battle.stat_names:5:0	menu	data/battle/stat_names.asm	5	0	li	DEFENSE	防御
data.battle.stat_names:6:0	menu	data/battle/stat_names.asm	6	0	li	SPEED	速度
data.battle.stat_names:7:0	menu	data/battle/stat_names.asm	7	0	li	SPCL.ATK	特攻
data.battle.stat_names:8:0	menu	data/battle/stat_names.asm	8	0	li	SPCL.DEF	特防
data.battle.stat_names:9:0	menu	data/battle/stat_names.asm	9	0	li	ACCURACY	命中
data.battle.stat_names:10:0	menu	data/battle/stat_names.asm	10	0	li	EVASION	回避
data.battle.stat_names:11:0	menu	data/battle/stat_names.asm	11	0	li	ABILITY	能力
data.copyright:16:0	text	data/copyright.asm	16	0	db	@	
data.credits_strings:3:0	text	data/credits_strings.asm	3	0	db	   SATOSHI TAJIRI@	
data.credits_strings:4:0	text	data/credits_strings.asm	4	0	db	   JUNICHI MASUDA@	
data.credits_strings:5:0	text	data/credits_strings.asm	5	0	db	  TETSUYA WATANABE@	
data.credits_strings:6:0	text	data/credits_strings.asm	6	0	db	  SHIGEKI MORIMOTO@	
data.credits_strings:7:0	text	data/credits_strings.asm	7	0	db	   SOUSUKE TAMADA@	
data.credits_strings:8:0	text	data/credits_strings.asm	8	0	db	   TAKENORI OOTA@	
data.credits_strings:9:0	text	data/credits_strings.asm	9	0	db	    KEN SUGIMORI@	
data.credits_strings:10:0	text	data/credits_strings.asm	10	0	db	 MOTOFUMI FUJIWARA@	
data.credits_strings:11:0	text	data/credits_strings.asm	11	0	db	   ATSUKO NISHIDA@	
data.credits_strings:12:0	text	data/credits_strings.asm	12	0	db	    MUNEO SAITO@	
data.credits_strings:13:0	text	data/credits_strings.asm	13	0	db	    SATOSHI OOTA@	
data.credits_strings:14:0	text	data/credits_strings.asm	14	0	db	   RENA YOSHIKAWA@	
data.credits_strings:15:0	text	data/credits_strings.asm	15	0	db	    JUN OKUTANI@	
data.credits_strings:16:0	text	data/credits_strings.asm	16	0	db	  HIRONOBU YOSHIDA@	
data.credits_strings:17:0	text	data/credits_strings.asm	17	0	db	   ASUKA IWASHITA@	
data.credits_strings:18:0	text	data/credits_strings.asm	18	0	db	    GO ICHINOSE@	
data.credits_strings:19:0	text	data/credits_strings.asm	19	0	db	   MORIKAZU AOKI@	
data.credits_strings:20:0	text	data/credits_strings.asm	20	0	db	   KOHJI NISHINO@	
data.credits_strings:21:0	text	data/credits_strings.asm	21	0	db	  KENJI MATSUSHIMA@	
data.credits_strings:22:0	text	data/credits_strings.asm	22	0	db	TOSHINOBU MATSUMIYA@	
data.credits_strings:23:0	text	data/credits_strings.asm	23	0	db	    SATORU IWATA@	
data.credits_strings:24:0	text	data/credits_strings.asm	24	0	db	   NOBUHIRO SEYA@	
data.credits_strings:25:0	text	data/credits_strings.asm	25	0	db	  KAZUHITO SEKINE@	
data.credits_strings:26:0	text	data/credits_strings.asm	26	0	db	    TETSUJI OOTA@	
data.credits_strings:27:0	text	data/credits_strings.asm	27	0	db	NCL SUPER MARIO CLUB@	
data.credits_strings:28:0	text	data/credits_strings.asm	28	0	db	    SARUGAKUCHO@	
data.credits_strings:29:0	text	data/credits_strings.asm	29	0	db	     AKITO MORI@	
data.credits_strings:30:0	text	data/credits_strings.asm	30	0	db	  TAKAHIRO HARADA@	
data.credits_strings:31:0	text	data/credits_strings.asm	31	0	db	  TOHRU HASHIMOTO@	
data.credits_strings:32:0	text	data/credits_strings.asm	32	0	db	  NOBORU MATSUMOTO@	
data.credits_strings:33:0	text	data/credits_strings.asm	33	0	db	  TAKEHIRO IZUSHI@	
data.credits_strings:34:0	text	data/credits_strings.asm	34	0	db	 TAKASHI KAWAGUCHI@	
data.credits_strings:35:0	text	data/credits_strings.asm	35	0	db	 TSUNEKAZU ISHIHARA@	
data.credits_strings:36:0	text	data/credits_strings.asm	36	0	db	  HIROSHI YAMAUCHI@	
data.credits_strings:37:0	text	data/credits_strings.asm	37	0	db	    KENJI SAIKI@	
data.credits_strings:38:0	text	data/credits_strings.asm	38	0	db	    ATSUSHI TADA@	
data.credits_strings:39:0	text	data/credits_strings.asm	39	0	db	   NAOKO KAWAKAMI@	
data.credits_strings:40:0	text	data/credits_strings.asm	40	0	db	  HIROYUKI ZINNAI@	
data.credits_strings:41:0	text	data/credits_strings.asm	41	0	db	  KUNIMI KAWAMURA@	
data.credits_strings:42:0	text	data/credits_strings.asm	42	0	db	    GAIL TILDEN@	
data.credits_strings:43:0	text	data/credits_strings.asm	43	0	db	   HIRO NAKAMURA@	
data.credits_strings:44:0	text	data/credits_strings.asm	44	0	db	    JEFF KALLES@	
data.credits_strings:45:0	text	data/credits_strings.asm	45	0	db	   WILLIAM GIESE@	
data.credits_strings:46:0	text	data/credits_strings.asm	46	0	db	   NOB OGASAWARA@	
data.credits_strings:47:0	text	data/credits_strings.asm	47	0	db	   RANDY SHOEMAKE@	
data.credits_strings:48:0	text	data/credits_strings.asm	48	0	db	  KATHY HUGUENARD@	
data.credits_strings:49:0	text	data/credits_strings.asm	49	0	db	     JOEL SIMON@	
data.credits_strings:50:0	text	data/credits_strings.asm	50	0	db	  TERUKI MURAKAWA@	
data.credits_strings:51:0	text	data/credits_strings.asm	51	0	db	  KAZUYOSHI OSAWA@	
data.credits_strings:52:0	text	data/credits_strings.asm	52	0	db	  KIMIKO NAKAMICHI@	
data.credits_strings:53:0	text	data/credits_strings.asm	53	0	db	END@	
data.credits_strings:54:0	text	data/credits_strings.asm	54	0	db	      #MON	
data.credits_strings:56:0	text	data/credits_strings.asm	56	0	next	    GOLD VERSION	
data.credits_strings:58:0	text	data/credits_strings.asm	58	0	next	   SILVER VERSION	
data.credits_strings:60:0	text	data/credits_strings.asm	60	0	next	       STAFF@	
data.credits_strings:61:0	text	data/credits_strings.asm	61	0	db	      DIRECTOR@	
data.credits_strings:62:0	text	data/credits_strings.asm	62	0	db	    SUB DIRECTOR@	
data.credits_strings:63:0	text	data/credits_strings.asm	63	0	db	    PROGRAMMERS@	
data.credits_strings:64:0	text	data/credits_strings.asm	64	0	db	 GRAPHICS DIRECTOR@	
data.credits_strings:65:0	text	data/credits_strings.asm	65	0	db	   MONSTER DESIGN@	
data.credits_strings:66:0	text	data/credits_strings.asm	66	0	db	  GRAPHICS DESIGN@	
data.credits_strings:67:0	text	data/credits_strings.asm	67	0	db	       MUSIC@	
data.credits_strings:68:0	text	data/credits_strings.asm	68	0	db	   SOUND EFFECTS@	
data.credits_strings:69:0	text	data/credits_strings.asm	69	0	db	    GAME DESIGN@	
data.credits_strings:70:0	text	data/credits_strings.asm	70	0	db	   GAME SCENARIO@	
data.credits_strings:71:0	text	data/credits_strings.asm	71	0	db	  TOOL PROGRAMMING@	
data.credits_strings:72:0	text	data/credits_strings.asm	72	0	db	 PARAMETRIC DESIGN@	
data.credits_strings:73:0	text	data/credits_strings.asm	73	0	db	   SCRIPT DESIGN@	
data.credits_strings:74:0	text	data/credits_strings.asm	74	0	db	  MAP DATA DESIGN@	
data.credits_strings:75:0	text	data/credits_strings.asm	75	0	db	     MAP DESIGN@	
data.credits_strings:76:0	text	data/credits_strings.asm	76	0	db	  PRODUCT TESTING@	
data.credits_strings:77:0	text	data/credits_strings.asm	77	0	db	   SPECIAL THANKS@	
data.credits_strings:78:0	text	data/credits_strings.asm	78	0	db	     PRODUCERS@	
data.credits_strings:79:0	text	data/credits_strings.asm	79	0	db	 EXECUTIVE PRODUCER@	
data.credits_strings:80:0	text	data/credits_strings.asm	80	0	db	  US VERSION STAFF@	
data.credits_strings:81:0	text	data/credits_strings.asm	81	0	db	  US COORDINATION@	
data.credits_strings:82:0	text	data/credits_strings.asm	82	0	db	  TEXT TRANSLATION@	
data.credits_strings:83:0	text	data/credits_strings.asm	83	0	db	    PAAD TESTING@	
data.decorations.names:4:0	text	data/decorations/names.asm	4	0	li	CANCEL	
data.decorations.names:5:0	text	data/decorations/names.asm	5	0	li	PUT IT AWAY	
data.decorations.names:6:0	text	data/decorations/names.asm	6	0	li	MAGNAPLANT	
data.decorations.names:7:0	text	data/decorations/names.asm	7	0	li	TROPICPLANT	
data.decorations.names:8:0	text	data/decorations/names.asm	8	0	li	JUMBOPLANT	
data.decorations.names:9:0	text	data/decorations/names.asm	9	0	li	TOWN MAP	
data.decorations.names:10:0	text	data/decorations/names.asm	10	0	li	NES	
data.decorations.names:11:0	text	data/decorations/names.asm	11	0	li	SUPER NES	
data.decorations.names:12:0	text	data/decorations/names.asm	12	0	li	NINTENDO64	
data.decorations.names:13:0	text	data/decorations/names.asm	13	0	li	VIRTUAL BOY	
data.decorations.names:14:0	text	data/decorations/names.asm	14	0	li	GOLD TROPHY	
data.decorations.names:15:0	text	data/decorations/names.asm	15	0	li	SILVER TROPHY	
data.decorations.names:16:0	text	data/decorations/names.asm	16	0	li	SURF PIKACHU DOLL	
data.decorations.names:17:0	text	data/decorations/names.asm	17	0	li	 BED	
data.decorations.names:18:0	text	data/decorations/names.asm	18	0	li	 CARPET	
data.decorations.names:19:0	text	data/decorations/names.asm	19	0	li	 POSTER	
data.decorations.names:20:0	text	data/decorations/names.asm	20	0	li	 DOLL	
data.decorations.names:21:0	text	data/decorations/names.asm	21	0	li	BIG 	
data.decorations.names:22:0	text	data/decorations/names.asm	22	0	li	FEATHERY	
data.decorations.names:23:0	text	data/decorations/names.asm	23	0	li	PIKACHU	
data.decorations.names:24:0	text	data/decorations/names.asm	24	0	li	PINK	
data.decorations.names:25:0	text	data/decorations/names.asm	25	0	li	POLKADOT	
data.decorations.names:26:0	text	data/decorations/names.asm	26	0	li	RED	
data.decorations.names:27:0	text	data/decorations/names.asm	27	0	li	BLUE	
data.decorations.names:28:0	text	data/decorations/names.asm	28	0	li	YELLOW	
data.decorations.names:29:0	text	data/decorations/names.asm	29	0	li	GREEN	
data.events.elevator_floors:22:0	text	data/events/elevator_floors.asm	22	0	db	B4F@	
data.events.elevator_floors:23:0	text	data/events/elevator_floors.asm	23	0	db	B3F@	
data.events.elevator_floors:24:0	text	data/events/elevator_floors.asm	24	0	db	B2F@	
data.events.elevator_floors:25:0	text	data/events/elevator_floors.asm	25	0	db	B1F@	
data.events.elevator_floors:26:0	text	data/events/elevator_floors.asm	26	0	db	1F@	
data.events.elevator_floors:27:0	text	data/events/elevator_floors.asm	27	0	db	2F@	
data.events.elevator_floors:28:0	text	data/events/elevator_floors.asm	28	0	db	3F@	
data.events.elevator_floors:29:0	text	data/events/elevator_floors.asm	29	0	db	4F@	
data.events.elevator_floors:30:0	text	data/events/elevator_floors.asm	30	0	db	5F@	
data.events.elevator_floors:31:0	text	data/events/elevator_floors.asm	31	0	db	6F@	
data.events.elevator_floors:32:0	text	data/events/elevator_floors.asm	32	0	db	7F@	
data.events.elevator_floors:33:0	text	data/events/elevator_floors.asm	33	0	db	8F@	
data.events.elevator_floors:34:0	text	data/events/elevator_floors.asm	34	0	db	9F@	
data.events.elevator_floors:35:0	text	data/events/elevator_floors.asm	35	0	db	10F@	
data.events.elevator_floors:36:0	text	data/events/elevator_floors.asm	36	0	db	11F@	
data.events.elevator_floors:37:0	text	data/events/elevator_floors.asm	37	0	db	ROOF@	
data.items.descriptions:264:0	text	data/items/descriptions.asm	264	0	db	The best BALL. It	
data.items.descriptions:265:0	text	data/items/descriptions.asm	265	0	next	never misses.@	
data.items.descriptions:268:0	text	data/items/descriptions.asm	268	0	db	A BALL with a high	
data.items.descriptions:269:0	text	data/items/descriptions.asm	269	0	next	rate of success.@	
data.items.descriptions:272:0	text	data/items/descriptions.asm	272	0	db	Lowers the foe's	
data.items.descriptions:273:0	text	data/items/descriptions.asm	273	0	next	accuracy. (HOLD)@	
data.items.descriptions:276:0	text	data/items/descriptions.asm	276	0	db	A BALL with a de-	
data.items.descriptions:277:0	text	data/items/descriptions.asm	277	0	next	cent success rate.@	
data.items.descriptions:280:0	text	data/items/descriptions.asm	280	0	db	An item for catch-	
data.items.descriptions:281:0	text	data/items/descriptions.asm	281	0	next	ing #MON.@	
data.items.descriptions:284:0	text	data/items/descriptions.asm	284	0	db	?@	
data.items.descriptions:287:0	text	data/items/descriptions.asm	287	0	db	A collapsible bike	
data.items.descriptions:288:0	text	data/items/descriptions.asm	288	0	next	for fast movement.@	
data.items.descriptions:291:0	text	data/items/descriptions.asm	291	0	db	Evolves certain	
data.items.descriptions:292:0	text	data/items/descriptions.asm	292	0	next	kinds of #MON.@	
data.items.descriptions:295:0	text	data/items/descriptions.asm	295	0	db	Cures poisoned	
data.items.descriptions:296:0	text	data/items/descriptions.asm	296	0	next	#MON.@	
data.items.descriptions:299:0	text	data/items/descriptions.asm	299	0	db	Heals burned	
data.items.descriptions:300:0	text	data/items/descriptions.asm	300	0	next	#MON.@	
data.items.descriptions:303:0	text	data/items/descriptions.asm	303	0	db	Defrosts frozen	
data.items.descriptions:304:0	text	data/items/descriptions.asm	304	0	next	#MON.@	
data.items.descriptions:307:0	text	data/items/descriptions.asm	307	0	db	Awakens sleeping	
data.items.descriptions:308:0	text	data/items/descriptions.asm	308	0	next	#MON.@	
data.items.descriptions:311:0	text	data/items/descriptions.asm	311	0	db	Heals paralyzed	
data.items.descriptions:312:0	text	data/items/descriptions.asm	312	0	next	#MON.@	
data.items.descriptions:315:0	text	data/items/descriptions.asm	315	0	db	Fully restores HP	
data.items.descriptions:316:0	text	data/items/descriptions.asm	316	0	next	& status.@	
data.items.descriptions:319:0	text	data/items/descriptions.asm	319	0	db	Fully restores	
data.items.descriptions:320:0	text	data/items/descriptions.asm	320	0	next	#MON HP.@	
data.items.descriptions:323:0	text	data/items/descriptions.asm	323	0	db	Restores #MON	
data.items.descriptions:324:0	text	data/items/descriptions.asm	324	0	next	HP by 200.@	
data.items.descriptions:327:0	text	data/items/descriptions.asm	327	0	db	Restores #MON	
data.items.descriptions:328:0	text	data/items/descriptions.asm	328	0	next	HP by 50.@	
data.items.descriptions:331:0	text	data/items/descriptions.asm	331	0	db	Restores #MON	
data.items.descriptions:332:0	text	data/items/descriptions.asm	332	0	next	HP by 20.@	
data.items.descriptions:335:0	text	data/items/descriptions.asm	335	0	db	Use for escaping	
data.items.descriptions:336:0	text	data/items/descriptions.asm	336	0	next	from caves, etc.@	
data.items.descriptions:339:0	text	data/items/descriptions.asm	339	0	db	Repels weak #-	
data.items.descriptions:340:0	text	data/items/descriptions.asm	340	0	next	MON for 100 steps.@	
data.items.descriptions:343:0	text	data/items/descriptions.asm	343	0	db	Fully restores the	
data.items.descriptions:344:0	text	data/items/descriptions.asm	344	0	next	PP of one #MON.@	
data.items.descriptions:347:0	text	data/items/descriptions.asm	347	0	db	Evolves certain	
data.items.descriptions:348:0	text	data/items/descriptions.asm	348	0	next	kinds of #MON.@	
data.items.descriptions:351:0	text	data/items/descriptions.asm	351	0	db	Evolves certain	
data.items.descriptions:352:0	text	data/items/descriptions.asm	352	0	next	kinds of #MON.@	
data.items.descriptions:355:0	text	data/items/descriptions.asm	355	0	db	Evolves certain	
data.items.descriptions:356:0	text	data/items/descriptions.asm	356	0	next	kinds of #MON.@	
data.items.descriptions:359:0	text	data/items/descriptions.asm	359	0	db	?@	
data.items.descriptions:362:0	text	data/items/descriptions.asm	362	0	db	Raises the HP of	
data.items.descriptions:363:0	text	data/items/descriptions.asm	363	0	next	one #MON.@	
data.items.descriptions:366:0	text	data/items/descriptions.asm	366	0	db	Raises ATTACK of	
data.items.descriptions:367:0	text	data/items/descriptions.asm	367	0	next	one #MON.@	
data.items.descriptions:370:0	text	data/items/descriptions.asm	370	0	db	Raises DEFENSE of	
data.items.descriptions:371:0	text	data/items/descriptions.asm	371	0	next	one #MON.@	
data.items.descriptions:374:0	text	data/items/descriptions.asm	374	0	db	Raises SPEED of	
data.items.descriptions:375:0	text	data/items/descriptions.asm	375	0	next	one #MON.@	
data.items.descriptions:378:0	text	data/items/descriptions.asm	378	0	db	Ups critical hit	
data.items.descriptions:379:0	text	data/items/descriptions.asm	379	0	next	ratio of CHANSEY.@	
data.items.descriptions:382:0	text	data/items/descriptions.asm	382	0	db	Ups SPECIAL stats	
data.items.descriptions:383:0	text	data/items/descriptions.asm	383	0	next	of one #MON.@	
data.items.descriptions:386:0	text	data/items/descriptions.asm	386	0	db	Raises level of a	
data.items.descriptions:387:0	text	data/items/descriptions.asm	387	0	next	#MON by one.@	
data.items.descriptions:390:0	text	data/items/descriptions.asm	390	0	db	Raises accuracy.	
data.items.descriptions:391:0	text	data/items/descriptions.asm	391	0	next	(1 BTL)@	
data.items.descriptions:394:0	text	data/items/descriptions.asm	394	0	db	Evolves certain	
data.items.descriptions:395:0	text	data/items/descriptions.asm	395	0	next	kinds of #MON.@	
data.items.descriptions:398:0	text	data/items/descriptions.asm	398	0	db	Raises DEFENSE of	
data.items.descriptions:399:0	text	data/items/descriptions.asm	399	0	next	DITTO. (HOLD)@	
data.items.descriptions:402:0	text	data/items/descriptions.asm	402	0	db	Made of pure gold.	
data.items.descriptions:403:0	text	data/items/descriptions.asm	403	0	next	Sell high.@	
data.items.descriptions:406:0	text	data/items/descriptions.asm	406	0	db	Use to escape from	
data.items.descriptions:407:0	text	data/items/descriptions.asm	407	0	next	a wild #MON.@	
data.items.descriptions:410:0	text	data/items/descriptions.asm	410	0	db	Eliminates all	
data.items.descriptions:411:0	text	data/items/descriptions.asm	411	0	next	status problems.@	
data.items.descriptions:414:0	text	data/items/descriptions.asm	414	0	db	Restores a fainted	
data.items.descriptions:415:0	text	data/items/descriptions.asm	415	0	next	#MON to 1/2 HP.@	
data.items.descriptions:418:0	text	data/items/descriptions.asm	418	0	db	Fully restores a	
data.items.descriptions:419:0	text	data/items/descriptions.asm	419	0	next	fainted #MON.@	
data.items.descriptions:422:0	text	data/items/descriptions.asm	422	0	db	Prevents stat	
data.items.descriptions:423:0	text	data/items/descriptions.asm	423	0	next	reduction. (1 BTL)@	
data.items.descriptions:426:0	text	data/items/descriptions.asm	426	0	db	Repels weak #-	
data.items.descriptions:427:0	text	data/items/descriptions.asm	427	0	next	MON for 200 steps.@	
data.items.descriptions:430:0	text	data/items/descriptions.asm	430	0	db	Repels weak #-	
data.items.descriptions:431:0	text	data/items/descriptions.asm	431	0	next	MON for 250 steps.@	
data.items.descriptions:434:0	text	data/items/descriptions.asm	434	0	db	Ups critical hit	
data.items.descriptions:435:0	text	data/items/descriptions.asm	435	0	next	ratio. (1 BTL)@	
data.items.descriptions:438:0	text	data/items/descriptions.asm	438	0	db	?@	
data.items.descriptions:441:0	text	data/items/descriptions.asm	441	0	db	Restores #MON	
data.items.descriptions:442:0	text	data/items/descriptions.asm	442	0	next	HP by 50.@	
data.items.descriptions:445:0	text	data/items/descriptions.asm	445	0	db	Restores #MON	
data.items.descriptions:446:0	text	data/items/descriptions.asm	446	0	next	HP by 60.@	
data.items.descriptions:449:0	text	data/items/descriptions.asm	449	0	db	Restores #MON	
data.items.descriptions:450:0	text	data/items/descriptions.asm	450	0	next	HP by 80.@	
data.items.descriptions:453:0	text	data/items/descriptions.asm	453	0	db	Raises ATTACK.	
data.items.descriptions:454:0	text	data/items/descriptions.asm	454	0	next	(1 BTL)@	
data.items.descriptions:457:0	text	data/items/descriptions.asm	457	0	db	?@	
data.items.descriptions:460:0	text	data/items/descriptions.asm	460	0	db	Raises DEFENSE.	
data.items.descriptions:461:0	text	data/items/descriptions.asm	461	0	next	(1 BTL)@	
data.items.descriptions:464:0	text	data/items/descriptions.asm	464	0	db	Raises SPEED.	
data.items.descriptions:465:0	text	data/items/descriptions.asm	465	0	next	(1 BTL)@	
data.items.descriptions:468:0	text	data/items/descriptions.asm	468	0	db	Raises SPECIAL	
data.items.descriptions:469:0	text	data/items/descriptions.asm	469	0	next	stats. (1 BTL)@	
data.items.descriptions:472:0	text	data/items/descriptions.asm	472	0	db	Holds up to 9,999	
data.items.descriptions:473:0	text	data/items/descriptions.asm	473	0	next	game coins.@	
data.items.descriptions:476:0	text	data/items/descriptions.asm	476	0	db	Checks for unseen	
data.items.descriptions:477:0	text	data/items/descriptions.asm	477	0	next	items in the area.@	
data.items.descriptions:480:0	text	data/items/descriptions.asm	480	0	db	?@	
data.items.descriptions:483:0	text	data/items/descriptions.asm	483	0	db	Shares battle EXP.	
data.items.descriptions:484:0	text	data/items/descriptions.asm	484	0	next	points. (HOLD)@	
data.items.descriptions:487:0	text	data/items/descriptions.asm	487	0	db	Use by water to	
data.items.descriptions:488:0	text	data/items/descriptions.asm	488	0	next	fish for #MON.@	
data.items.descriptions:491:0	text	data/items/descriptions.asm	491	0	db	A good ROD for	
data.items.descriptions:492:0	text	data/items/descriptions.asm	492	0	next	catching #MON.@	
data.items.descriptions:495:0	text	data/items/descriptions.asm	495	0	db	A strange, silver-	
data.items.descriptions:496:0	text	data/items/descriptions.asm	496	0	next	colored leaf.@	
data.items.descriptions:499:0	text	data/items/descriptions.asm	499	0	db	The best ROD for	
data.items.descriptions:500:0	text	data/items/descriptions.asm	500	0	next	catching #MON.@	
data.items.descriptions:503:0	text	data/items/descriptions.asm	503	0	db	Raises max PP of	
data.items.descriptions:504:0	text	data/items/descriptions.asm	504	0	next	a selected move.@	
data.items.descriptions:507:0	text	data/items/descriptions.asm	507	0	db	Restores PP of one	
data.items.descriptions:508:0	text	data/items/descriptions.asm	508	0	next	move by 10.@	
data.items.descriptions:511:0	text	data/items/descriptions.asm	511	0	db	Fully restores PP	
data.items.descriptions:512:0	text	data/items/descriptions.asm	512	0	next	of one move.@	
data.items.descriptions:515:0	text	data/items/descriptions.asm	515	0	db	Restores PP of all	
data.items.descriptions:516:0	text	data/items/descriptions.asm	516	0	next	moves by 10.@	
data.items.descriptions:519:0	text	data/items/descriptions.asm	519	0	db	A scale from the	
data.items.descriptions:520:0	text	data/items/descriptions.asm	520	0	next	red GYARADOS.@	
data.items.descriptions:523:0	text	data/items/descriptions.asm	523	0	db	Fully heals any	
data.items.descriptions:524:0	text	data/items/descriptions.asm	524	0	next	#MON.@	
data.items.descriptions:527:0	text	data/items/descriptions.asm	527	0	db	A ticket for the	
data.items.descriptions:528:0	text	data/items/descriptions.asm	528	0	next	S.S.AQUA.@	
data.items.descriptions:531:0	text	data/items/descriptions.asm	531	0	db	An EGG obtained	
data.items.descriptions:532:0	text	data/items/descriptions.asm	532	0	next	from MR.#MON.@	
data.items.descriptions:535:0	text	data/items/descriptions.asm	535	0	db	?@	
data.items.descriptions:538:0	text	data/items/descriptions.asm	538	0	db	A strange, silver-	
data.items.descriptions:539:0	text	data/items/descriptions.asm	539	0	next	colored feather.@	
data.items.descriptions:542:0	text	data/items/descriptions.asm	542	0	db	Restores #MON	
data.items.descriptions:543:0	text	data/items/descriptions.asm	543	0	next	HP by 100.@	
data.items.descriptions:546:0	text	data/items/descriptions.asm	546	0	db	Raises 1st strike	
data.items.descriptions:547:0	text	data/items/descriptions.asm	547	0	next	ratio. (HOLD)@	
data.items.descriptions:550:0	text	data/items/descriptions.asm	550	0	db	A self-cure for	
data.items.descriptions:551:0	text	data/items/descriptions.asm	551	0	next	poison. (HOLD)@	
data.items.descriptions:554:0	text	data/items/descriptions.asm	554	0	db	A strange, gold-	
data.items.descriptions:555:0	text	data/items/descriptions.asm	555	0	next	colored leaf.@	
data.items.descriptions:558:0	text	data/items/descriptions.asm	558	0	db	Powers up ground-	
data.items.descriptions:559:0	text	data/items/descriptions.asm	559	0	next	type moves. (HOLD)@	
data.items.descriptions:562:0	text	data/items/descriptions.asm	562	0	db	Powers up flying-	
data.items.descriptions:563:0	text	data/items/descriptions.asm	563	0	next	type moves. (HOLD)@	
data.items.descriptions:566:0	text	data/items/descriptions.asm	566	0	db	A self-cure for	
data.items.descriptions:567:0	text	data/items/descriptions.asm	567	0	next	paralysis. (HOLD)@	
data.items.descriptions:570:0	text	data/items/descriptions.asm	570	0	db	A self-cure for	
data.items.descriptions:571:0	text	data/items/descriptions.asm	571	0	next	freezing. (HOLD)@	
data.items.descriptions:574:0	text	data/items/descriptions.asm	574	0	db	A self-heal for a	
data.items.descriptions:575:0	text	data/items/descriptions.asm	575	0	next	burn. (HOLD)@	
data.items.descriptions:578:0	text	data/items/descriptions.asm	578	0	db	Powers up poison-	
data.items.descriptions:579:0	text	data/items/descriptions.asm	579	0	next	type moves. (HOLD)@	
data.items.descriptions:582:0	text	data/items/descriptions.asm	582	0	db	May make the foe	
data.items.descriptions:583:0	text	data/items/descriptions.asm	583	0	next	flinch. (HOLD)@	
data.items.descriptions:586:0	text	data/items/descriptions.asm	586	0	db	A self-cure for	
data.items.descriptions:587:0	text	data/items/descriptions.asm	587	0	next	confusion. (HOLD)@	
data.items.descriptions:590:0	text	data/items/descriptions.asm	590	0	db	A self-awakening	
data.items.descriptions:591:0	text	data/items/descriptions.asm	591	0	next	for sleep. (HOLD)@	
data.items.descriptions:594:0	text	data/items/descriptions.asm	594	0	db	A red APRICORN.@	
data.items.descriptions:597:0	text	data/items/descriptions.asm	597	0	db	An ordinary mush-	
data.items.descriptions:598:0	text	data/items/descriptions.asm	598	0	next	room. Sell low.@	
data.items.descriptions:601:0	text	data/items/descriptions.asm	601	0	db	A rare mushroom.	
data.items.descriptions:602:0	text	data/items/descriptions.asm	602	0	next	Sell high.@	
data.items.descriptions:605:0	text	data/items/descriptions.asm	605	0	db	Powers up bug-type	
data.items.descriptions:606:0	text	data/items/descriptions.asm	606	0	next	moves. (HOLD)@	
data.items.descriptions:609:0	text	data/items/descriptions.asm	609	0	db	A blue APRICORN.@	
data.items.descriptions:612:0	text	data/items/descriptions.asm	612	0	db	?@	
data.items.descriptions:615:0	text	data/items/descriptions.asm	615	0	db	Doubles monetary	
data.items.descriptions:616:0	text	data/items/descriptions.asm	616	0	next	earnings. (HOLD)@	
data.items.descriptions:619:0	text	data/items/descriptions.asm	619	0	db	A yellow APRICORN.@	
data.items.descriptions:622:0	text	data/items/descriptions.asm	622	0	db	A green APRICORN.@	
data.items.descriptions:625:0	text	data/items/descriptions.asm	625	0	db	Helps repel wild	
data.items.descriptions:626:0	text	data/items/descriptions.asm	626	0	next	#MON. (HOLD)@	
data.items.descriptions:629:0	text	data/items/descriptions.asm	629	0	db	Powers up water-	
data.items.descriptions:630:0	text	data/items/descriptions.asm	630	0	next	type moves. (HOLD)@	
data.items.descriptions:633:0	text	data/items/descriptions.asm	633	0	db	Powers up psychic-	
data.items.descriptions:634:0	text	data/items/descriptions.asm	634	0	next	type moves. (HOLD)@	
data.items.descriptions:637:0	text	data/items/descriptions.asm	637	0	db	A white APRICORN.@	
data.items.descriptions:640:0	text	data/items/descriptions.asm	640	0	db	Boosts fighting-	
data.items.descriptions:641:0	text	data/items/descriptions.asm	641	0	next	type moves. (HOLD)@	
data.items.descriptions:644:0	text	data/items/descriptions.asm	644	0	db	A black APRICORN.	
data.items.descriptions:645:0	text	data/items/descriptions.asm	645	0	next	@	
data.items.descriptions:648:0	text	data/items/descriptions.asm	648	0	db	?@	
data.items.descriptions:651:0	text	data/items/descriptions.asm	651	0	db	A pink APRICORN.	
data.items.descriptions:652:0	text	data/items/descriptions.asm	652	0	next	@	
data.items.descriptions:655:0	text	data/items/descriptions.asm	655	0	db	Powers up dark-	
data.items.descriptions:656:0	text	data/items/descriptions.asm	656	0	next	type moves. (HOLD)@	
data.items.descriptions:659:0	text	data/items/descriptions.asm	659	0	db	Very tasty. Sell	
data.items.descriptions:660:0	text	data/items/descriptions.asm	660	0	next	high.@	
data.items.descriptions:663:0	text	data/items/descriptions.asm	663	0	db	Powers up normal-	
data.items.descriptions:664:0	text	data/items/descriptions.asm	664	0	next	type moves. (HOLD)@	
data.items.descriptions:667:0	text	data/items/descriptions.asm	667	0	db	An ordinary stick.	
data.items.descriptions:668:0	text	data/items/descriptions.asm	668	0	next	Sell low.@	
data.items.descriptions:671:0	text	data/items/descriptions.asm	671	0	db	Escape from wild	
data.items.descriptions:672:0	text	data/items/descriptions.asm	672	0	next	#MON. (HOLD)@	
data.items.descriptions:675:0	text	data/items/descriptions.asm	675	0	db	Powers up ice-type	
data.items.descriptions:676:0	text	data/items/descriptions.asm	676	0	next	moves. (HOLD)@	
data.items.descriptions:679:0	text	data/items/descriptions.asm	679	0	db	Boosts electric-	
data.items.descriptions:680:0	text	data/items/descriptions.asm	680	0	next	type moves. (HOLD)@	
data.items.descriptions:683:0	text	data/items/descriptions.asm	683	0	db	Cures all status	
data.items.descriptions:684:0	text	data/items/descriptions.asm	684	0	next	problems. (HOLD)@	
data.items.descriptions:687:0	text	data/items/descriptions.asm	687	0	db	A beautiful pearl.	
data.items.descriptions:688:0	text	data/items/descriptions.asm	688	0	next	Sell low.@	
data.items.descriptions:691:0	text	data/items/descriptions.asm	691	0	db	A big, beautiful	
data.items.descriptions:692:0	text	data/items/descriptions.asm	692	0	next	pearl. Sell high.@	
data.items.descriptions:695:0	text	data/items/descriptions.asm	695	0	db	Stops evolution.	
data.items.descriptions:696:0	text	data/items/descriptions.asm	696	0	next	(HOLD)@	
data.items.descriptions:699:0	text	data/items/descriptions.asm	699	0	db	Powers up ghost-	
data.items.descriptions:700:0	text	data/items/descriptions.asm	700	0	next	type moves. (HOLD)@	
data.items.descriptions:703:0	text	data/items/descriptions.asm	703	0	db	Restores #MON	
data.items.descriptions:704:0	text	data/items/descriptions.asm	704	0	next	HP by 20.@	
data.items.descriptions:707:0	text	data/items/descriptions.asm	707	0	db	?@	
data.items.descriptions:710:0	text	data/items/descriptions.asm	710	0	db	?@	
data.items.descriptions:713:0	text	data/items/descriptions.asm	713	0	db	Powers up grass-	
data.items.descriptions:714:0	text	data/items/descriptions.asm	714	0	next	type moves. (HOLD)@	
data.items.descriptions:717:0	text	data/items/descriptions.asm	717	0	db	A bone of some	
data.items.descriptions:718:0	text	data/items/descriptions.asm	718	0	next	sort. Sell low.@	
data.items.descriptions:721:0	text	data/items/descriptions.asm	721	0	db	May prevent faint-	
data.items.descriptions:722:0	text	data/items/descriptions.asm	722	0	next	ing. (HOLD)@	
data.items.descriptions:725:0	text	data/items/descriptions.asm	725	0	db	?@	
data.items.descriptions:728:0	text	data/items/descriptions.asm	728	0	db	Restores #MON	
data.items.descriptions:729:0	text	data/items/descriptions.asm	729	0	next	HP by 50. Bitter.@	
data.items.descriptions:732:0	text	data/items/descriptions.asm	732	0	db	Restores #MON	
data.items.descriptions:733:0	text	data/items/descriptions.asm	733	0	next	HP by 200. Bitter.@	
data.items.descriptions:736:0	text	data/items/descriptions.asm	736	0	db	Cures all status	
data.items.descriptions:737:0	text	data/items/descriptions.asm	737	0	next	problems. Bitter.@	
data.items.descriptions:740:0	text	data/items/descriptions.asm	740	0	db	Revives fainted	
data.items.descriptions:741:0	text	data/items/descriptions.asm	741	0	next	#MON. Bitter.@	
data.items.descriptions:744:0	text	data/items/descriptions.asm	744	0	db	Powers up rock-	
data.items.descriptions:745:0	text	data/items/descriptions.asm	745	0	next	type moves. (HOLD)@	
data.items.descriptions:748:0	text	data/items/descriptions.asm	748	0	db	Earns extra EXP.	
data.items.descriptions:749:0	text	data/items/descriptions.asm	749	0	next	points. (HOLD)@	
data.items.descriptions:752:0	text	data/items/descriptions.asm	752	0	db	Opens shutters in	
data.items.descriptions:753:0	text	data/items/descriptions.asm	753	0	next	the RADIO TOWER.@	
data.items.descriptions:756:0	text	data/items/descriptions.asm	756	0	db	A machine part for	
data.items.descriptions:757:0	text	data/items/descriptions.asm	757	0	next	the POWER PLANT.@	
data.items.descriptions:760:0	text	data/items/descriptions.asm	760	0	db	?@	
data.items.descriptions:763:0	text	data/items/descriptions.asm	763	0	db	The # DOLL lost	
data.items.descriptions:764:0	text	data/items/descriptions.asm	764	0	next	by the COPYCAT.@	
data.items.descriptions:767:0	text	data/items/descriptions.asm	767	0	db	Pretty, red sand.	
data.items.descriptions:768:0	text	data/items/descriptions.asm	768	0	next	Sell high.@	
data.items.descriptions:771:0	text	data/items/descriptions.asm	771	0	db	A hunk of red gem.	
data.items.descriptions:772:0	text	data/items/descriptions.asm	772	0	next	Sell very high.@	
data.items.descriptions:775:0	text	data/items/descriptions.asm	775	0	db	Opens doors.@	
data.items.descriptions:778:0	text	data/items/descriptions.asm	778	0	db	A ticket for the	
data.items.descriptions:779:0	text	data/items/descriptions.asm	779	0	next	MAGNET TRAIN.@	
data.items.descriptions:782:0	text	data/items/descriptions.asm	782	0	db	?@	
data.items.descriptions:785:0	text	data/items/descriptions.asm	785	0	db	?@	
data.items.descriptions:788:0	text	data/items/descriptions.asm	788	0	db	?@	
data.items.descriptions:791:0	text	data/items/descriptions.asm	791	0	db	Powers up fire-	
data.items.descriptions:792:0	text	data/items/descriptions.asm	792	0	next	type moves. (HOLD)@	
data.items.descriptions:795:0	text	data/items/descriptions.asm	795	0	db	Restores #MON	
data.items.descriptions:796:0	text	data/items/descriptions.asm	796	0	next	HP by 20.@	
data.items.descriptions:799:0	text	data/items/descriptions.asm	799	0	db	Raises critical	
data.items.descriptions:800:0	text	data/items/descriptions.asm	800	0	next	hit ratio. (HOLD)@	
data.items.descriptions:803:0	text	data/items/descriptions.asm	803	0	db	?@	
data.items.descriptions:806:0	text	data/items/descriptions.asm	806	0	db	?@	
data.items.descriptions:809:0	text	data/items/descriptions.asm	809	0	db	Powers up steel-	
data.items.descriptions:810:0	text	data/items/descriptions.asm	810	0	next	type moves. (HOLD)@	
data.items.descriptions:813:0	text	data/items/descriptions.asm	813	0	db	Powers up dragon-	
data.items.descriptions:814:0	text	data/items/descriptions.asm	814	0	next	type moves. (HOLD)@	
data.items.descriptions:817:0	text	data/items/descriptions.asm	817	0	db	?@	
data.items.descriptions:820:0	text	data/items/descriptions.asm	820	0	db	Restores HP during	
data.items.descriptions:821:0	text	data/items/descriptions.asm	821	0	next	battle. (HOLD)@	
data.items.descriptions:824:0	text	data/items/descriptions.asm	824	0	db	?@	
data.items.descriptions:827:0	text	data/items/descriptions.asm	827	0	db	?@	
data.items.descriptions:830:0	text	data/items/descriptions.asm	830	0	db	?@	
data.items.descriptions:833:0	text	data/items/descriptions.asm	833	0	db	A self-restore	
data.items.descriptions:834:0	text	data/items/descriptions.asm	834	0	next	for PP. (HOLD)@	
data.items.descriptions:837:0	text	data/items/descriptions.asm	837	0	db	A rare dragon-type	
data.items.descriptions:838:0	text	data/items/descriptions.asm	838	0	next	item.@	
data.items.descriptions:841:0	text	data/items/descriptions.asm	841	0	db	Boosts ATTACK but	
data.items.descriptions:842:0	text	data/items/descriptions.asm	842	0	next	causes confusion.@	
data.items.descriptions:845:0	text	data/items/descriptions.asm	845	0	db	?@	
data.items.descriptions:848:0	text	data/items/descriptions.asm	848	0	db	?@	
data.items.descriptions:851:0	text	data/items/descriptions.asm	851	0	db	?@	
data.items.descriptions:854:0	text	data/items/descriptions.asm	854	0	db	Fully revives all	
data.items.descriptions:855:0	text	data/items/descriptions.asm	855	0	next	fainted #MON.@	
data.items.descriptions:858:0	text	data/items/descriptions.asm	858	0	db	A BALL for catch-	
data.items.descriptions:859:0	text	data/items/descriptions.asm	859	0	next	ing heavy #MON.@	
data.items.descriptions:862:0	text	data/items/descriptions.asm	862	0	db	Flower-print MAIL.	
data.items.descriptions:863:0	text	data/items/descriptions.asm	863	0	next	(HOLD)@	
data.items.descriptions:866:0	text	data/items/descriptions.asm	866	0	db	A BALL for lower-	
data.items.descriptions:867:0	text	data/items/descriptions.asm	867	0	next	level #MON.@	
data.items.descriptions:870:0	text	data/items/descriptions.asm	870	0	db	A BALL for #MON	
data.items.descriptions:871:0	text	data/items/descriptions.asm	871	0	next	hooked by a ROD.@	
data.items.descriptions:874:0	text	data/items/descriptions.asm	874	0	db	A BALL for catch-	
data.items.descriptions:875:0	text	data/items/descriptions.asm	875	0	next	ing fast #MON.@	
data.items.descriptions:878:0	text	data/items/descriptions.asm	878	0	db	?@	
data.items.descriptions:881:0	text	data/items/descriptions.asm	881	0	db	An odd, electrical	
data.items.descriptions:882:0	text	data/items/descriptions.asm	882	0	next	orb. (HOLD)@	
data.items.descriptions:885:0	text	data/items/descriptions.asm	885	0	db	A BALL that makes	
data.items.descriptions:886:0	text	data/items/descriptions.asm	886	0	next	#MON friendly.@	
data.items.descriptions:889:0	text	data/items/descriptions.asm	889	0	db	A BALL for MOON	
data.items.descriptions:890:0	text	data/items/descriptions.asm	890	0	next	STONE evolvers.@	
data.items.descriptions:893:0	text	data/items/descriptions.asm	893	0	db	For catching the	
data.items.descriptions:894:0	text	data/items/descriptions.asm	894	0	next	opposite gender.@	
data.items.descriptions:897:0	text	data/items/descriptions.asm	897	0	db	Open it and see	
data.items.descriptions:898:0	text	data/items/descriptions.asm	898	0	next	what's inside.@	
data.items.descriptions:901:0	text	data/items/descriptions.asm	901	0	db	Open it and see	
data.items.descriptions:902:0	text	data/items/descriptions.asm	902	0	next	what's inside.@	
data.items.descriptions:905:0	text	data/items/descriptions.asm	905	0	db	Evolves certain	
data.items.descriptions:906:0	text	data/items/descriptions.asm	906	0	next	kinds of #MON.@	
data.items.descriptions:909:0	text	data/items/descriptions.asm	909	0	db	Powers up normal-	
data.items.descriptions:910:0	text	data/items/descriptions.asm	910	0	next	type moves. (HOLD)@	
data.items.descriptions:913:0	text	data/items/descriptions.asm	913	0	db	?@	
data.items.descriptions:916:0	text	data/items/descriptions.asm	916	0	db	A mysterious box	
data.items.descriptions:917:0	text	data/items/descriptions.asm	917	0	next	made by SILPH CO.@	
data.items.descriptions:920:0	text	data/items/descriptions.asm	920	0	db	A self-restore	
data.items.descriptions:921:0	text	data/items/descriptions.asm	921	0	next	item. (10HP, HOLD)@	
data.items.descriptions:924:0	text	data/items/descriptions.asm	924	0	db	A self-restore	
data.items.descriptions:925:0	text	data/items/descriptions.asm	925	0	next	item. (30HP, HOLD)@	
data.items.descriptions:928:0	text	data/items/descriptions.asm	928	0	db	A bottle used for	
data.items.descriptions:929:0	text	data/items/descriptions.asm	929	0	next	watering plants.@	
data.items.descriptions:932:0	text	data/items/descriptions.asm	932	0	db	?@	
data.items.descriptions:935:0	text	data/items/descriptions.asm	935	0	db	The Bug-Catching	
data.items.descriptions:936:0	text	data/items/descriptions.asm	936	0	next	Contest BALL.@	
data.items.descriptions:939:0	text	data/items/descriptions.asm	939	0	db	A mystical feather	
data.items.descriptions:940:0	text	data/items/descriptions.asm	940	0	next	of rainbow colors.@	
data.items.descriptions:943:0	text	data/items/descriptions.asm	943	0	db	?@	
data.items.descriptions:946:0	text	data/items/descriptions.asm	946	0	db	A rare chunk of	
data.items.descriptions:947:0	text	data/items/descriptions.asm	947	0	next	brick.@	
data.items.descriptions:950:0	text	data/items/descriptions.asm	950	0	db	LAPRAS-print MAIL.	
data.items.descriptions:951:0	text	data/items/descriptions.asm	951	0	next	(HOLD)@	
data.items.descriptions:954:0	text	data/items/descriptions.asm	954	0	db	DRATINI-print	
data.items.descriptions:955:0	text	data/items/descriptions.asm	955	0	next	MAIL. (HOLD)@	
data.items.descriptions:958:0	text	data/items/descriptions.asm	958	0	db	MAIL featuring the	
data.items.descriptions:959:0	text	data/items/descriptions.asm	959	0	next	holder's likeness.@	
data.items.descriptions:962:0	text	data/items/descriptions.asm	962	0	db	Heart-print MAIL.	
data.items.descriptions:963:0	text	data/items/descriptions.asm	963	0	next	(HOLD)@	
data.items.descriptions:966:0	text	data/items/descriptions.asm	966	0	db	EEVEE-print MAIL.	
data.items.descriptions:967:0	text	data/items/descriptions.asm	967	0	next	(HOLD)@	
data.items.descriptions:970:0	text	data/items/descriptions.asm	970	0	db	DITTO-print MAIL.	
data.items.descriptions:971:0	text	data/items/descriptions.asm	971	0	next	(HOLD)@	
data.items.descriptions:974:0	text	data/items/descriptions.asm	974	0	db	Sky-print MAIL.	
data.items.descriptions:975:0	text	data/items/descriptions.asm	975	0	next	(HOLD)@	
data.items.descriptions:978:0	text	data/items/descriptions.asm	978	0	db	NATU-print MAIL.	
data.items.descriptions:979:0	text	data/items/descriptions.asm	979	0	next	(HOLD)@	
data.items.descriptions:982:0	text	data/items/descriptions.asm	982	0	db	MEW-print MAIL.	
data.items.descriptions:983:0	text	data/items/descriptions.asm	983	0	next	(HOLD)@	
data.items.descriptions:986:0	text	data/items/descriptions.asm	986	0	db	?@	
data.items.descriptions:989:0	text	data/items/descriptions.asm	989	0	db	?@	
data.items.descriptions:992:0	text	data/items/descriptions.asm	992	0	db	?@	
data.items.descriptions:995:0	text	data/items/descriptions.asm	995	0	db	?@	
data.items.descriptions:998:0	text	data/items/descriptions.asm	998	0	db	?@	
data.items.descriptions:1001:0	text	data/items/descriptions.asm	1001	0	db	?@	
data.items.descriptions:1004:0	text	data/items/descriptions.asm	1004	0	db	?@	
data.items.descriptions:1007:0	text	data/items/descriptions.asm	1007	0	db	?@	
data.items.descriptions:1010:0	text	data/items/descriptions.asm	1010	0	db	?@	
data.items.names:3:0	text	data/items/names.asm	3	0	li	MASTER BALL	
data.items.names:4:0	text	data/items/names.asm	4	0	li	ULTRA BALL	
data.items.names:5:0	text	data/items/names.asm	5	0	li	BRIGHTPOWDER	
data.items.names:6:0	text	data/items/names.asm	6	0	li	GREAT BALL	
data.items.names:7:0	text	data/items/names.asm	7	0	li	# BALL	
data.items.names:8:0	text	data/items/names.asm	8	0	li	TERU-SAMA	
data.items.names:9:0	text	data/items/names.asm	9	0	li	BICYCLE	
data.items.names:10:0	text	data/items/names.asm	10	0	li	MOON STONE	
data.items.names:11:0	text	data/items/names.asm	11	0	li	ANTIDOTE	
data.items.names:12:0	text	data/items/names.asm	12	0	li	BURN HEAL	
data.items.names:13:0	text	data/items/names.asm	13	0	li	ICE HEAL	
data.items.names:14:0	text	data/items/names.asm	14	0	li	AWAKENING	
data.items.names:15:0	text	data/items/names.asm	15	0	li	PARLYZ HEAL	
data.items.names:16:0	text	data/items/names.asm	16	0	li	FULL RESTORE	
data.items.names:17:0	text	data/items/names.asm	17	0	li	MAX POTION	
data.items.names:18:0	text	data/items/names.asm	18	0	li	HYPER POTION	
data.items.names:19:0	text	data/items/names.asm	19	0	li	SUPER POTION	
data.items.names:20:0	text	data/items/names.asm	20	0	li	POTION	
data.items.names:21:0	text	data/items/names.asm	21	0	li	ESCAPE ROPE	
data.items.names:22:0	text	data/items/names.asm	22	0	li	REPEL	
data.items.names:23:0	text	data/items/names.asm	23	0	li	MAX ELIXER	
data.items.names:24:0	text	data/items/names.asm	24	0	li	FIRE STONE	
data.items.names:25:0	text	data/items/names.asm	25	0	li	THUNDERSTONE	
data.items.names:26:0	text	data/items/names.asm	26	0	li	WATER STONE	
data.items.names:27:0	text	data/items/names.asm	27	0	li	TERU-SAMA	
data.items.names:28:0	text	data/items/names.asm	28	0	li	HP UP	
data.items.names:29:0	text	data/items/names.asm	29	0	li	PROTEIN	
data.items.names:30:0	text	data/items/names.asm	30	0	li	IRON	
data.items.names:31:0	text	data/items/names.asm	31	0	li	CARBOS	
data.items.names:32:0	text	data/items/names.asm	32	0	li	LUCKY PUNCH	
data.items.names:33:0	text	data/items/names.asm	33	0	li	CALCIUM	
data.items.names:34:0	text	data/items/names.asm	34	0	li	RARE CANDY	
data.items.names:35:0	text	data/items/names.asm	35	0	li	X ACCURACY	
data.items.names:36:0	text	data/items/names.asm	36	0	li	LEAF STONE	
data.items.names:37:0	text	data/items/names.asm	37	0	li	METAL POWDER	
data.items.names:38:0	text	data/items/names.asm	38	0	li	NUGGET	
data.items.names:39:0	text	data/items/names.asm	39	0	li	# DOLL	
data.items.names:40:0	text	data/items/names.asm	40	0	li	FULL HEAL	
data.items.names:41:0	text	data/items/names.asm	41	0	li	REVIVE	
data.items.names:42:0	text	data/items/names.asm	42	0	li	MAX REVIVE	
data.items.names:43:0	text	data/items/names.asm	43	0	li	GUARD SPEC.	
data.items.names:44:0	text	data/items/names.asm	44	0	li	SUPER REPEL	
data.items.names:45:0	text	data/items/names.asm	45	0	li	MAX REPEL	
data.items.names:46:0	text	data/items/names.asm	46	0	li	DIRE HIT	
data.items.names:47:0	text	data/items/names.asm	47	0	li	TERU-SAMA	
data.items.names:48:0	text	data/items/names.asm	48	0	li	FRESH WATER	
data.items.names:49:0	text	data/items/names.asm	49	0	li	SODA POP	
data.items.names:50:0	text	data/items/names.asm	50	0	li	LEMONADE	
data.items.names:51:0	text	data/items/names.asm	51	0	li	X ATTACK	
data.items.names:52:0	text	data/items/names.asm	52	0	li	TERU-SAMA	
data.items.names:53:0	text	data/items/names.asm	53	0	li	X DEFEND	
data.items.names:54:0	text	data/items/names.asm	54	0	li	X SPEED	
data.items.names:55:0	text	data/items/names.asm	55	0	li	X SPECIAL	
data.items.names:56:0	text	data/items/names.asm	56	0	li	COIN CASE	
data.items.names:57:0	text	data/items/names.asm	57	0	li	ITEMFINDER	
data.items.names:58:0	text	data/items/names.asm	58	0	li	TERU-SAMA	
data.items.names:59:0	text	data/items/names.asm	59	0	li	EXP.SHARE	
data.items.names:60:0	text	data/items/names.asm	60	0	li	OLD ROD	
data.items.names:61:0	text	data/items/names.asm	61	0	li	GOOD ROD	
data.items.names:62:0	text	data/items/names.asm	62	0	li	SILVER LEAF	
data.items.names:63:0	text	data/items/names.asm	63	0	li	SUPER ROD	
data.items.names:64:0	text	data/items/names.asm	64	0	li	PP UP	
data.items.names:65:0	text	data/items/names.asm	65	0	li	ETHER	
data.items.names:66:0	text	data/items/names.asm	66	0	li	MAX ETHER	
data.items.names:67:0	text	data/items/names.asm	67	0	li	ELIXER	
data.items.names:68:0	text	data/items/names.asm	68	0	li	RED SCALE	
data.items.names:69:0	text	data/items/names.asm	69	0	li	SECRETPOTION	
data.items.names:70:0	text	data/items/names.asm	70	0	li	S.S.TICKET	
data.items.names:71:0	text	data/items/names.asm	71	0	li	MYSTERY EGG	
data.items.names:72:0	text	data/items/names.asm	72	0	li	TERU-SAMA	
data.items.names:73:0	text	data/items/names.asm	73	0	li	SILVER WING	
data.items.names:74:0	text	data/items/names.asm	74	0	li	MOOMOO MILK	
data.items.names:75:0	text	data/items/names.asm	75	0	li	QUICK CLAW	
data.items.names:76:0	text	data/items/names.asm	76	0	li	PSNCUREBERRY	
data.items.names:77:0	text	data/items/names.asm	77	0	li	GOLD LEAF	
data.items.names:78:0	text	data/items/names.asm	78	0	li	SOFT SAND	
data.items.names:79:0	text	data/items/names.asm	79	0	li	SHARP BEAK	
data.items.names:80:0	text	data/items/names.asm	80	0	li	PRZCUREBERRY	
data.items.names:81:0	text	data/items/names.asm	81	0	li	BURNT BERRY	
data.items.names:82:0	text	data/items/names.asm	82	0	li	ICE BERRY	
data.items.names:83:0	text	data/items/names.asm	83	0	li	POISON BARB	
data.items.names:84:0	text	data/items/names.asm	84	0	li	KING'S ROCK	
data.items.names:85:0	text	data/items/names.asm	85	0	li	BITTER BERRY	
data.items.names:86:0	text	data/items/names.asm	86	0	li	MINT BERRY	
data.items.names:87:0	text	data/items/names.asm	87	0	li	RED APRICORN	
data.items.names:88:0	text	data/items/names.asm	88	0	li	TINYMUSHROOM	
data.items.names:89:0	text	data/items/names.asm	89	0	li	BIG MUSHROOM	
data.items.names:90:0	text	data/items/names.asm	90	0	li	SILVERPOWDER	
data.items.names:91:0	text	data/items/names.asm	91	0	li	BLU APRICORN	
data.items.names:92:0	text	data/items/names.asm	92	0	li	TERU-SAMA	
data.items.names:93:0	text	data/items/names.asm	93	0	li	AMULET COIN	
data.items.names:94:0	text	data/items/names.asm	94	0	li	YLW APRICORN	
data.items.names:95:0	text	data/items/names.asm	95	0	li	GRN APRICORN	
data.items.names:96:0	text	data/items/names.asm	96	0	li	CLEANSE TAG	
data.items.names:97:0	text	data/items/names.asm	97	0	li	MYSTIC WATER	
data.items.names:98:0	text	data/items/names.asm	98	0	li	TWISTEDSPOON	
data.items.names:99:0	text	data/items/names.asm	99	0	li	WHT APRICORN	
data.items.names:100:0	text	data/items/names.asm	100	0	li	BLACKBELT	
data.items.names:101:0	text	data/items/names.asm	101	0	li	BLK APRICORN	
data.items.names:102:0	text	data/items/names.asm	102	0	li	TERU-SAMA	
data.items.names:103:0	text	data/items/names.asm	103	0	li	PNK APRICORN	
data.items.names:104:0	text	data/items/names.asm	104	0	li	BLACKGLASSES	
data.items.names:105:0	text	data/items/names.asm	105	0	li	SLOWPOKETAIL	
data.items.names:106:0	text	data/items/names.asm	106	0	li	PINK BOW	
data.items.names:107:0	text	data/items/names.asm	107	0	li	STICK	
data.items.names:108:0	text	data/items/names.asm	108	0	li	SMOKE BALL	
data.items.names:109:0	text	data/items/names.asm	109	0	li	NEVERMELTICE	
data.items.names:110:0	text	data/items/names.asm	110	0	li	MAGNET	
data.items.names:111:0	text	data/items/names.asm	111	0	li	MIRACLEBERRY	
data.items.names:112:0	text	data/items/names.asm	112	0	li	PEARL	
data.items.names:113:0	text	data/items/names.asm	113	0	li	BIG PEARL	
data.items.names:114:0	text	data/items/names.asm	114	0	li	EVERSTONE	
data.items.names:115:0	text	data/items/names.asm	115	0	li	SPELL TAG	
data.items.names:116:0	text	data/items/names.asm	116	0	li	RAGECANDYBAR	
data.items.names:117:0	text	data/items/names.asm	117	0	li	TERU-SAMA	
data.items.names:118:0	text	data/items/names.asm	118	0	li	TERU-SAMA	
data.items.names:119:0	text	data/items/names.asm	119	0	li	MIRACLE SEED	
data.items.names:120:0	text	data/items/names.asm	120	0	li	THICK CLUB	
data.items.names:121:0	text	data/items/names.asm	121	0	li	FOCUS BAND	
data.items.names:122:0	text	data/items/names.asm	122	0	li	TERU-SAMA	
data.items.names:123:0	text	data/items/names.asm	123	0	li	ENERGYPOWDER	
data.items.names:124:0	text	data/items/names.asm	124	0	li	ENERGY ROOT	
data.items.names:125:0	text	data/items/names.asm	125	0	li	HEAL POWDER	
data.items.names:126:0	text	data/items/names.asm	126	0	li	REVIVAL HERB	
data.items.names:127:0	text	data/items/names.asm	127	0	li	HARD STONE	
data.items.names:128:0	text	data/items/names.asm	128	0	li	LUCKY EGG	
data.items.names:129:0	text	data/items/names.asm	129	0	li	CARD KEY	
data.items.names:130:0	text	data/items/names.asm	130	0	li	MACHINE PART	
data.items.names:131:0	text	data/items/names.asm	131	0	li	TERU-SAMA	
data.items.names:132:0	text	data/items/names.asm	132	0	li	LOST ITEM	
data.items.names:133:0	text	data/items/names.asm	133	0	li	STARDUST	
data.items.names:134:0	text	data/items/names.asm	134	0	li	STAR PIECE	
data.items.names:135:0	text	data/items/names.asm	135	0	li	BASEMENT KEY	
data.items.names:136:0	text	data/items/names.asm	136	0	li	PASS	
data.items.names:137:0	text	data/items/names.asm	137	0	li	TERU-SAMA	
data.items.names:138:0	text	data/items/names.asm	138	0	li	TERU-SAMA	
data.items.names:139:0	text	data/items/names.asm	139	0	li	TERU-SAMA	
data.items.names:140:0	text	data/items/names.asm	140	0	li	CHARCOAL	
data.items.names:141:0	text	data/items/names.asm	141	0	li	BERRY JUICE	
data.items.names:142:0	text	data/items/names.asm	142	0	li	SCOPE LENS	
data.items.names:143:0	text	data/items/names.asm	143	0	li	TERU-SAMA	
data.items.names:144:0	text	data/items/names.asm	144	0	li	TERU-SAMA	
data.items.names:145:0	text	data/items/names.asm	145	0	li	METAL COAT	
data.items.names:146:0	text	data/items/names.asm	146	0	li	DRAGON FANG	
data.items.names:147:0	text	data/items/names.asm	147	0	li	TERU-SAMA	
data.items.names:148:0	text	data/items/names.asm	148	0	li	LEFTOVERS	
data.items.names:149:0	text	data/items/names.asm	149	0	li	TERU-SAMA	
data.items.names:150:0	text	data/items/names.asm	150	0	li	TERU-SAMA	
data.items.names:151:0	text	data/items/names.asm	151	0	li	TERU-SAMA	
data.items.names:152:0	text	data/items/names.asm	152	0	li	MYSTERYBERRY	
data.items.names:153:0	text	data/items/names.asm	153	0	li	DRAGON SCALE	
data.items.names:154:0	text	data/items/names.asm	154	0	li	BERSERK GENE	
data.items.names:155:0	text	data/items/names.asm	155	0	li	TERU-SAMA	
data.items.names:156:0	text	data/items/names.asm	156	0	li	TERU-SAMA	
data.items.names:157:0	text	data/items/names.asm	157	0	li	TERU-SAMA	
data.items.names:158:0	text	data/items/names.asm	158	0	li	SACRED ASH	
data.items.names:159:0	text	data/items/names.asm	159	0	li	HEAVY BALL	
data.items.names:160:0	text	data/items/names.asm	160	0	li	FLOWER MAIL	
data.items.names:161:0	text	data/items/names.asm	161	0	li	LEVEL BALL	
data.items.names:162:0	text	data/items/names.asm	162	0	li	LURE BALL	
data.items.names:163:0	text	data/items/names.asm	163	0	li	FAST BALL	
data.items.names:164:0	text	data/items/names.asm	164	0	li	TERU-SAMA	
data.items.names:165:0	text	data/items/names.asm	165	0	li	LIGHT BALL	
data.items.names:166:0	text	data/items/names.asm	166	0	li	FRIEND BALL	
data.items.names:167:0	text	data/items/names.asm	167	0	li	MOON BALL	
data.items.names:168:0	text	data/items/names.asm	168	0	li	LOVE BALL	
data.items.names:169:0	text	data/items/names.asm	169	0	li	NORMAL BOX	
data.items.names:170:0	text	data/items/names.asm	170	0	li	GORGEOUS BOX	
data.items.names:171:0	text	data/items/names.asm	171	0	li	SUN STONE	
data.items.names:172:0	text	data/items/names.asm	172	0	li	POLKADOT BOW	
data.items.names:173:0	text	data/items/names.asm	173	0	li	TERU-SAMA	
data.items.names:174:0	text	data/items/names.asm	174	0	li	UP-GRADE	
data.items.names:175:0	text	data/items/names.asm	175	0	li	BERRY	
data.items.names:176:0	text	data/items/names.asm	176	0	li	GOLD BERRY	
data.items.names:177:0	text	data/items/names.asm	177	0	li	SQUIRTBOTTLE	
data.items.names:178:0	text	data/items/names.asm	178	0	li	TERU-SAMA	
data.items.names:179:0	text	data/items/names.asm	179	0	li	PARK BALL	
data.items.names:180:0	text	data/items/names.asm	180	0	li	RAINBOW WING	
data.items.names:181:0	text	data/items/names.asm	181	0	li	TERU-SAMA	
data.items.names:182:0	text	data/items/names.asm	182	0	li	BRICK PIECE	
data.items.names:183:0	text	data/items/names.asm	183	0	li	SURF MAIL	
data.items.names:184:0	text	data/items/names.asm	184	0	li	LITEBLUEMAIL	
data.items.names:185:0	text	data/items/names.asm	185	0	li	PORTRAITMAIL	
data.items.names:186:0	text	data/items/names.asm	186	0	li	LOVELY MAIL	
data.items.names:187:0	text	data/items/names.asm	187	0	li	EON MAIL	
data.items.names:188:0	text	data/items/names.asm	188	0	li	MORPH MAIL	
data.items.names:189:0	text	data/items/names.asm	189	0	li	BLUESKY MAIL	
data.items.names:190:0	text	data/items/names.asm	190	0	li	MUSIC MAIL	
data.items.names:191:0	text	data/items/names.asm	191	0	li	MIRAGE MAIL	
data.items.names:192:0	text	data/items/names.asm	192	0	li	TERU-SAMA	
data.items.names:194:0	text	data/items/names.asm	194	0	li	TM01	
data.items.names:195:0	text	data/items/names.asm	195	0	li	TM02	
data.items.names:196:0	text	data/items/names.asm	196	0	li	TM03	
data.items.names:197:0	text	data/items/names.asm	197	0	li	TM04	
data.items.names:198:0	text	data/items/names.asm	198	0	li	TERU-SAMA	
data.items.names:199:0	text	data/items/names.asm	199	0	li	TM05	
data.items.names:200:0	text	data/items/names.asm	200	0	li	TM06	
data.items.names:201:0	text	data/items/names.asm	201	0	li	TM07	
data.items.names:202:0	text	data/items/names.asm	202	0	li	TM08	
data.items.names:203:0	text	data/items/names.asm	203	0	li	TM09	
data.items.names:204:0	text	data/items/names.asm	204	0	li	TM10	
data.items.names:205:0	text	data/items/names.asm	205	0	li	TM11	
data.items.names:206:0	text	data/items/names.asm	206	0	li	TM12	
data.items.names:207:0	text	data/items/names.asm	207	0	li	TM13	
data.items.names:208:0	text	data/items/names.asm	208	0	li	TM14	
data.items.names:209:0	text	data/items/names.asm	209	0	li	TM15	
data.items.names:210:0	text	data/items/names.asm	210	0	li	TM16	
data.items.names:211:0	text	data/items/names.asm	211	0	li	TM17	
data.items.names:212:0	text	data/items/names.asm	212	0	li	TM18	
data.items.names:213:0	text	data/items/names.asm	213	0	li	TM19	
data.items.names:214:0	text	data/items/names.asm	214	0	li	TM20	
data.items.names:215:0	text	data/items/names.asm	215	0	li	TM21	
data.items.names:216:0	text	data/items/names.asm	216	0	li	TM22	
data.items.names:217:0	text	data/items/names.asm	217	0	li	TM23	
data.items.names:218:0	text	data/items/names.asm	218	0	li	TM24	
data.items.names:219:0	text	data/items/names.asm	219	0	li	TM25	
data.items.names:220:0	text	data/items/names.asm	220	0	li	TM26	
data.items.names:221:0	text	data/items/names.asm	221	0	li	TM27	
data.items.names:222:0	text	data/items/names.asm	222	0	li	TM28	
data.items.names:223:0	text	data/items/names.asm	223	0	li	TERU-SAMA	
data.items.names:224:0	text	data/items/names.asm	224	0	li	TM29	
data.items.names:225:0	text	data/items/names.asm	225	0	li	TM30	
data.items.names:226:0	text	data/items/names.asm	226	0	li	TM31	
data.items.names:227:0	text	data/items/names.asm	227	0	li	TM32	
data.items.names:228:0	text	data/items/names.asm	228	0	li	TM33	
data.items.names:229:0	text	data/items/names.asm	229	0	li	TM34	
data.items.names:230:0	text	data/items/names.asm	230	0	li	TM35	
data.items.names:231:0	text	data/items/names.asm	231	0	li	TM36	
data.items.names:232:0	text	data/items/names.asm	232	0	li	TM37	
data.items.names:233:0	text	data/items/names.asm	233	0	li	TM38	
data.items.names:234:0	text	data/items/names.asm	234	0	li	TM39	
data.items.names:235:0	text	data/items/names.asm	235	0	li	TM40	
data.items.names:236:0	text	data/items/names.asm	236	0	li	TM41	
data.items.names:237:0	text	data/items/names.asm	237	0	li	TM42	
data.items.names:238:0	text	data/items/names.asm	238	0	li	TM43	
data.items.names:239:0	text	data/items/names.asm	239	0	li	TM44	
data.items.names:240:0	text	data/items/names.asm	240	0	li	TM45	
data.items.names:241:0	text	data/items/names.asm	241	0	li	TM46	
data.items.names:242:0	text	data/items/names.asm	242	0	li	TM47	
data.items.names:243:0	text	data/items/names.asm	243	0	li	TM48	
data.items.names:244:0	text	data/items/names.asm	244	0	li	TM49	
data.items.names:245:0	text	data/items/names.asm	245	0	li	TM50	
data.items.names:247:0	text	data/items/names.asm	247	0	li	HM01	
data.items.names:248:0	text	data/items/names.asm	248	0	li	HM02	
data.items.names:249:0	text	data/items/names.asm	249	0	li	HM03	
data.items.names:250:0	text	data/items/names.asm	250	0	li	HM04	
data.items.names:251:0	text	data/items/names.asm	251	0	li	HM05	
data.items.names:252:0	text	data/items/names.asm	252	0	li	HM06	
data.items.names:253:0	text	data/items/names.asm	253	0	li	HM07	
data.items.names:255:0	text	data/items/names.asm	255	0	li	TERU-SAMA	
data.items.names:256:0	text	data/items/names.asm	256	0	li	TERU-SAMA	
data.items.names:257:0	text	data/items/names.asm	257	0	li	TERU-SAMA	
data.items.names:258:0	text	data/items/names.asm	258	0	li	TERU-SAMA	
data.items.names:259:0	text	data/items/names.asm	259	0	li	TERU-SAMA	
data.items.names:260:0	text	data/items/names.asm	260	0	li	TERU-SAMA	
data.items.names:261:0	text	data/items/names.asm	261	0	li	?	
data.items.pocket_names:10:0	menu	data/items/pocket_names.asm	10	0	db	ITEM POCKET@	道具袋
data.items.pocket_names:11:0	menu	data/items/pocket_names.asm	11	0	db	KEY POCKET@	重要袋
data.items.pocket_names:12:0	menu	data/items/pocket_names.asm	12	0	db	BALL POCKET@	精灵球袋
data.items.pocket_names:13:0	menu	data/items/pocket_names.asm	13	0	db	TM POCKET@	招式机袋
data.maps.landmarks:108:0	text	data/maps/landmarks.asm	108	0	db	NEW BARK<BSP>TOWN@	
data.maps.landmarks:109:0	text	data/maps/landmarks.asm	109	0	db	CHERRYGROVE<BSP>CITY@	
data.maps.landmarks:110:0	text	data/maps/landmarks.asm	110	0	db	VIOLET CITY@	
data.maps.landmarks:111:0	text	data/maps/landmarks.asm	111	0	db	AZALEA TOWN@	
data.maps.landmarks:112:0	text	data/maps/landmarks.asm	112	0	db	GOLDENROD<BSP>CITY@	
data.maps.landmarks:113:0	text	data/maps/landmarks.asm	113	0	db	ECRUTEAK<BSP>CITY@	
data.maps.landmarks:114:0	text	data/maps/landmarks.asm	114	0	db	OLIVINE<BSP>CITY@	
data.maps.landmarks:115:0	text	data/maps/landmarks.asm	115	0	db	CIANWOOD<BSP>CITY@	
data.maps.landmarks:116:0	text	data/maps/landmarks.asm	116	0	db	MAHOGANY<BSP>TOWN@	
data.maps.landmarks:117:0	text	data/maps/landmarks.asm	117	0	db	BLACKTHORN<BSP>CITY@	
data.maps.landmarks:118:0	text	data/maps/landmarks.asm	118	0	db	LAKE OF<BSP>RAGE@	
data.maps.landmarks:119:0	text	data/maps/landmarks.asm	119	0	db	SILVER CAVE@	
data.maps.landmarks:120:0	text	data/maps/landmarks.asm	120	0	db	SPROUT<BSP>TOWER@	
data.maps.landmarks:121:0	text	data/maps/landmarks.asm	121	0	db	RUINS<BSP>OF ALPH@	
data.maps.landmarks:122:0	text	data/maps/landmarks.asm	122	0	db	UNION CAVE@	
data.maps.landmarks:123:0	text	data/maps/landmarks.asm	123	0	db	SLOWPOKE<BSP>WELL@	
data.maps.landmarks:124:0	text	data/maps/landmarks.asm	124	0	db	RADIO TOWER@	
data.maps.landmarks:125:0	text	data/maps/landmarks.asm	125	0	db	POWER PLANT@	
data.maps.landmarks:126:0	text	data/maps/landmarks.asm	126	0	db	NATIONAL<BSP>PARK@	
data.maps.landmarks:127:0	text	data/maps/landmarks.asm	127	0	db	TIN TOWER@	
data.maps.landmarks:128:0	text	data/maps/landmarks.asm	128	0	db	LIGHTHOUSE@	
data.maps.landmarks:129:0	text	data/maps/landmarks.asm	129	0	db	WHIRL<BSP>ISLANDS@	
data.maps.landmarks:130:0	text	data/maps/landmarks.asm	130	0	db	MT.MORTAR@	
data.maps.landmarks:131:0	text	data/maps/landmarks.asm	131	0	db	DRAGON'S<BSP>DEN@	
data.maps.landmarks:132:0	text	data/maps/landmarks.asm	132	0	db	ICE PATH@	
data.maps.landmarks:133:0	text	data/maps/landmarks.asm	133	0	db	N/A@	
data.maps.landmarks:134:0	text	data/maps/landmarks.asm	134	0	db	PALLET TOWN@	
data.maps.landmarks:135:0	text	data/maps/landmarks.asm	135	0	db	VIRIDIAN<BSP>CITY@	
data.maps.landmarks:136:0	text	data/maps/landmarks.asm	136	0	db	PEWTER CITY@	
data.maps.landmarks:137:0	text	data/maps/landmarks.asm	137	0	db	CERULEAN<BSP>CITY@	
data.maps.landmarks:138:0	text	data/maps/landmarks.asm	138	0	db	LAVENDER<BSP>TOWN@	
data.maps.landmarks:139:0	text	data/maps/landmarks.asm	139	0	db	VERMILION<BSP>CITY@	
data.maps.landmarks:140:0	text	data/maps/landmarks.asm	140	0	db	CELADON<BSP>CITY@	
data.maps.landmarks:141:0	text	data/maps/landmarks.asm	141	0	db	SAFFRON<BSP>CITY@	
data.maps.landmarks:142:0	text	data/maps/landmarks.asm	142	0	db	FUCHSIA<BSP>CITY@	
data.maps.landmarks:143:0	text	data/maps/landmarks.asm	143	0	db	CINNABAR<BSP>ISLAND@	
data.maps.landmarks:144:0	text	data/maps/landmarks.asm	144	0	db	INDIGO<BSP>PLATEAU@	
data.maps.landmarks:145:0	text	data/maps/landmarks.asm	145	0	db	VICTORY<BSP>ROAD@	
data.maps.landmarks:146:0	text	data/maps/landmarks.asm	146	0	db	MT.MOON@	
data.maps.landmarks:147:0	text	data/maps/landmarks.asm	147	0	db	ROCK TUNNEL@	
data.maps.landmarks:148:0	text	data/maps/landmarks.asm	148	0	db	LAV<BSP>RADIO TOWER@	
data.maps.landmarks:149:0	text	data/maps/landmarks.asm	149	0	db	SILPH CO.@	
data.maps.landmarks:150:0	text	data/maps/landmarks.asm	150	0	db	SAFARI ZONE@	
data.maps.landmarks:151:0	text	data/maps/landmarks.asm	151	0	db	SEAFOAM<BSP>ISLANDS@	
data.maps.landmarks:152:0	text	data/maps/landmarks.asm	152	0	db	#MON<BSP>MANSION@	
data.maps.landmarks:153:0	text	data/maps/landmarks.asm	153	0	db	CERULEAN<BSP>CAVE@	
data.maps.landmarks:154:0	text	data/maps/landmarks.asm	154	0	db	ROUTE 1@	
data.maps.landmarks:155:0	text	data/maps/landmarks.asm	155	0	db	ROUTE 2@	
data.maps.landmarks:156:0	text	data/maps/landmarks.asm	156	0	db	ROUTE 3@	
data.maps.landmarks:157:0	text	data/maps/landmarks.asm	157	0	db	ROUTE 4@	
data.maps.landmarks:158:0	text	data/maps/landmarks.asm	158	0	db	ROUTE 5@	
data.maps.landmarks:159:0	text	data/maps/landmarks.asm	159	0	db	ROUTE 6@	
data.maps.landmarks:160:0	text	data/maps/landmarks.asm	160	0	db	ROUTE 7@	
data.maps.landmarks:161:0	text	data/maps/landmarks.asm	161	0	db	ROUTE 8@	
data.maps.landmarks:162:0	text	data/maps/landmarks.asm	162	0	db	ROUTE 9@	
data.maps.landmarks:163:0	text	data/maps/landmarks.asm	163	0	db	ROUTE 10@	
data.maps.landmarks:164:0	text	data/maps/landmarks.asm	164	0	db	ROUTE 11@	
data.maps.landmarks:165:0	text	data/maps/landmarks.asm	165	0	db	ROUTE 12@	
data.maps.landmarks:166:0	text	data/maps/landmarks.asm	166	0	db	ROUTE 13@	
data.maps.landmarks:167:0	text	data/maps/landmarks.asm	167	0	db	ROUTE 14@	
data.maps.landmarks:168:0	text	data/maps/landmarks.asm	168	0	db	ROUTE 15@	
data.maps.landmarks:169:0	text	data/maps/landmarks.asm	169	0	db	ROUTE 16@	
data.maps.landmarks:170:0	text	data/maps/landmarks.asm	170	0	db	ROUTE 17@	
data.maps.landmarks:171:0	text	data/maps/landmarks.asm	171	0	db	ROUTE 18@	
data.maps.landmarks:172:0	text	data/maps/landmarks.asm	172	0	db	ROUTE 19@	
data.maps.landmarks:173:0	text	data/maps/landmarks.asm	173	0	db	ROUTE 20@	
data.maps.landmarks:174:0	text	data/maps/landmarks.asm	174	0	db	ROUTE 21@	
data.maps.landmarks:175:0	text	data/maps/landmarks.asm	175	0	db	ROUTE 22@	
data.maps.landmarks:176:0	text	data/maps/landmarks.asm	176	0	db	ROUTE 23@	
data.maps.landmarks:177:0	text	data/maps/landmarks.asm	177	0	db	ROUTE 24@	
data.maps.landmarks:178:0	text	data/maps/landmarks.asm	178	0	db	ROUTE 25@	
data.maps.landmarks:179:0	text	data/maps/landmarks.asm	179	0	db	ROUTE 26@	
data.maps.landmarks:180:0	text	data/maps/landmarks.asm	180	0	db	ROUTE 27@	
data.maps.landmarks:181:0	text	data/maps/landmarks.asm	181	0	db	ROUTE 28@	
data.maps.landmarks:182:0	text	data/maps/landmarks.asm	182	0	db	ROUTE 29@	
data.maps.landmarks:183:0	text	data/maps/landmarks.asm	183	0	db	ROUTE 30@	
data.maps.landmarks:184:0	text	data/maps/landmarks.asm	184	0	db	ROUTE 31@	
data.maps.landmarks:185:0	text	data/maps/landmarks.asm	185	0	db	ROUTE 32@	
data.maps.landmarks:186:0	text	data/maps/landmarks.asm	186	0	db	ROUTE 33@	
data.maps.landmarks:187:0	text	data/maps/landmarks.asm	187	0	db	ROUTE 34@	
data.maps.landmarks:188:0	text	data/maps/landmarks.asm	188	0	db	ROUTE 35@	
data.maps.landmarks:189:0	text	data/maps/landmarks.asm	189	0	db	ROUTE 36@	
data.maps.landmarks:190:0	text	data/maps/landmarks.asm	190	0	db	ROUTE 37@	
data.maps.landmarks:191:0	text	data/maps/landmarks.asm	191	0	db	ROUTE 38@	
data.maps.landmarks:192:0	text	data/maps/landmarks.asm	192	0	db	ROUTE 39@	
data.maps.landmarks:193:0	text	data/maps/landmarks.asm	193	0	db	ROUTE 40@	
data.maps.landmarks:194:0	text	data/maps/landmarks.asm	194	0	db	ROUTE 41@	
data.maps.landmarks:195:0	text	data/maps/landmarks.asm	195	0	db	ROUTE 42@	
data.maps.landmarks:196:0	text	data/maps/landmarks.asm	196	0	db	ROUTE 43@	
data.maps.landmarks:197:0	text	data/maps/landmarks.asm	197	0	db	ROUTE 44@	
data.maps.landmarks:198:0	text	data/maps/landmarks.asm	198	0	db	ROUTE 45@	
data.maps.landmarks:199:0	text	data/maps/landmarks.asm	199	0	db	ROUTE 46@	
data.maps.landmarks:200:0	text	data/maps/landmarks.asm	200	0	db	DARK CAVE@	
data.maps.landmarks:201:0	text	data/maps/landmarks.asm	201	0	db	ILEX<BSP>FOREST@	
data.maps.landmarks:202:0	text	data/maps/landmarks.asm	202	0	db	BURNED<BSP>TOWER@	
data.maps.landmarks:203:0	text	data/maps/landmarks.asm	203	0	db	FAST SHIP@	
data.maps.landmarks:204:0	text	data/maps/landmarks.asm	204	0	db	VIRIDIAN<BSP>FOREST@	
data.maps.landmarks:205:0	text	data/maps/landmarks.asm	205	0	db	DIGLETT's<BSP>CAVE@	
data.maps.landmarks:206:0	text	data/maps/landmarks.asm	206	0	db	TOHJO FALLS@	
data.maps.landmarks:207:0	text	data/maps/landmarks.asm	207	0	db	UNDERGROUND@	
data.maps.landmarks:208:0	text	data/maps/landmarks.asm	208	0	db	SPECIAL@	
data.mon_menu:15:0	menu	data/mon_menu.asm	15	0	li	STATS	状态
data.mon_menu:16:0	menu	data/mon_menu.asm	16	0	li	SWITCH	换位
data.mon_menu:17:0	menu	data/mon_menu.asm	17	0	li	ITEM	道具
data.mon_menu:18:0	menu	data/mon_menu.asm	18	0	li	CANCEL	取消
data.mon_menu:19:0	menu	data/mon_menu.asm	19	0	li	MOVE	招式
data.mon_menu:20:0	menu	data/mon_menu.asm	20	0	li	MAIL	邮件
data.mon_menu:21:0	menu	data/mon_menu.asm	21	0	li	ERROR!	错误!
data.moves.descriptions:268:0	text	data/moves/descriptions.asm	268	0	db	?@	
data.moves.descriptions:271:0	text	data/moves/descriptions.asm	271	0	db	Pounds with fore-	
data.moves.descriptions:272:0	text	data/moves/descriptions.asm	272	0	next	legs or tail.@	
data.moves.descriptions:275:0	text	data/moves/descriptions.asm	275	0	db	Has a high criti-	
data.moves.descriptions:276:0	text	data/moves/descriptions.asm	276	0	next	cal hit ratio.@	
data.moves.descriptions:279:0	text	data/moves/descriptions.asm	279	0	db	Repeatedly slaps	
data.moves.descriptions:280:0	text	data/moves/descriptions.asm	280	0	next	2-5 times.@	
data.moves.descriptions:283:0	text	data/moves/descriptions.asm	283	0	db	Repeatedly punches	
data.moves.descriptions:284:0	text	data/moves/descriptions.asm	284	0	next	2-5 times.@	
data.moves.descriptions:287:0	text	data/moves/descriptions.asm	287	0	db	A powerful punch	
data.moves.descriptions:288:0	text	data/moves/descriptions.asm	288	0	next	thrown very hard.@	
data.moves.descriptions:291:0	text	data/moves/descriptions.asm	291	0	db	Throws coins. Gets	
data.moves.descriptions:292:0	text	data/moves/descriptions.asm	292	0	next	them back later.@	
data.moves.descriptions:295:0	text	data/moves/descriptions.asm	295	0	db	A fiery punch. May	
data.moves.descriptions:296:0	text	data/moves/descriptions.asm	296	0	next	cause a burn.@	
data.moves.descriptions:299:0	text	data/moves/descriptions.asm	299	0	db	An icy punch. May	
data.moves.descriptions:300:0	text	data/moves/descriptions.asm	300	0	next	cause freezing.@	
data.moves.descriptions:303:0	text	data/moves/descriptions.asm	303	0	db	An electric punch.	
data.moves.descriptions:304:0	text	data/moves/descriptions.asm	304	0	next	It may paralyze.@	
data.moves.descriptions:307:0	text	data/moves/descriptions.asm	307	0	db	Scratches with	
data.moves.descriptions:308:0	text	data/moves/descriptions.asm	308	0	next	sharp claws.@	
data.moves.descriptions:311:0	text	data/moves/descriptions.asm	311	0	db	Grips with power-	
data.moves.descriptions:312:0	text	data/moves/descriptions.asm	312	0	next	ful pincers.@	
data.moves.descriptions:315:0	text	data/moves/descriptions.asm	315	0	db	A one-hit KO,	
data.moves.descriptions:316:0	text	data/moves/descriptions.asm	316	0	next	pincer attack.@	
data.moves.descriptions:319:0	text	data/moves/descriptions.asm	319	0	db	1st turn: Prepare	
data.moves.descriptions:320:0	text	data/moves/descriptions.asm	320	0	next	2nd turn: Attack@	
data.moves.descriptions:323:0	text	data/moves/descriptions.asm	323	0	db	A dance that in-	
data.moves.descriptions:324:0	text	data/moves/descriptions.asm	324	0	next	creases ATTACK.@	
data.moves.descriptions:327:0	text	data/moves/descriptions.asm	327	0	db	Cuts using claws,	
data.moves.descriptions:328:0	text	data/moves/descriptions.asm	328	0	next	scythes, etc.@	
data.moves.descriptions:331:0	text	data/moves/descriptions.asm	331	0	db	Whips up a strong	
data.moves.descriptions:332:0	text	data/moves/descriptions.asm	332	0	next	gust of wind.@	
data.moves.descriptions:335:0	text	data/moves/descriptions.asm	335	0	db	Strikes the target	
data.moves.descriptions:336:0	text	data/moves/descriptions.asm	336	0	next	with wings.@	
data.moves.descriptions:339:0	text	data/moves/descriptions.asm	339	0	db	Blows away the foe	
data.moves.descriptions:340:0	text	data/moves/descriptions.asm	340	0	next	& ends battle.@	
data.moves.descriptions:343:0	text	data/moves/descriptions.asm	343	0	db	1st turn: Fly	
data.moves.descriptions:344:0	text	data/moves/descriptions.asm	344	0	next	2nd turn: Attack@	
data.moves.descriptions:347:0	text	data/moves/descriptions.asm	347	0	db	Binds the target	
data.moves.descriptions:348:0	text	data/moves/descriptions.asm	348	0	next	for 2-5 turns.@	
data.moves.descriptions:351:0	text	data/moves/descriptions.asm	351	0	db	Slams the foe with	
data.moves.descriptions:352:0	text	data/moves/descriptions.asm	352	0	next	a tail, vine, etc.@	
data.moves.descriptions:355:0	text	data/moves/descriptions.asm	355	0	db	Whips the foe with	
data.moves.descriptions:356:0	text	data/moves/descriptions.asm	356	0	next	slender vines.@	
data.moves.descriptions:359:0	text	data/moves/descriptions.asm	359	0	db	An attack that may	
data.moves.descriptions:360:0	text	data/moves/descriptions.asm	360	0	next	cause flinching.@	
data.moves.descriptions:363:0	text	data/moves/descriptions.asm	363	0	db	A double kicking	
data.moves.descriptions:364:0	text	data/moves/descriptions.asm	364	0	next	attack.@	
data.moves.descriptions:367:0	text	data/moves/descriptions.asm	367	0	db	A powerful kicking	
data.moves.descriptions:368:0	text	data/moves/descriptions.asm	368	0	next	attack.@	
data.moves.descriptions:371:0	text	data/moves/descriptions.asm	371	0	db	May miss, damaging	
data.moves.descriptions:372:0	text	data/moves/descriptions.asm	372	0	next	the user.@	
data.moves.descriptions:375:0	text	data/moves/descriptions.asm	375	0	db	A fast, spinning	
data.moves.descriptions:376:0	text	data/moves/descriptions.asm	376	0	next	kick.@	
data.moves.descriptions:379:0	text	data/moves/descriptions.asm	379	0	db	Reduces accuracy	
data.moves.descriptions:380:0	text	data/moves/descriptions.asm	380	0	next	by throwing sand.@	
data.moves.descriptions:383:0	text	data/moves/descriptions.asm	383	0	db	An attack that may	
data.moves.descriptions:384:0	text	data/moves/descriptions.asm	384	0	next	make foe flinch.@	
data.moves.descriptions:387:0	text	data/moves/descriptions.asm	387	0	db	An attack using a	
data.moves.descriptions:388:0	text	data/moves/descriptions.asm	388	0	next	horn to jab.@	
data.moves.descriptions:391:0	text	data/moves/descriptions.asm	391	0	db	Jabs the target	
data.moves.descriptions:392:0	text	data/moves/descriptions.asm	392	0	next	2-5 times.@	
data.moves.descriptions:395:0	text	data/moves/descriptions.asm	395	0	db	A one-hit KO,	
data.moves.descriptions:396:0	text	data/moves/descriptions.asm	396	0	next	drill attack.@	
data.moves.descriptions:399:0	text	data/moves/descriptions.asm	399	0	db	A full-body charge	
data.moves.descriptions:400:0	text	data/moves/descriptions.asm	400	0	next	attack.@	
data.moves.descriptions:403:0	text	data/moves/descriptions.asm	403	0	db	An attack that may	
data.moves.descriptions:404:0	text	data/moves/descriptions.asm	404	0	next	cause paralysis.@	
data.moves.descriptions:407:0	text	data/moves/descriptions.asm	407	0	db	Squeezes the foe	
data.moves.descriptions:408:0	text	data/moves/descriptions.asm	408	0	next	for 2-5 turns.@	
data.moves.descriptions:411:0	text	data/moves/descriptions.asm	411	0	db	A tackle that also	
data.moves.descriptions:412:0	text	data/moves/descriptions.asm	412	0	next	hurts the user.@	
data.moves.descriptions:415:0	text	data/moves/descriptions.asm	415	0	db	Works 2-3 turns	
data.moves.descriptions:416:0	text	data/moves/descriptions.asm	416	0	next	and confuses user.@	
data.moves.descriptions:419:0	text	data/moves/descriptions.asm	419	0	db	A tackle that also	
data.moves.descriptions:420:0	text	data/moves/descriptions.asm	420	0	next	hurts the user.@	
data.moves.descriptions:423:0	text	data/moves/descriptions.asm	423	0	db	Lowers the foe's	
data.moves.descriptions:424:0	text	data/moves/descriptions.asm	424	0	next	DEFENSE.@	
data.moves.descriptions:427:0	text	data/moves/descriptions.asm	427	0	db	An attack that may	
data.moves.descriptions:428:0	text	data/moves/descriptions.asm	428	0	next	poison the target.@	
data.moves.descriptions:431:0	text	data/moves/descriptions.asm	431	0	db	Jabs the foe twice	
data.moves.descriptions:432:0	text	data/moves/descriptions.asm	432	0	next	using stingers.@	
data.moves.descriptions:435:0	text	data/moves/descriptions.asm	435	0	db	Fires pins that	
data.moves.descriptions:436:0	text	data/moves/descriptions.asm	436	0	next	strike 2-5 times.@	
data.moves.descriptions:439:0	text	data/moves/descriptions.asm	439	0	db	Reduces the foe's	
data.moves.descriptions:440:0	text	data/moves/descriptions.asm	440	0	next	DEFENSE.@	
data.moves.descriptions:443:0	text	data/moves/descriptions.asm	443	0	db	An attack that may	
data.moves.descriptions:444:0	text	data/moves/descriptions.asm	444	0	next	cause flinching.@	
data.moves.descriptions:447:0	text	data/moves/descriptions.asm	447	0	db	Reduces the foe's	
data.moves.descriptions:448:0	text	data/moves/descriptions.asm	448	0	next	ATTACK.@	
data.moves.descriptions:451:0	text	data/moves/descriptions.asm	451	0	db	Scares wild foes	
data.moves.descriptions:452:0	text	data/moves/descriptions.asm	452	0	next	to end battle.@	
data.moves.descriptions:455:0	text	data/moves/descriptions.asm	455	0	db	May cause the foe	
data.moves.descriptions:456:0	text	data/moves/descriptions.asm	456	0	next	to fall asleep.@	
data.moves.descriptions:459:0	text	data/moves/descriptions.asm	459	0	db	Sound waves that	
data.moves.descriptions:460:0	text	data/moves/descriptions.asm	460	0	next	cause confusion.@	
data.moves.descriptions:463:0	text	data/moves/descriptions.asm	463	0	db	Always inflicts	
data.moves.descriptions:464:0	text	data/moves/descriptions.asm	464	0	next	20HP damage.@	
data.moves.descriptions:467:0	text	data/moves/descriptions.asm	467	0	db	Disables the foe's	
data.moves.descriptions:468:0	text	data/moves/descriptions.asm	468	0	next	most recent move.@	
data.moves.descriptions:471:0	text	data/moves/descriptions.asm	471	0	db	An attack that may	
data.moves.descriptions:472:0	text	data/moves/descriptions.asm	472	0	next	lower DEFENSE.@	
data.moves.descriptions:475:0	text	data/moves/descriptions.asm	475	0	db	An attack that may	
data.moves.descriptions:476:0	text	data/moves/descriptions.asm	476	0	next	inflict a burn.@	
data.moves.descriptions:479:0	text	data/moves/descriptions.asm	479	0	db	An attack that may	
data.moves.descriptions:480:0	text	data/moves/descriptions.asm	480	0	next	inflict a burn.@	
data.moves.descriptions:483:0	text	data/moves/descriptions.asm	483	0	db	Prevents stat	
data.moves.descriptions:484:0	text	data/moves/descriptions.asm	484	0	next	reduction.@	
data.moves.descriptions:487:0	text	data/moves/descriptions.asm	487	0	db	Squirts water to	
data.moves.descriptions:488:0	text	data/moves/descriptions.asm	488	0	next	attack.@	
data.moves.descriptions:491:0	text	data/moves/descriptions.asm	491	0	db	A powerful water-	
data.moves.descriptions:492:0	text	data/moves/descriptions.asm	492	0	next	type attack.@	
data.moves.descriptions:495:0	text	data/moves/descriptions.asm	495	0	db	A strong water-	
data.moves.descriptions:496:0	text	data/moves/descriptions.asm	496	0	next	type attack.@	
data.moves.descriptions:499:0	text	data/moves/descriptions.asm	499	0	db	An attack that may	
data.moves.descriptions:500:0	text	data/moves/descriptions.asm	500	0	next	freeze the foe.@	
data.moves.descriptions:503:0	text	data/moves/descriptions.asm	503	0	db	An attack that may	
data.moves.descriptions:504:0	text	data/moves/descriptions.asm	504	0	next	freeze the foe.@	
data.moves.descriptions:507:0	text	data/moves/descriptions.asm	507	0	db	An attack that may	
data.moves.descriptions:508:0	text	data/moves/descriptions.asm	508	0	next	confuse the foe.@	
data.moves.descriptions:511:0	text	data/moves/descriptions.asm	511	0	db	An attack that may	
data.moves.descriptions:512:0	text	data/moves/descriptions.asm	512	0	next	lower SPEED.@	
data.moves.descriptions:515:0	text	data/moves/descriptions.asm	515	0	db	An attack that may	
data.moves.descriptions:516:0	text	data/moves/descriptions.asm	516	0	next	lower ATTACK.@	
data.moves.descriptions:519:0	text	data/moves/descriptions.asm	519	0	db	1st turn: Attack	
data.moves.descriptions:520:0	text	data/moves/descriptions.asm	520	0	next	2nd turn: Rest@	
data.moves.descriptions:523:0	text	data/moves/descriptions.asm	523	0	db	Jabs the foe with	
data.moves.descriptions:524:0	text	data/moves/descriptions.asm	524	0	next	a beak, etc.@	
data.moves.descriptions:527:0	text	data/moves/descriptions.asm	527	0	db	A strong, spin-	
data.moves.descriptions:528:0	text	data/moves/descriptions.asm	528	0	next	ning-peck attack.@	
data.moves.descriptions:531:0	text	data/moves/descriptions.asm	531	0	db	An attack that al-	
data.moves.descriptions:532:0	text	data/moves/descriptions.asm	532	0	next	so hurts the user.@	
data.moves.descriptions:535:0	text	data/moves/descriptions.asm	535	0	db	An attack that may	
data.moves.descriptions:536:0	text	data/moves/descriptions.asm	536	0	next	cause flinching.@	
data.moves.descriptions:539:0	text	data/moves/descriptions.asm	539	0	db	Returns a physical	
data.moves.descriptions:540:0	text	data/moves/descriptions.asm	540	0	next	blow double.@	
data.moves.descriptions:543:0	text	data/moves/descriptions.asm	543	0	db	The user's level	
data.moves.descriptions:544:0	text	data/moves/descriptions.asm	544	0	next	equals damage HP.@	
data.moves.descriptions:547:0	text	data/moves/descriptions.asm	547	0	db	A powerful physi-	
data.moves.descriptions:548:0	text	data/moves/descriptions.asm	548	0	next	cal attack.@	
data.moves.descriptions:551:0	text	data/moves/descriptions.asm	551	0	db	Steals 1/2 of the	
data.moves.descriptions:552:0	text	data/moves/descriptions.asm	552	0	next	damage inflicted.@	
data.moves.descriptions:555:0	text	data/moves/descriptions.asm	555	0	db	Steals 1/2 of the	
data.moves.descriptions:556:0	text	data/moves/descriptions.asm	556	0	next	damage inflicted.@	
data.moves.descriptions:559:0	text	data/moves/descriptions.asm	559	0	db	Steals HP from the	
data.moves.descriptions:560:0	text	data/moves/descriptions.asm	560	0	next	foe on every turn.@	
data.moves.descriptions:563:0	text	data/moves/descriptions.asm	563	0	db	Raises the SPCL.	
data.moves.descriptions:564:0	text	data/moves/descriptions.asm	564	0	next	ATK rating.@	
data.moves.descriptions:567:0	text	data/moves/descriptions.asm	567	0	db	Has a high criti-	
data.moves.descriptions:568:0	text	data/moves/descriptions.asm	568	0	next	cal hit ratio.@	
data.moves.descriptions:571:0	text	data/moves/descriptions.asm	571	0	db	1st turn: Prepare	
data.moves.descriptions:572:0	text	data/moves/descriptions.asm	572	0	next	2nd turn: Attack@	
data.moves.descriptions:575:0	text	data/moves/descriptions.asm	575	0	db	A move that may	
data.moves.descriptions:576:0	text	data/moves/descriptions.asm	576	0	next	poison the foe.@	
data.moves.descriptions:579:0	text	data/moves/descriptions.asm	579	0	db	A move that may	
data.moves.descriptions:580:0	text	data/moves/descriptions.asm	580	0	next	paralyze the foe.@	
data.moves.descriptions:583:0	text	data/moves/descriptions.asm	583	0	db	May cause the foe	
data.moves.descriptions:584:0	text	data/moves/descriptions.asm	584	0	next	to fall asleep.@	
data.moves.descriptions:587:0	text	data/moves/descriptions.asm	587	0	db	Works 2-3 turns	
data.moves.descriptions:588:0	text	data/moves/descriptions.asm	588	0	next	and confuses user.@	
data.moves.descriptions:591:0	text	data/moves/descriptions.asm	591	0	db	A move that lowers	
data.moves.descriptions:592:0	text	data/moves/descriptions.asm	592	0	next	the foe's SPEED.@	
data.moves.descriptions:595:0	text	data/moves/descriptions.asm	595	0	db	Always inflicts	
data.moves.descriptions:596:0	text	data/moves/descriptions.asm	596	0	next	40HP damage.@	
data.moves.descriptions:599:0	text	data/moves/descriptions.asm	599	0	db	Traps foe in fire	
data.moves.descriptions:600:0	text	data/moves/descriptions.asm	600	0	next	for 2-5 turns.@	
data.moves.descriptions:603:0	text	data/moves/descriptions.asm	603	0	db	An attack that may	
data.moves.descriptions:604:0	text	data/moves/descriptions.asm	604	0	next	cause paralysis.@	
data.moves.descriptions:607:0	text	data/moves/descriptions.asm	607	0	db	An attack that may	
data.moves.descriptions:608:0	text	data/moves/descriptions.asm	608	0	next	cause paralysis.@	
data.moves.descriptions:611:0	text	data/moves/descriptions.asm	611	0	db	A move that may	
data.moves.descriptions:612:0	text	data/moves/descriptions.asm	612	0	next	cause paralysis.@	
data.moves.descriptions:615:0	text	data/moves/descriptions.asm	615	0	db	An attack that may	
data.moves.descriptions:616:0	text	data/moves/descriptions.asm	616	0	next	cause paralysis.@	
data.moves.descriptions:619:0	text	data/moves/descriptions.asm	619	0	db	Drops rocks on the	
data.moves.descriptions:620:0	text	data/moves/descriptions.asm	620	0	next	enemy.@	
data.moves.descriptions:623:0	text	data/moves/descriptions.asm	623	0	db	Tough but useless	
data.moves.descriptions:624:0	text	data/moves/descriptions.asm	624	0	next	vs. flying foes.@	
data.moves.descriptions:627:0	text	data/moves/descriptions.asm	627	0	db	A ground-type,	
data.moves.descriptions:628:0	text	data/moves/descriptions.asm	628	0	next	one-hit KO attack.@	
data.moves.descriptions:631:0	text	data/moves/descriptions.asm	631	0	db	1st turn: Burrow	
data.moves.descriptions:632:0	text	data/moves/descriptions.asm	632	0	next	2nd turn: Attack@	
data.moves.descriptions:635:0	text	data/moves/descriptions.asm	635	0	db	A poison move with	
data.moves.descriptions:636:0	text	data/moves/descriptions.asm	636	0	next	increasing damage.@	
data.moves.descriptions:639:0	text	data/moves/descriptions.asm	639	0	db	An attack that may	
data.moves.descriptions:640:0	text	data/moves/descriptions.asm	640	0	next	cause confusion.@	
data.moves.descriptions:643:0	text	data/moves/descriptions.asm	643	0	db	An attack that may	
data.moves.descriptions:644:0	text	data/moves/descriptions.asm	644	0	next	lower SPCL.DEF.@	
data.moves.descriptions:647:0	text	data/moves/descriptions.asm	647	0	db	May put the foe to	
data.moves.descriptions:648:0	text	data/moves/descriptions.asm	648	0	next	sleep.@	
data.moves.descriptions:651:0	text	data/moves/descriptions.asm	651	0	db	Raises the user's	
data.moves.descriptions:652:0	text	data/moves/descriptions.asm	652	0	next	ATTACK.@	
data.moves.descriptions:655:0	text	data/moves/descriptions.asm	655	0	db	Sharply increases	
data.moves.descriptions:656:0	text	data/moves/descriptions.asm	656	0	next	the user's SPEED.@	
data.moves.descriptions:659:0	text	data/moves/descriptions.asm	659	0	db	Lets the user get	
data.moves.descriptions:660:0	text	data/moves/descriptions.asm	660	0	next	in the first hit.@	
data.moves.descriptions:663:0	text	data/moves/descriptions.asm	663	0	db	Raises ATTACK if	
data.moves.descriptions:664:0	text	data/moves/descriptions.asm	664	0	next	the user is hit.@	
data.moves.descriptions:667:0	text	data/moves/descriptions.asm	667	0	db	A move for fleeing	
data.moves.descriptions:668:0	text	data/moves/descriptions.asm	668	0	next	from battle.@	
data.moves.descriptions:671:0	text	data/moves/descriptions.asm	671	0	db	The user's level	
data.moves.descriptions:672:0	text	data/moves/descriptions.asm	672	0	next	equals damage HP.@	
data.moves.descriptions:675:0	text	data/moves/descriptions.asm	675	0	db	Copies a move used	
data.moves.descriptions:676:0	text	data/moves/descriptions.asm	676	0	next	by the foe.@	
data.moves.descriptions:679:0	text	data/moves/descriptions.asm	679	0	db	Sharply reduces	
data.moves.descriptions:680:0	text	data/moves/descriptions.asm	680	0	next	the foe's DEFENSE.@	
data.moves.descriptions:683:0	text	data/moves/descriptions.asm	683	0	db	Heightens evasive-	
data.moves.descriptions:684:0	text	data/moves/descriptions.asm	684	0	next	ness.@	
data.moves.descriptions:687:0	text	data/moves/descriptions.asm	687	0	db	Restores HP by 1/2	
data.moves.descriptions:688:0	text	data/moves/descriptions.asm	688	0	next	the max HP.@	
data.moves.descriptions:691:0	text	data/moves/descriptions.asm	691	0	db	Raises the user's	
data.moves.descriptions:692:0	text	data/moves/descriptions.asm	692	0	next	DEFENSE.@	
data.moves.descriptions:695:0	text	data/moves/descriptions.asm	695	0	db	Heightens evasive-	
data.moves.descriptions:696:0	text	data/moves/descriptions.asm	696	0	next	ness.@	
data.moves.descriptions:699:0	text	data/moves/descriptions.asm	699	0	db	Lowers the foe's	
data.moves.descriptions:700:0	text	data/moves/descriptions.asm	700	0	next	accuracy.@	
data.moves.descriptions:703:0	text	data/moves/descriptions.asm	703	0	db	A move that causes	
data.moves.descriptions:704:0	text	data/moves/descriptions.asm	704	0	next	confusion.@	
data.moves.descriptions:707:0	text	data/moves/descriptions.asm	707	0	db	Heightens the	
data.moves.descriptions:708:0	text	data/moves/descriptions.asm	708	0	next	user's DEFENSE.@	
data.moves.descriptions:711:0	text	data/moves/descriptions.asm	711	0	db	Heightens the	
data.moves.descriptions:712:0	text	data/moves/descriptions.asm	712	0	next	user's DEFENSE.@	
data.moves.descriptions:715:0	text	data/moves/descriptions.asm	715	0	db	Sharply increases	
data.moves.descriptions:716:0	text	data/moves/descriptions.asm	716	0	next	user's DEFENSE.@	
data.moves.descriptions:719:0	text	data/moves/descriptions.asm	719	0	db	Ups SPCL.DEF with	
data.moves.descriptions:720:0	text	data/moves/descriptions.asm	720	0	next	a wall of light.@	
data.moves.descriptions:723:0	text	data/moves/descriptions.asm	723	0	db	Eliminates all	
data.moves.descriptions:724:0	text	data/moves/descriptions.asm	724	0	next	stat changes.@	
data.moves.descriptions:727:0	text	data/moves/descriptions.asm	727	0	db	Raises DEFENSE	
data.moves.descriptions:728:0	text	data/moves/descriptions.asm	728	0	next	with a barrier.@	
data.moves.descriptions:731:0	text	data/moves/descriptions.asm	731	0	db	Raises the criti-	
data.moves.descriptions:732:0	text	data/moves/descriptions.asm	732	0	next	cal hit ratio.@	
data.moves.descriptions:735:0	text	data/moves/descriptions.asm	735	0	db	Waits 2-3 turns &	
data.moves.descriptions:736:0	text	data/moves/descriptions.asm	736	0	next	hits back double.@	
data.moves.descriptions:739:0	text	data/moves/descriptions.asm	739	0	db	Randomly uses any	
data.moves.descriptions:740:0	text	data/moves/descriptions.asm	740	0	next	#MON move.@	
data.moves.descriptions:743:0	text	data/moves/descriptions.asm	743	0	db	Counters with the	
data.moves.descriptions:744:0	text	data/moves/descriptions.asm	744	0	next	same move.@	
data.moves.descriptions:747:0	text	data/moves/descriptions.asm	747	0	db	Powerful but makes	
data.moves.descriptions:748:0	text	data/moves/descriptions.asm	748	0	next	the user faint.@	
data.moves.descriptions:751:0	text	data/moves/descriptions.asm	751	0	db	Eggs are hurled at	
data.moves.descriptions:752:0	text	data/moves/descriptions.asm	752	0	next	the foe.@	
data.moves.descriptions:755:0	text	data/moves/descriptions.asm	755	0	db	An attack that may	
data.moves.descriptions:756:0	text	data/moves/descriptions.asm	756	0	next	cause paralysis.@	
data.moves.descriptions:759:0	text	data/moves/descriptions.asm	759	0	db	An attack that may	
data.moves.descriptions:760:0	text	data/moves/descriptions.asm	760	0	next	poison the foe.@	
data.moves.descriptions:763:0	text	data/moves/descriptions.asm	763	0	db	An attack that may	
data.moves.descriptions:764:0	text	data/moves/descriptions.asm	764	0	next	poison the foe.@	
data.moves.descriptions:767:0	text	data/moves/descriptions.asm	767	0	db	An attack that may	
data.moves.descriptions:768:0	text	data/moves/descriptions.asm	768	0	next	cause flinching.@	
data.moves.descriptions:771:0	text	data/moves/descriptions.asm	771	0	db	An attack that	
data.moves.descriptions:772:0	text	data/moves/descriptions.asm	772	0	next	may cause a burn.@	
data.moves.descriptions:775:0	text	data/moves/descriptions.asm	775	0	db	An aquatic charge	
data.moves.descriptions:776:0	text	data/moves/descriptions.asm	776	0	next	attack.@	
data.moves.descriptions:779:0	text	data/moves/descriptions.asm	779	0	db	Traps the foe for	
data.moves.descriptions:780:0	text	data/moves/descriptions.asm	780	0	next	2-5 turns.@	
data.moves.descriptions:783:0	text	data/moves/descriptions.asm	783	0	db	An attack that	
data.moves.descriptions:784:0	text	data/moves/descriptions.asm	784	0	next	never misses.@	
data.moves.descriptions:787:0	text	data/moves/descriptions.asm	787	0	db	1st turn: Prepare	
data.moves.descriptions:788:0	text	data/moves/descriptions.asm	788	0	next	2nd turn: Attack@	
data.moves.descriptions:791:0	text	data/moves/descriptions.asm	791	0	db	Fires spikes to	
data.moves.descriptions:792:0	text	data/moves/descriptions.asm	792	0	next	hit 2-5 times.@	
data.moves.descriptions:795:0	text	data/moves/descriptions.asm	795	0	db	An attack that may	
data.moves.descriptions:796:0	text	data/moves/descriptions.asm	796	0	next	lower SPEED.@	
data.moves.descriptions:799:0	text	data/moves/descriptions.asm	799	0	db	Sharply raises the	
data.moves.descriptions:800:0	text	data/moves/descriptions.asm	800	0	next	user's SPCL.DEF.@	
data.moves.descriptions:803:0	text	data/moves/descriptions.asm	803	0	db	Reduces the foe's	
data.moves.descriptions:804:0	text	data/moves/descriptions.asm	804	0	next	accuracy.@	
data.moves.descriptions:807:0	text	data/moves/descriptions.asm	807	0	db	Restores HP by 1/2	
data.moves.descriptions:808:0	text	data/moves/descriptions.asm	808	0	next	the user's max HP.@	
data.moves.descriptions:811:0	text	data/moves/descriptions.asm	811	0	db	May miss and hurt	
data.moves.descriptions:812:0	text	data/moves/descriptions.asm	812	0	next	the user.@	
data.moves.descriptions:815:0	text	data/moves/descriptions.asm	815	0	db	A move that may	
data.moves.descriptions:816:0	text	data/moves/descriptions.asm	816	0	next	cause paralysis.@	
data.moves.descriptions:819:0	text	data/moves/descriptions.asm	819	0	db	Steals HP from a	
data.moves.descriptions:820:0	text	data/moves/descriptions.asm	820	0	next	sleeping victim.@	
data.moves.descriptions:823:0	text	data/moves/descriptions.asm	823	0	db	A move that may	
data.moves.descriptions:824:0	text	data/moves/descriptions.asm	824	0	next	poison the foe.@	
data.moves.descriptions:827:0	text	data/moves/descriptions.asm	827	0	db	Throws orbs to hit	
data.moves.descriptions:828:0	text	data/moves/descriptions.asm	828	0	next	2-5 times.@	
data.moves.descriptions:831:0	text	data/moves/descriptions.asm	831	0	db	Steals 1/2 of the	
data.moves.descriptions:832:0	text	data/moves/descriptions.asm	832	0	next	damage inflicted.@	
data.moves.descriptions:835:0	text	data/moves/descriptions.asm	835	0	db	May cause the foe	
data.moves.descriptions:836:0	text	data/moves/descriptions.asm	836	0	next	to fall asleep.@	
data.moves.descriptions:839:0	text	data/moves/descriptions.asm	839	0	db	1st turn: Prepare	
data.moves.descriptions:840:0	text	data/moves/descriptions.asm	840	0	next	2nd turn: Attack@	
data.moves.descriptions:843:0	text	data/moves/descriptions.asm	843	0	db	The user assumes	
data.moves.descriptions:844:0	text	data/moves/descriptions.asm	844	0	next	the foe's guise.@	
data.moves.descriptions:847:0	text	data/moves/descriptions.asm	847	0	db	An attack that may	
data.moves.descriptions:848:0	text	data/moves/descriptions.asm	848	0	next	reduce SPEED.@	
data.moves.descriptions:851:0	text	data/moves/descriptions.asm	851	0	db	An attack that may	
data.moves.descriptions:852:0	text	data/moves/descriptions.asm	852	0	next	cause confusion.@	
data.moves.descriptions:855:0	text	data/moves/descriptions.asm	855	0	db	A move that	
data.moves.descriptions:856:0	text	data/moves/descriptions.asm	856	0	next	induces sleep.@	
data.moves.descriptions:859:0	text	data/moves/descriptions.asm	859	0	db	Blinds the foe to	
data.moves.descriptions:860:0	text	data/moves/descriptions.asm	860	0	next	reduce accuracy.@	
data.moves.descriptions:863:0	text	data/moves/descriptions.asm	863	0	db	An attack with	
data.moves.descriptions:864:0	text	data/moves/descriptions.asm	864	0	next	variable power.@	
data.moves.descriptions:867:0	text	data/moves/descriptions.asm	867	0	db	Has no effect	
data.moves.descriptions:868:0	text	data/moves/descriptions.asm	868	0	next	whatsoever.@	
data.moves.descriptions:871:0	text	data/moves/descriptions.asm	871	0	db	Sharply raises the	
data.moves.descriptions:872:0	text	data/moves/descriptions.asm	872	0	next	user's DEFENSE.@	
data.moves.descriptions:875:0	text	data/moves/descriptions.asm	875	0	db	Has a high criti-	
data.moves.descriptions:876:0	text	data/moves/descriptions.asm	876	0	next	cal hit ratio.@	
data.moves.descriptions:879:0	text	data/moves/descriptions.asm	879	0	db	Very powerful but	
data.moves.descriptions:880:0	text	data/moves/descriptions.asm	880	0	next	makes user faint.@	
data.moves.descriptions:883:0	text	data/moves/descriptions.asm	883	0	db	Quickly scratches	
data.moves.descriptions:884:0	text	data/moves/descriptions.asm	884	0	next	2-5 times.@	
data.moves.descriptions:887:0	text	data/moves/descriptions.asm	887	0	db	An attack that	
data.moves.descriptions:888:0	text	data/moves/descriptions.asm	888	0	next	strikes twice.@	
data.moves.descriptions:891:0	text	data/moves/descriptions.asm	891	0	db	Sleep for 2 turns	
data.moves.descriptions:892:0	text	data/moves/descriptions.asm	892	0	next	to fully recover.@	
data.moves.descriptions:895:0	text	data/moves/descriptions.asm	895	0	db	An attack that may	
data.moves.descriptions:896:0	text	data/moves/descriptions.asm	896	0	next	cause flinching.@	
data.moves.descriptions:899:0	text	data/moves/descriptions.asm	899	0	db	An attack that may	
data.moves.descriptions:900:0	text	data/moves/descriptions.asm	900	0	next	cause flinching.@	
data.moves.descriptions:903:0	text	data/moves/descriptions.asm	903	0	db	A move that raises	
data.moves.descriptions:904:0	text	data/moves/descriptions.asm	904	0	next	the user's ATTACK.@	
data.moves.descriptions:907:0	text	data/moves/descriptions.asm	907	0	db	Change user's type	
data.moves.descriptions:908:0	text	data/moves/descriptions.asm	908	0	next	to a move's type.@	
data.moves.descriptions:911:0	text	data/moves/descriptions.asm	911	0	db	Fires three kinds	
data.moves.descriptions:912:0	text	data/moves/descriptions.asm	912	0	next	of beams at once.@	
data.moves.descriptions:915:0	text	data/moves/descriptions.asm	915	0	db	Cuts the foe's HP	
data.moves.descriptions:916:0	text	data/moves/descriptions.asm	916	0	next	by 1/2.@	
data.moves.descriptions:919:0	text	data/moves/descriptions.asm	919	0	db	Has a high criti-	
data.moves.descriptions:920:0	text	data/moves/descriptions.asm	920	0	next	cal hit ratio.@	
data.moves.descriptions:923:0	text	data/moves/descriptions.asm	923	0	db	Makes a decoy with	
data.moves.descriptions:924:0	text	data/moves/descriptions.asm	924	0	next	1/4 user's max HP.@	
data.moves.descriptions:927:0	text	data/moves/descriptions.asm	927	0	db	Used only if all	
data.moves.descriptions:928:0	text	data/moves/descriptions.asm	928	0	next	PP are exhausted.@	
data.moves.descriptions:931:0	text	data/moves/descriptions.asm	931	0	db	Copies the foe's	
data.moves.descriptions:932:0	text	data/moves/descriptions.asm	932	0	next	move permanently.@	
data.moves.descriptions:935:0	text	data/moves/descriptions.asm	935	0	db	Hits three times	
data.moves.descriptions:936:0	text	data/moves/descriptions.asm	936	0	next	with rising power.@	
data.moves.descriptions:939:0	text	data/moves/descriptions.asm	939	0	db	An attack that may	
data.moves.descriptions:940:0	text	data/moves/descriptions.asm	940	0	next	steal a held item.@	
data.moves.descriptions:943:0	text	data/moves/descriptions.asm	943	0	db	Prevents fleeing	
data.moves.descriptions:944:0	text	data/moves/descriptions.asm	944	0	next	or switching.@	
data.moves.descriptions:947:0	text	data/moves/descriptions.asm	947	0	db	Ensures the next	
data.moves.descriptions:948:0	text	data/moves/descriptions.asm	948	0	next	attack will hit.@	
data.moves.descriptions:951:0	text	data/moves/descriptions.asm	951	0	db	A sleeper loses	
data.moves.descriptions:952:0	text	data/moves/descriptions.asm	952	0	next	1/4 HP every turn.@	
data.moves.descriptions:955:0	text	data/moves/descriptions.asm	955	0	db	An attack that may	
data.moves.descriptions:956:0	text	data/moves/descriptions.asm	956	0	next	cause a burn.@	
data.moves.descriptions:959:0	text	data/moves/descriptions.asm	959	0	db	An attack useable	
data.moves.descriptions:960:0	text	data/moves/descriptions.asm	960	0	next	only while asleep.@	
data.moves.descriptions:963:0	text	data/moves/descriptions.asm	963	0	db	Works differently	
data.moves.descriptions:964:0	text	data/moves/descriptions.asm	964	0	next	for ghost-types.@	
data.moves.descriptions:967:0	text	data/moves/descriptions.asm	967	0	db	Stronger if the	
data.moves.descriptions:968:0	text	data/moves/descriptions.asm	968	0	next	user's HP is low.@	
data.moves.descriptions:971:0	text	data/moves/descriptions.asm	971	0	db	The user's type is	
data.moves.descriptions:972:0	text	data/moves/descriptions.asm	972	0	next	made resistant.@	
data.moves.descriptions:975:0	text	data/moves/descriptions.asm	975	0	db	Has a high criti-	
data.moves.descriptions:976:0	text	data/moves/descriptions.asm	976	0	next	cal hit ratio.@	
data.moves.descriptions:979:0	text	data/moves/descriptions.asm	979	0	db	Sharply reduces	
data.moves.descriptions:980:0	text	data/moves/descriptions.asm	980	0	next	the foe's SPEED.@	
data.moves.descriptions:983:0	text	data/moves/descriptions.asm	983	0	db	Stronger if the	
data.moves.descriptions:984:0	text	data/moves/descriptions.asm	984	0	next	user's HP is low.@	
data.moves.descriptions:987:0	text	data/moves/descriptions.asm	987	0	db	Cuts the PP of the	
data.moves.descriptions:988:0	text	data/moves/descriptions.asm	988	0	next	foe's last move.@	
data.moves.descriptions:991:0	text	data/moves/descriptions.asm	991	0	db	An attack that may	
data.moves.descriptions:992:0	text	data/moves/descriptions.asm	992	0	next	cause freezing.@	
data.moves.descriptions:995:0	text	data/moves/descriptions.asm	995	0	db	Foils attack that	
data.moves.descriptions:996:0	text	data/moves/descriptions.asm	996	0	next	turn. It may fail.@	
data.moves.descriptions:999:0	text	data/moves/descriptions.asm	999	0	db	A fast punch that	
data.moves.descriptions:1000:0	text	data/moves/descriptions.asm	1000	0	next	lands first.@	
data.moves.descriptions:1003:0	text	data/moves/descriptions.asm	1003	0	db	Sharply reduces	
data.moves.descriptions:1004:0	text	data/moves/descriptions.asm	1004	0	next	the foe's SPEED.@	
data.moves.descriptions:1007:0	text	data/moves/descriptions.asm	1007	0	db	An attack that	
data.moves.descriptions:1008:0	text	data/moves/descriptions.asm	1008	0	next	never misses.@	
data.moves.descriptions:1011:0	text	data/moves/descriptions.asm	1011	0	db	A move that causes	
data.moves.descriptions:1012:0	text	data/moves/descriptions.asm	1012	0	next	confusion.@	
data.moves.descriptions:1015:0	text	data/moves/descriptions.asm	1015	0	db	Reduces own HP to	
data.moves.descriptions:1016:0	text	data/moves/descriptions.asm	1016	0	next	maximize ATTACK.@	
data.moves.descriptions:1019:0	text	data/moves/descriptions.asm	1019	0	db	An attack that may	
data.moves.descriptions:1020:0	text	data/moves/descriptions.asm	1020	0	next	poison the foe.@	
data.moves.descriptions:1023:0	text	data/moves/descriptions.asm	1023	0	db	Reduces the foe's	
data.moves.descriptions:1024:0	text	data/moves/descriptions.asm	1024	0	next	accuracy.@	
data.moves.descriptions:1027:0	text	data/moves/descriptions.asm	1027	0	db	An attack that may	
data.moves.descriptions:1028:0	text	data/moves/descriptions.asm	1028	0	next	reduce accuracy.@	
data.moves.descriptions:1031:0	text	data/moves/descriptions.asm	1031	0	db	Hurts foes when	
data.moves.descriptions:1032:0	text	data/moves/descriptions.asm	1032	0	next	they switch out.@	
data.moves.descriptions:1035:0	text	data/moves/descriptions.asm	1035	0	db	An attack that	
data.moves.descriptions:1036:0	text	data/moves/descriptions.asm	1036	0	next	always paralyzes.@	
data.moves.descriptions:1039:0	text	data/moves/descriptions.asm	1039	0	db	Negates accuracy	
data.moves.descriptions:1040:0	text	data/moves/descriptions.asm	1040	0	next	reduction moves.@	
data.moves.descriptions:1043:0	text	data/moves/descriptions.asm	1043	0	db	The foe faints if	
data.moves.descriptions:1044:0	text	data/moves/descriptions.asm	1044	0	next	the user does.@	
data.moves.descriptions:1047:0	text	data/moves/descriptions.asm	1047	0	db	Both user and foe	
data.moves.descriptions:1048:0	text	data/moves/descriptions.asm	1048	0	next	faint in 3 turns.@	
data.moves.descriptions:1051:0	text	data/moves/descriptions.asm	1051	0	db	An icy attack that	
data.moves.descriptions:1052:0	text	data/moves/descriptions.asm	1052	0	next	lowers SPEED.@	
data.moves.descriptions:1055:0	text	data/moves/descriptions.asm	1055	0	db	Evades attack that	
data.moves.descriptions:1056:0	text	data/moves/descriptions.asm	1056	0	next	turn. It may fail.@	
data.moves.descriptions:1059:0	text	data/moves/descriptions.asm	1059	0	db	An attack that	
data.moves.descriptions:1060:0	text	data/moves/descriptions.asm	1060	0	next	hits 2-5 times.@	
data.moves.descriptions:1063:0	text	data/moves/descriptions.asm	1063	0	db	Ensures the next	
data.moves.descriptions:1064:0	text	data/moves/descriptions.asm	1064	0	next	attack will hit.@	
data.moves.descriptions:1067:0	text	data/moves/descriptions.asm	1067	0	db	Works 2-3 turns	
data.moves.descriptions:1068:0	text	data/moves/descriptions.asm	1068	0	next	and confuses user.@	
data.moves.descriptions:1071:0	text	data/moves/descriptions.asm	1071	0	db	Inflicts damage	
data.moves.descriptions:1072:0	text	data/moves/descriptions.asm	1072	0	next	every turn.@	
data.moves.descriptions:1075:0	text	data/moves/descriptions.asm	1075	0	db	Steals 1/2 of the	
data.moves.descriptions:1076:0	text	data/moves/descriptions.asm	1076	0	next	damage inflicted.@	
data.moves.descriptions:1079:0	text	data/moves/descriptions.asm	1079	0	db	Always leaves at	
data.moves.descriptions:1080:0	text	data/moves/descriptions.asm	1080	0	next	least 1HP.@	
data.moves.descriptions:1083:0	text	data/moves/descriptions.asm	1083	0	db	Sharply lowers the	
data.moves.descriptions:1084:0	text	data/moves/descriptions.asm	1084	0	next	foe's ATTACK.@	
data.moves.descriptions:1087:0	text	data/moves/descriptions.asm	1087	0	db	Attacks 5 turns	
data.moves.descriptions:1088:0	text	data/moves/descriptions.asm	1088	0	next	with rising power.@	
data.moves.descriptions:1091:0	text	data/moves/descriptions.asm	1091	0	db	Leaves the foe	
data.moves.descriptions:1092:0	text	data/moves/descriptions.asm	1092	0	next	with at least 1HP.@	
data.moves.descriptions:1095:0	text	data/moves/descriptions.asm	1095	0	db	Causes confusion	
data.moves.descriptions:1096:0	text	data/moves/descriptions.asm	1096	0	next	and raises ATTACK.@	
data.moves.descriptions:1099:0	text	data/moves/descriptions.asm	1099	0	db	Restores HP by 1/2	
data.moves.descriptions:1100:0	text	data/moves/descriptions.asm	1100	0	next	the max HP.@	
data.moves.descriptions:1103:0	text	data/moves/descriptions.asm	1103	0	db	An attack that may	
data.moves.descriptions:1104:0	text	data/moves/descriptions.asm	1104	0	next	cause paralysis.@	
data.moves.descriptions:1107:0	text	data/moves/descriptions.asm	1107	0	db	Successive hits	
data.moves.descriptions:1108:0	text	data/moves/descriptions.asm	1108	0	next	raise power.@	
data.moves.descriptions:1111:0	text	data/moves/descriptions.asm	1111	0	db	Stiff wings strike	
data.moves.descriptions:1112:0	text	data/moves/descriptions.asm	1112	0	next	the foe.@	
data.moves.descriptions:1115:0	text	data/moves/descriptions.asm	1115	0	db	Prevents fleeing	
data.moves.descriptions:1116:0	text	data/moves/descriptions.asm	1116	0	next	or switching.@	
data.moves.descriptions:1119:0	text	data/moves/descriptions.asm	1119	0	db	Makes the opposite	
data.moves.descriptions:1120:0	text	data/moves/descriptions.asm	1120	0	next	gender infatuated.@	
data.moves.descriptions:1123:0	text	data/moves/descriptions.asm	1123	0	db	Randomly attacks	
data.moves.descriptions:1124:0	text	data/moves/descriptions.asm	1124	0	next	while asleep.@	
data.moves.descriptions:1127:0	text	data/moves/descriptions.asm	1127	0	db	Eliminates all	
data.moves.descriptions:1128:0	text	data/moves/descriptions.asm	1128	0	next	status problems.@	
data.moves.descriptions:1131:0	text	data/moves/descriptions.asm	1131	0	db	An attack that is	
data.moves.descriptions:1132:0	text	data/moves/descriptions.asm	1132	0	next	based on loyalty.@	
data.moves.descriptions:1135:0	text	data/moves/descriptions.asm	1135	0	db	A bomb that may	
data.moves.descriptions:1136:0	text	data/moves/descriptions.asm	1136	0	next	restore HP.@	
data.moves.descriptions:1139:0	text	data/moves/descriptions.asm	1139	0	db	An attack based on	
data.moves.descriptions:1140:0	text	data/moves/descriptions.asm	1140	0	next	lack of loyalty.@	
data.moves.descriptions:1143:0	text	data/moves/descriptions.asm	1143	0	db	Prevents all	
data.moves.descriptions:1144:0	text	data/moves/descriptions.asm	1144	0	next	status problems.@	
data.moves.descriptions:1147:0	text	data/moves/descriptions.asm	1147	0	db	Adds user & foe's	
data.moves.descriptions:1148:0	text	data/moves/descriptions.asm	1148	0	next	HPs. Shares total.@	
data.moves.descriptions:1151:0	text	data/moves/descriptions.asm	1151	0	db	An attack that may	
data.moves.descriptions:1152:0	text	data/moves/descriptions.asm	1152	0	next	inflict a burn.@	
data.moves.descriptions:1155:0	text	data/moves/descriptions.asm	1155	0	db	A ground attack	
data.moves.descriptions:1156:0	text	data/moves/descriptions.asm	1156	0	next	with random power.@	
data.moves.descriptions:1159:0	text	data/moves/descriptions.asm	1159	0	db	An attack that	
data.moves.descriptions:1160:0	text	data/moves/descriptions.asm	1160	0	next	always confuses.@	
data.moves.descriptions:1163:0	text	data/moves/descriptions.asm	1163	0	db	A powerful charge	
data.moves.descriptions:1164:0	text	data/moves/descriptions.asm	1164	0	next	attack.@	
data.moves.descriptions:1167:0	text	data/moves/descriptions.asm	1167	0	db	A strong breath	
data.moves.descriptions:1168:0	text	data/moves/descriptions.asm	1168	0	next	attack.@	
data.moves.descriptions:1171:0	text	data/moves/descriptions.asm	1171	0	db	Switches while	
data.moves.descriptions:1172:0	text	data/moves/descriptions.asm	1172	0	next	keeping effects.@	
data.moves.descriptions:1175:0	text	data/moves/descriptions.asm	1175	0	db	Makes the foe re-	
data.moves.descriptions:1176:0	text	data/moves/descriptions.asm	1176	0	next	peat 2-6 times.@	
data.moves.descriptions:1179:0	text	data/moves/descriptions.asm	1179	0	db	Heavily strikes	
data.moves.descriptions:1180:0	text	data/moves/descriptions.asm	1180	0	next	switching #MON.@	
data.moves.descriptions:1183:0	text	data/moves/descriptions.asm	1183	0	db	A high-speed	
data.moves.descriptions:1184:0	text	data/moves/descriptions.asm	1184	0	next	spinning attack.@	
data.moves.descriptions:1187:0	text	data/moves/descriptions.asm	1187	0	db	Reduces the foe's	
data.moves.descriptions:1188:0	text	data/moves/descriptions.asm	1188	0	next	evasiveness.@	
data.moves.descriptions:1191:0	text	data/moves/descriptions.asm	1191	0	db	An attack that may	
data.moves.descriptions:1192:0	text	data/moves/descriptions.asm	1192	0	next	reduce DEFENSE.@	
data.moves.descriptions:1195:0	text	data/moves/descriptions.asm	1195	0	db	An attack that may	
data.moves.descriptions:1196:0	text	data/moves/descriptions.asm	1196	0	next	up user's ATTACK.@	
data.moves.descriptions:1199:0	text	data/moves/descriptions.asm	1199	0	db	A 2nd-strike move	
data.moves.descriptions:1200:0	text	data/moves/descriptions.asm	1200	0	next	that never misses.@	
data.moves.descriptions:1203:0	text	data/moves/descriptions.asm	1203	0	db	Restores HP	
data.moves.descriptions:1204:0	text	data/moves/descriptions.asm	1204	0	next	(varies by time).@	
data.moves.descriptions:1207:0	text	data/moves/descriptions.asm	1207	0	db	Restores HP	
data.moves.descriptions:1208:0	text	data/moves/descriptions.asm	1208	0	next	(varies by time).@	
data.moves.descriptions:1211:0	text	data/moves/descriptions.asm	1211	0	db	Restores HP	
data.moves.descriptions:1212:0	text	data/moves/descriptions.asm	1212	0	next	(varies by time).@	
data.moves.descriptions:1215:0	text	data/moves/descriptions.asm	1215	0	db	The power varies	
data.moves.descriptions:1216:0	text	data/moves/descriptions.asm	1216	0	next	with the #MON.@	
data.moves.descriptions:1219:0	text	data/moves/descriptions.asm	1219	0	db	Has a high criti-	
data.moves.descriptions:1220:0	text	data/moves/descriptions.asm	1220	0	next	cal hit ratio.@	
data.moves.descriptions:1223:0	text	data/moves/descriptions.asm	1223	0	db	Whips up a tornado	
data.moves.descriptions:1224:0	text	data/moves/descriptions.asm	1224	0	next	to attack.@	
data.moves.descriptions:1227:0	text	data/moves/descriptions.asm	1227	0	db	Boosts water-type	
data.moves.descriptions:1228:0	text	data/moves/descriptions.asm	1228	0	next	moves for 5 turns.@	
data.moves.descriptions:1231:0	text	data/moves/descriptions.asm	1231	0	db	Boosts fire-type	
data.moves.descriptions:1232:0	text	data/moves/descriptions.asm	1232	0	next	moves for 5 turns.@	
data.moves.descriptions:1235:0	text	data/moves/descriptions.asm	1235	0	db	An attack that may	
data.moves.descriptions:1236:0	text	data/moves/descriptions.asm	1236	0	next	lower SPCL.DEF.@	
data.moves.descriptions:1239:0	text	data/moves/descriptions.asm	1239	0	db	Counters a SPCL.	
data.moves.descriptions:1240:0	text	data/moves/descriptions.asm	1240	0	next	ATK. move double.@	
data.moves.descriptions:1243:0	text	data/moves/descriptions.asm	1243	0	db	Copies the foe's	
data.moves.descriptions:1244:0	text	data/moves/descriptions.asm	1244	0	next	stat changes.@	
data.moves.descriptions:1247:0	text	data/moves/descriptions.asm	1247	0	db	A powerful first-	
data.moves.descriptions:1248:0	text	data/moves/descriptions.asm	1248	0	next	strike move.@	
data.moves.descriptions:1251:0	text	data/moves/descriptions.asm	1251	0	db	An attack that may	
data.moves.descriptions:1252:0	text	data/moves/descriptions.asm	1252	0	next	raise all stats.@	
data.moves.descriptions:1255:0	text	data/moves/descriptions.asm	1255	0	db	An attack that may	
data.moves.descriptions:1256:0	text	data/moves/descriptions.asm	1256	0	next	lower SPCL.DEF.@	
data.moves.descriptions:1259:0	text	data/moves/descriptions.asm	1259	0	db	An attack that	
data.moves.descriptions:1260:0	text	data/moves/descriptions.asm	1260	0	next	hits on 3rd turn.@	
data.moves.descriptions:1263:0	text	data/moves/descriptions.asm	1263	0	db	An attack that may	
data.moves.descriptions:1264:0	text	data/moves/descriptions.asm	1264	0	next	lower DEFENSE.@	
data.moves.descriptions:1267:0	text	data/moves/descriptions.asm	1267	0	db	Traps the foe for	
data.moves.descriptions:1268:0	text	data/moves/descriptions.asm	1268	0	next	2-5 turns.@	
data.moves.descriptions:1271:0	text	data/moves/descriptions.asm	1271	0	db	Party #MON join	
data.moves.descriptions:1272:0	text	data/moves/descriptions.asm	1272	0	next	in the attack.@	
data.moves.names:3:0	text	data/moves/names.asm	3	0	li	POUND	
data.moves.names:4:0	text	data/moves/names.asm	4	0	li	KARATE CHOP	
data.moves.names:5:0	text	data/moves/names.asm	5	0	li	DOUBLESLAP	
data.moves.names:6:0	text	data/moves/names.asm	6	0	li	COMET PUNCH	
data.moves.names:7:0	text	data/moves/names.asm	7	0	li	MEGA PUNCH	
data.moves.names:8:0	text	data/moves/names.asm	8	0	li	PAY DAY	
data.moves.names:9:0	text	data/moves/names.asm	9	0	li	FIRE PUNCH	
data.moves.names:10:0	text	data/moves/names.asm	10	0	li	ICE PUNCH	
data.moves.names:11:0	text	data/moves/names.asm	11	0	li	THUNDERPUNCH	
data.moves.names:12:0	text	data/moves/names.asm	12	0	li	SCRATCH	
data.moves.names:13:0	text	data/moves/names.asm	13	0	li	VICEGRIP	
data.moves.names:14:0	text	data/moves/names.asm	14	0	li	GUILLOTINE	
data.moves.names:15:0	text	data/moves/names.asm	15	0	li	RAZOR WIND	
data.moves.names:16:0	text	data/moves/names.asm	16	0	li	SWORDS DANCE	
data.moves.names:17:0	text	data/moves/names.asm	17	0	li	CUT	
data.moves.names:18:0	text	data/moves/names.asm	18	0	li	GUST	
data.moves.names:19:0	text	data/moves/names.asm	19	0	li	WING ATTACK	
data.moves.names:20:0	text	data/moves/names.asm	20	0	li	WHIRLWIND	
data.moves.names:21:0	text	data/moves/names.asm	21	0	li	FLY	
data.moves.names:22:0	text	data/moves/names.asm	22	0	li	BIND	
data.moves.names:23:0	text	data/moves/names.asm	23	0	li	SLAM	
data.moves.names:24:0	text	data/moves/names.asm	24	0	li	VINE WHIP	
data.moves.names:25:0	text	data/moves/names.asm	25	0	li	STOMP	
data.moves.names:26:0	text	data/moves/names.asm	26	0	li	DOUBLE KICK	
data.moves.names:27:0	text	data/moves/names.asm	27	0	li	MEGA KICK	
data.moves.names:28:0	text	data/moves/names.asm	28	0	li	JUMP KICK	
data.moves.names:29:0	text	data/moves/names.asm	29	0	li	ROLLING KICK	
data.moves.names:30:0	text	data/moves/names.asm	30	0	li	SAND-ATTACK	
data.moves.names:31:0	text	data/moves/names.asm	31	0	li	HEADBUTT	
data.moves.names:32:0	text	data/moves/names.asm	32	0	li	HORN ATTACK	
data.moves.names:33:0	text	data/moves/names.asm	33	0	li	FURY ATTACK	
data.moves.names:34:0	text	data/moves/names.asm	34	0	li	HORN DRILL	
data.moves.names:35:0	text	data/moves/names.asm	35	0	li	TACKLE	
data.moves.names:36:0	text	data/moves/names.asm	36	0	li	BODY SLAM	
data.moves.names:37:0	text	data/moves/names.asm	37	0	li	WRAP	
data.moves.names:38:0	text	data/moves/names.asm	38	0	li	TAKE DOWN	
data.moves.names:39:0	text	data/moves/names.asm	39	0	li	THRASH	
data.moves.names:40:0	text	data/moves/names.asm	40	0	li	DOUBLE-EDGE	
data.moves.names:41:0	text	data/moves/names.asm	41	0	li	TAIL WHIP	
data.moves.names:42:0	text	data/moves/names.asm	42	0	li	POISON STING	
data.moves.names:43:0	text	data/moves/names.asm	43	0	li	TWINEEDLE	
data.moves.names:44:0	text	data/moves/names.asm	44	0	li	PIN MISSILE	
data.moves.names:45:0	text	data/moves/names.asm	45	0	li	LEER	
data.moves.names:46:0	text	data/moves/names.asm	46	0	li	BITE	
data.moves.names:47:0	text	data/moves/names.asm	47	0	li	GROWL	
data.moves.names:48:0	text	data/moves/names.asm	48	0	li	ROAR	
data.moves.names:49:0	text	data/moves/names.asm	49	0	li	SING	
data.moves.names:50:0	text	data/moves/names.asm	50	0	li	SUPERSONIC	
data.moves.names:51:0	text	data/moves/names.asm	51	0	li	SONICBOOM	
data.moves.names:52:0	text	data/moves/names.asm	52	0	li	DISABLE	
data.moves.names:53:0	text	data/moves/names.asm	53	0	li	ACID	
data.moves.names:54:0	text	data/moves/names.asm	54	0	li	EMBER	
data.moves.names:55:0	text	data/moves/names.asm	55	0	li	FLAMETHROWER	
data.moves.names:56:0	text	data/moves/names.asm	56	0	li	MIST	
data.moves.names:57:0	text	data/moves/names.asm	57	0	li	WATER GUN	
data.moves.names:58:0	text	data/moves/names.asm	58	0	li	HYDRO PUMP	
data.moves.names:59:0	text	data/moves/names.asm	59	0	li	SURF	
data.moves.names:60:0	text	data/moves/names.asm	60	0	li	ICE BEAM	
data.moves.names:61:0	text	data/moves/names.asm	61	0	li	BLIZZARD	
data.moves.names:62:0	text	data/moves/names.asm	62	0	li	PSYBEAM	
data.moves.names:63:0	text	data/moves/names.asm	63	0	li	BUBBLEBEAM	
data.moves.names:64:0	text	data/moves/names.asm	64	0	li	AURORA BEAM	
data.moves.names:65:0	text	data/moves/names.asm	65	0	li	HYPER BEAM	
data.moves.names:66:0	text	data/moves/names.asm	66	0	li	PECK	
data.moves.names:67:0	text	data/moves/names.asm	67	0	li	DRILL PECK	
data.moves.names:68:0	text	data/moves/names.asm	68	0	li	SUBMISSION	
data.moves.names:69:0	text	data/moves/names.asm	69	0	li	LOW KICK	
data.moves.names:70:0	text	data/moves/names.asm	70	0	li	COUNTER	
data.moves.names:71:0	text	data/moves/names.asm	71	0	li	SEISMIC TOSS	
data.moves.names:72:0	text	data/moves/names.asm	72	0	li	STRENGTH	
data.moves.names:73:0	text	data/moves/names.asm	73	0	li	ABSORB	
data.moves.names:74:0	text	data/moves/names.asm	74	0	li	MEGA DRAIN	
data.moves.names:75:0	text	data/moves/names.asm	75	0	li	LEECH SEED	
data.moves.names:76:0	text	data/moves/names.asm	76	0	li	GROWTH	
data.moves.names:77:0	text	data/moves/names.asm	77	0	li	RAZOR LEAF	
data.moves.names:78:0	text	data/moves/names.asm	78	0	li	SOLARBEAM	
data.moves.names:79:0	text	data/moves/names.asm	79	0	li	POISONPOWDER	
data.moves.names:80:0	text	data/moves/names.asm	80	0	li	STUN SPORE	
data.moves.names:81:0	text	data/moves/names.asm	81	0	li	SLEEP POWDER	
data.moves.names:82:0	text	data/moves/names.asm	82	0	li	PETAL DANCE	
data.moves.names:83:0	text	data/moves/names.asm	83	0	li	STRING SHOT	
data.moves.names:84:0	text	data/moves/names.asm	84	0	li	DRAGON RAGE	
data.moves.names:85:0	text	data/moves/names.asm	85	0	li	FIRE SPIN	
data.moves.names:86:0	text	data/moves/names.asm	86	0	li	THUNDERSHOCK	
data.moves.names:87:0	text	data/moves/names.asm	87	0	li	THUNDERBOLT	
data.moves.names:88:0	text	data/moves/names.asm	88	0	li	THUNDER WAVE	
data.moves.names:89:0	text	data/moves/names.asm	89	0	li	THUNDER	
data.moves.names:90:0	text	data/moves/names.asm	90	0	li	ROCK THROW	
data.moves.names:91:0	text	data/moves/names.asm	91	0	li	EARTHQUAKE	
data.moves.names:92:0	text	data/moves/names.asm	92	0	li	FISSURE	
data.moves.names:93:0	text	data/moves/names.asm	93	0	li	DIG	
data.moves.names:94:0	text	data/moves/names.asm	94	0	li	TOXIC	
data.moves.names:95:0	text	data/moves/names.asm	95	0	li	CONFUSION	
data.moves.names:96:0	text	data/moves/names.asm	96	0	li	PSYCHIC	
data.moves.names:97:0	text	data/moves/names.asm	97	0	li	HYPNOSIS	
data.moves.names:98:0	text	data/moves/names.asm	98	0	li	MEDITATE	
data.moves.names:99:0	text	data/moves/names.asm	99	0	li	AGILITY	
data.moves.names:100:0	text	data/moves/names.asm	100	0	li	QUICK ATTACK	
data.moves.names:101:0	text	data/moves/names.asm	101	0	li	RAGE	
data.moves.names:102:0	text	data/moves/names.asm	102	0	li	TELEPORT	
data.moves.names:103:0	text	data/moves/names.asm	103	0	li	NIGHT SHADE	
data.moves.names:104:0	text	data/moves/names.asm	104	0	li	MIMIC	
data.moves.names:105:0	text	data/moves/names.asm	105	0	li	SCREECH	
data.moves.names:106:0	text	data/moves/names.asm	106	0	li	DOUBLE TEAM	
data.moves.names:107:0	text	data/moves/names.asm	107	0	li	RECOVER	
data.moves.names:108:0	text	data/moves/names.asm	108	0	li	HARDEN	
data.moves.names:109:0	text	data/moves/names.asm	109	0	li	MINIMIZE	
data.moves.names:110:0	text	data/moves/names.asm	110	0	li	SMOKESCREEN	
data.moves.names:111:0	text	data/moves/names.asm	111	0	li	CONFUSE RAY	
data.moves.names:112:0	text	data/moves/names.asm	112	0	li	WITHDRAW	
data.moves.names:113:0	text	data/moves/names.asm	113	0	li	DEFENSE CURL	
data.moves.names:114:0	text	data/moves/names.asm	114	0	li	BARRIER	
data.moves.names:115:0	text	data/moves/names.asm	115	0	li	LIGHT SCREEN	
data.moves.names:116:0	text	data/moves/names.asm	116	0	li	HAZE	
data.moves.names:117:0	text	data/moves/names.asm	117	0	li	REFLECT	
data.moves.names:118:0	text	data/moves/names.asm	118	0	li	FOCUS ENERGY	
data.moves.names:119:0	text	data/moves/names.asm	119	0	li	BIDE	
data.moves.names:120:0	text	data/moves/names.asm	120	0	li	METRONOME	
data.moves.names:121:0	text	data/moves/names.asm	121	0	li	MIRROR MOVE	
data.moves.names:122:0	text	data/moves/names.asm	122	0	li	SELFDESTRUCT	
data.moves.names:123:0	text	data/moves/names.asm	123	0	li	EGG BOMB	
data.moves.names:124:0	text	data/moves/names.asm	124	0	li	LICK	
data.moves.names:125:0	text	data/moves/names.asm	125	0	li	SMOG	
data.moves.names:126:0	text	data/moves/names.asm	126	0	li	SLUDGE	
data.moves.names:127:0	text	data/moves/names.asm	127	0	li	BONE CLUB	
data.moves.names:128:0	text	data/moves/names.asm	128	0	li	FIRE BLAST	
data.moves.names:129:0	text	data/moves/names.asm	129	0	li	WATERFALL	
data.moves.names:130:0	text	data/moves/names.asm	130	0	li	CLAMP	
data.moves.names:131:0	text	data/moves/names.asm	131	0	li	SWIFT	
data.moves.names:132:0	text	data/moves/names.asm	132	0	li	SKULL BASH	
data.moves.names:133:0	text	data/moves/names.asm	133	0	li	SPIKE CANNON	
data.moves.names:134:0	text	data/moves/names.asm	134	0	li	CONSTRICT	
data.moves.names:135:0	text	data/moves/names.asm	135	0	li	AMNESIA	
data.moves.names:136:0	text	data/moves/names.asm	136	0	li	KINESIS	
data.moves.names:137:0	text	data/moves/names.asm	137	0	li	SOFTBOILED	
data.moves.names:138:0	text	data/moves/names.asm	138	0	li	HI JUMP KICK	
data.moves.names:139:0	text	data/moves/names.asm	139	0	li	GLARE	
data.moves.names:140:0	text	data/moves/names.asm	140	0	li	DREAM EATER	
data.moves.names:141:0	text	data/moves/names.asm	141	0	li	POISON GAS	
data.moves.names:142:0	text	data/moves/names.asm	142	0	li	BARRAGE	
data.moves.names:143:0	text	data/moves/names.asm	143	0	li	LEECH LIFE	
data.moves.names:144:0	text	data/moves/names.asm	144	0	li	LOVELY KISS	
data.moves.names:145:0	text	data/moves/names.asm	145	0	li	SKY ATTACK	
data.moves.names:146:0	text	data/moves/names.asm	146	0	li	TRANSFORM	
data.moves.names:147:0	text	data/moves/names.asm	147	0	li	BUBBLE	
data.moves.names:148:0	text	data/moves/names.asm	148	0	li	DIZZY PUNCH	
data.moves.names:149:0	text	data/moves/names.asm	149	0	li	SPORE	
data.moves.names:150:0	text	data/moves/names.asm	150	0	li	FLASH	
data.moves.names:151:0	text	data/moves/names.asm	151	0	li	PSYWAVE	
data.moves.names:152:0	text	data/moves/names.asm	152	0	li	SPLASH	
data.moves.names:153:0	text	data/moves/names.asm	153	0	li	ACID ARMOR	
data.moves.names:154:0	text	data/moves/names.asm	154	0	li	CRABHAMMER	
data.moves.names:155:0	text	data/moves/names.asm	155	0	li	EXPLOSION	
data.moves.names:156:0	text	data/moves/names.asm	156	0	li	FURY SWIPES	
data.moves.names:157:0	text	data/moves/names.asm	157	0	li	BONEMERANG	
data.moves.names:158:0	text	data/moves/names.asm	158	0	li	REST	
data.moves.names:159:0	text	data/moves/names.asm	159	0	li	ROCK SLIDE	
data.moves.names:160:0	text	data/moves/names.asm	160	0	li	HYPER FANG	
data.moves.names:161:0	text	data/moves/names.asm	161	0	li	SHARPEN	
data.moves.names:162:0	text	data/moves/names.asm	162	0	li	CONVERSION	
data.moves.names:163:0	text	data/moves/names.asm	163	0	li	TRI ATTACK	
data.moves.names:164:0	text	data/moves/names.asm	164	0	li	SUPER FANG	
data.moves.names:165:0	text	data/moves/names.asm	165	0	li	SLASH	
data.moves.names:166:0	text	data/moves/names.asm	166	0	li	SUBSTITUTE	
data.moves.names:167:0	text	data/moves/names.asm	167	0	li	STRUGGLE	
data.moves.names:168:0	text	data/moves/names.asm	168	0	li	SKETCH	
data.moves.names:169:0	text	data/moves/names.asm	169	0	li	TRIPLE KICK	
data.moves.names:170:0	text	data/moves/names.asm	170	0	li	THIEF	
data.moves.names:171:0	text	data/moves/names.asm	171	0	li	SPIDER WEB	
data.moves.names:172:0	text	data/moves/names.asm	172	0	li	MIND READER	
data.moves.names:173:0	text	data/moves/names.asm	173	0	li	NIGHTMARE	
data.moves.names:174:0	text	data/moves/names.asm	174	0	li	FLAME WHEEL	
data.moves.names:175:0	text	data/moves/names.asm	175	0	li	SNORE	
data.moves.names:176:0	text	data/moves/names.asm	176	0	li	CURSE	
data.moves.names:177:0	text	data/moves/names.asm	177	0	li	FLAIL	
data.moves.names:178:0	text	data/moves/names.asm	178	0	li	CONVERSION2	
data.moves.names:179:0	text	data/moves/names.asm	179	0	li	AEROBLAST	
data.moves.names:180:0	text	data/moves/names.asm	180	0	li	COTTON SPORE	
data.moves.names:181:0	text	data/moves/names.asm	181	0	li	REVERSAL	
data.moves.names:182:0	text	data/moves/names.asm	182	0	li	SPITE	
data.moves.names:183:0	text	data/moves/names.asm	183	0	li	POWDER SNOW	
data.moves.names:184:0	text	data/moves/names.asm	184	0	li	PROTECT	
data.moves.names:185:0	text	data/moves/names.asm	185	0	li	MACH PUNCH	
data.moves.names:186:0	text	data/moves/names.asm	186	0	li	SCARY FACE	
data.moves.names:187:0	text	data/moves/names.asm	187	0	li	FAINT ATTACK	
data.moves.names:188:0	text	data/moves/names.asm	188	0	li	SWEET KISS	
data.moves.names:189:0	text	data/moves/names.asm	189	0	li	BELLY DRUM	
data.moves.names:190:0	text	data/moves/names.asm	190	0	li	SLUDGE BOMB	
data.moves.names:191:0	text	data/moves/names.asm	191	0	li	MUD-SLAP	
data.moves.names:192:0	text	data/moves/names.asm	192	0	li	OCTAZOOKA	
data.moves.names:193:0	text	data/moves/names.asm	193	0	li	SPIKES	
data.moves.names:194:0	text	data/moves/names.asm	194	0	li	ZAP CANNON	
data.moves.names:195:0	text	data/moves/names.asm	195	0	li	FORESIGHT	
data.moves.names:196:0	text	data/moves/names.asm	196	0	li	DESTINY BOND	
data.moves.names:197:0	text	data/moves/names.asm	197	0	li	PERISH SONG	
data.moves.names:198:0	text	data/moves/names.asm	198	0	li	ICY WIND	
data.moves.names:199:0	text	data/moves/names.asm	199	0	li	DETECT	
data.moves.names:200:0	text	data/moves/names.asm	200	0	li	BONE RUSH	
data.moves.names:201:0	text	data/moves/names.asm	201	0	li	LOCK-ON	
data.moves.names:202:0	text	data/moves/names.asm	202	0	li	OUTRAGE	
data.moves.names:203:0	text	data/moves/names.asm	203	0	li	SANDSTORM	
data.moves.names:204:0	text	data/moves/names.asm	204	0	li	GIGA DRAIN	
data.moves.names:205:0	text	data/moves/names.asm	205	0	li	ENDURE	
data.moves.names:206:0	text	data/moves/names.asm	206	0	li	CHARM	
data.moves.names:207:0	text	data/moves/names.asm	207	0	li	ROLLOUT	
data.moves.names:208:0	text	data/moves/names.asm	208	0	li	FALSE SWIPE	
data.moves.names:209:0	text	data/moves/names.asm	209	0	li	SWAGGER	
data.moves.names:210:0	text	data/moves/names.asm	210	0	li	MILK DRINK	
data.moves.names:211:0	text	data/moves/names.asm	211	0	li	SPARK	
data.moves.names:212:0	text	data/moves/names.asm	212	0	li	FURY CUTTER	
data.moves.names:213:0	text	data/moves/names.asm	213	0	li	STEEL WING	
data.moves.names:214:0	text	data/moves/names.asm	214	0	li	MEAN LOOK	
data.moves.names:215:0	text	data/moves/names.asm	215	0	li	ATTRACT	
data.moves.names:216:0	text	data/moves/names.asm	216	0	li	SLEEP TALK	
data.moves.names:217:0	text	data/moves/names.asm	217	0	li	HEAL BELL	
data.moves.names:218:0	text	data/moves/names.asm	218	0	li	RETURN	
data.moves.names:219:0	text	data/moves/names.asm	219	0	li	PRESENT	
data.moves.names:220:0	text	data/moves/names.asm	220	0	li	FRUSTRATION	
data.moves.names:221:0	text	data/moves/names.asm	221	0	li	SAFEGUARD	
data.moves.names:222:0	text	data/moves/names.asm	222	0	li	PAIN SPLIT	
data.moves.names:223:0	text	data/moves/names.asm	223	0	li	SACRED FIRE	
data.moves.names:224:0	text	data/moves/names.asm	224	0	li	MAGNITUDE	
data.moves.names:225:0	text	data/moves/names.asm	225	0	li	DYNAMICPUNCH	
data.moves.names:226:0	text	data/moves/names.asm	226	0	li	MEGAHORN	
data.moves.names:227:0	text	data/moves/names.asm	227	0	li	DRAGONBREATH	
data.moves.names:228:0	text	data/moves/names.asm	228	0	li	BATON PASS	
data.moves.names:229:0	text	data/moves/names.asm	229	0	li	ENCORE	
data.moves.names:230:0	text	data/moves/names.asm	230	0	li	PURSUIT	
data.moves.names:231:0	text	data/moves/names.asm	231	0	li	RAPID SPIN	
data.moves.names:232:0	text	data/moves/names.asm	232	0	li	SWEET SCENT	
data.moves.names:233:0	text	data/moves/names.asm	233	0	li	IRON TAIL	
data.moves.names:234:0	text	data/moves/names.asm	234	0	li	METAL CLAW	
data.moves.names:235:0	text	data/moves/names.asm	235	0	li	VITAL THROW	
data.moves.names:236:0	text	data/moves/names.asm	236	0	li	MORNING SUN	
data.moves.names:237:0	text	data/moves/names.asm	237	0	li	SYNTHESIS	
data.moves.names:238:0	text	data/moves/names.asm	238	0	li	MOONLIGHT	
data.moves.names:239:0	text	data/moves/names.asm	239	0	li	HIDDEN POWER	
data.moves.names:240:0	text	data/moves/names.asm	240	0	li	CROSS CHOP	
data.moves.names:241:0	text	data/moves/names.asm	241	0	li	TWISTER	
data.moves.names:242:0	text	data/moves/names.asm	242	0	li	RAIN DANCE	
data.moves.names:243:0	text	data/moves/names.asm	243	0	li	SUNNY DAY	
data.moves.names:244:0	text	data/moves/names.asm	244	0	li	CRUNCH	
data.moves.names:245:0	text	data/moves/names.asm	245	0	li	MIRROR COAT	
data.moves.names:246:0	text	data/moves/names.asm	246	0	li	PSYCH UP	
data.moves.names:247:0	text	data/moves/names.asm	247	0	li	EXTREMESPEED	
data.moves.names:248:0	text	data/moves/names.asm	248	0	li	ANCIENTPOWER	
data.moves.names:249:0	text	data/moves/names.asm	249	0	li	SHADOW BALL	
data.moves.names:250:0	text	data/moves/names.asm	250	0	li	FUTURE SIGHT	
data.moves.names:251:0	text	data/moves/names.asm	251	0	li	ROCK SMASH	
data.moves.names:252:0	text	data/moves/names.asm	252	0	li	WHIRLPOOL	
data.moves.names:253:0	text	data/moves/names.asm	253	0	li	BEAT UP	
data.phone.non_trainer_names:11:0	text	data/phone/non_trainer_names.asm	11	0	db	----------@	
data.phone.non_trainer_names:12:0	text	data/phone/non_trainer_names.asm	12	0	db	MOM@	
data.phone.non_trainer_names:13:0	text	data/phone/non_trainer_names.asm	13	0	db	BILL@	
data.phone.non_trainer_names:14:0	text	data/phone/non_trainer_names.asm	14	0	db	PROF.ELM@	
data.phone.non_trainer_names:15:0	text	data/phone/non_trainer_names.asm	15	0	db	BIKE SHOP@	
data.phone.text.bike_shop:2:0	text	data/phone/text/bike_shop.asm	2	0	text	Hi, <PLAYER>!	
data.phone.text.bike_shop:3:0	text	data/phone/text/bike_shop.asm	3	0	line	Our BICYCLE sales	
data.phone.text.bike_shop:5:0	text	data/phone/text/bike_shop.asm	5	0	para	have gone through	
data.phone.text.bike_shop:6:0	text	data/phone/text/bike_shop.asm	6	0	line	the roof!	
data.phone.text.bike_shop:8:0	text	data/phone/text/bike_shop.asm	8	0	para	We owe it all to	
data.phone.text.bike_shop:9:0	text	data/phone/text/bike_shop.asm	9	0	line	your advertising	
data.phone.text.bike_shop:11:0	text	data/phone/text/bike_shop.asm	11	0	para	by riding around	
data.phone.text.bike_shop:12:0	text	data/phone/text/bike_shop.asm	12	0	line	on our BICYCLE.	
data.phone.text.bike_shop:14:0	text	data/phone/text/bike_shop.asm	14	0	para	As our way of say-	
data.phone.text.bike_shop:15:0	text	data/phone/text/bike_shop.asm	15	0	line	ing thanks, please	
data.phone.text.bike_shop:17:0	text	data/phone/text/bike_shop.asm	17	0	para	keep that BICYCLE.	
data.phone.text.bike_shop:18:0	text	data/phone/text/bike_shop.asm	18	0	line	Thanks again!	
data.phone.text.bill:2:0	text	data/phone/text/bill.asm	2	0	text	Good morning!	
data.phone.text.bill:4:0	text	data/phone/text/bill.asm	4	0	para	This is the #-	
data.phone.text.bill:5:0	text	data/phone/text/bill.asm	5	0	line	MON STORAGE SYSTEM	
data.phone.text.bill:7:0	text	data/phone/text/bill.asm	7	0	para	ADMINISTRATION	
data.phone.text.bill:8:0	text	data/phone/text/bill.asm	8	0	line	SERVICE.	
data.phone.text.bill:12:0	text	data/phone/text/bill.asm	12	0	text	Good day!	
data.phone.text.bill:14:0	text	data/phone/text/bill.asm	14	0	para	This is the #-	
data.phone.text.bill:15:0	text	data/phone/text/bill.asm	15	0	line	MON STORAGE SYSTEM	
data.phone.text.bill:17:0	text	data/phone/text/bill.asm	17	0	para	ADMINISTRATION	
data.phone.text.bill:18:0	text	data/phone/text/bill.asm	18	0	line	SERVICE.	
data.phone.text.bill:22:0	text	data/phone/text/bill.asm	22	0	text	Good evening!	
data.phone.text.bill:24:0	text	data/phone/text/bill.asm	24	0	para	This is the #-	
data.phone.text.bill:25:0	text	data/phone/text/bill.asm	25	0	line	MON STORAGE SYSTEM	
data.phone.text.bill:27:0	text	data/phone/text/bill.asm	27	0	para	ADMINISTRATION	
data.phone.text.bill:28:0	text	data/phone/text/bill.asm	28	0	line	SERVICE.	
data.phone.text.bill:32:0	text	data/phone/text/bill.asm	32	0	text	Who's calling?	
data.phone.text.bill:34:0	text	data/phone/text/bill.asm	34	0	para	<PLAYER>, is it?	
data.phone.text.bill:35:0	text	data/phone/text/bill.asm	35	0	line	Hang on a sec…	
data.phone.text.bill:37:0	text	data/phone/text/bill.asm	37	0	para	<……>	
data.phone.text.bill:38:0	text	data/phone/text/bill.asm	38	0	line	<……>	
data.phone.text.bill:42:0	text	data/phone/text/bill.asm	42	0	text	Thanks for	
data.phone.text.bill:43:0	text	data/phone/text/bill.asm	43	0	line	waiting!	
data.phone.text.bill:45:0	text	data/phone/text/bill.asm	45	0	para	<PLAYER>, your BOX	
data.phone.text.bill:46:0	text	data/phone/text/bill.asm	46	0	line	has room for @	
data.phone.text.bill:49:0	text	data/phone/text/bill.asm	49	0	cont	more #MON.	
data.phone.text.bill:51:0	text	data/phone/text/bill.asm	51	0	para	Get out there and	
data.phone.text.bill:52:0	text	data/phone/text/bill.asm	52	0	line	fill it up!	
data.phone.text.bill:56:0	text	data/phone/text/bill.asm	56	0	text	Thanks for	
data.phone.text.bill:57:0	text	data/phone/text/bill.asm	57	0	line	waiting!	
data.phone.text.bill:59:0	text	data/phone/text/bill.asm	59	0	para	<PLAYER>, your BOX	
data.phone.text.bill:60:0	text	data/phone/text/bill.asm	60	0	line	has room for only	
data.phone.text.bill:61:0	text	data/phone/text/bill.asm	61	0	cont	@	
data.phone.text.bill:63:0	text	data/phone/text/bill.asm	63	0	text	 more #MON.	
data.phone.text.bill:65:0	text	data/phone/text/bill.asm	65	0	para	Maybe you should	
data.phone.text.bill:66:0	text	data/phone/text/bill.asm	66	0	line	switch your BOX.	
data.phone.text.bill:70:0	text	data/phone/text/bill.asm	70	0	text	Thanks for	
data.phone.text.bill:71:0	text	data/phone/text/bill.asm	71	0	line	waiting!	
data.phone.text.bill:73:0	text	data/phone/text/bill.asm	73	0	para	<PLAYER>, your BOX	
data.phone.text.bill:74:0	text	data/phone/text/bill.asm	74	0	line	is full!	
data.phone.text.bill:76:0	text	data/phone/text/bill.asm	76	0	para	You'll have to	
data.phone.text.bill:77:0	text	data/phone/text/bill.asm	77	0	line	switch BOXES if	
data.phone.text.bill:79:0	text	data/phone/text/bill.asm	79	0	para	you want to catch	
data.phone.text.bill:80:0	text	data/phone/text/bill.asm	80	0	line	more #MON.	
data.phone.text.bill:84:0	text	data/phone/text/bill.asm	84	0	text	Hi, <PLAYER>?	
data.phone.text.bill:85:0	text	data/phone/text/bill.asm	85	0	line	It's me, BILL!	
data.phone.text.bill:87:0	text	data/phone/text/bill.asm	87	0	para	Thanks for using	
data.phone.text.bill:88:0	text	data/phone/text/bill.asm	88	0	line	my STORAGE SYSTEM.	
data.phone.text.bill:90:0	text	data/phone/text/bill.asm	90	0	para	That last #MON	
data.phone.text.bill:91:0	text	data/phone/text/bill.asm	91	0	line	you sent filled	
data.phone.text.bill:92:0	text	data/phone/text/bill.asm	92	0	cont	your BOX up.	
data.phone.text.bill:94:0	text	data/phone/text/bill.asm	94	0	para	You'll have to	
data.phone.text.bill:95:0	text	data/phone/text/bill.asm	95	0	line	switch BOXES if	
data.phone.text.bill:97:0	text	data/phone/text/bill.asm	97	0	para	you want to catch	
data.phone.text.bill:98:0	text	data/phone/text/bill.asm	98	0	line	more #MON.	
data.phone.text.bill:100:0	text	data/phone/text/bill.asm	100	0	para	Bye now!	
data.phone.text.elm:2:0	text	data/phone/text/elm.asm	2	0	text	Hello, <PLAYER>?	
data.phone.text.elm:4:0	text	data/phone/text/elm.asm	4	0	para	Try not to overdo	
data.phone.text.elm:5:0	text	data/phone/text/elm.asm	5	0	line	it.	
data.phone.text.elm:7:0	text	data/phone/text/elm.asm	7	0	para	Be sure to heal	
data.phone.text.elm:8:0	text	data/phone/text/elm.asm	8	0	line	your #MON if	
data.phone.text.elm:9:0	text	data/phone/text/elm.asm	9	0	cont	they are hurt.	
data.phone.text.elm:13:0	text	data/phone/text/elm.asm	13	0	text	Hello, <PLAYER>?	
data.phone.text.elm:15:0	text	data/phone/text/elm.asm	15	0	para	Did you meet MR.	
data.phone.text.elm:16:0	text	data/phone/text/elm.asm	16	0	line	#MON? Great!	
data.phone.text.elm:17:0	text	data/phone/text/elm.asm	17	0	cont	Come back safely!	
data.phone.text.elm:21:0	text	data/phone/text/elm.asm	21	0	text	<PLAYER>? I'm very	
data.phone.text.elm:22:0	text	data/phone/text/elm.asm	22	0	line	upset now.	
data.phone.text.elm:24:0	text	data/phone/text/elm.asm	24	0	para	We had a #MON	
data.phone.text.elm:25:0	text	data/phone/text/elm.asm	25	0	line	stolen from here.	
data.phone.text.elm:27:0	text	data/phone/text/elm.asm	27	0	para	How could anyone	
data.phone.text.elm:28:0	text	data/phone/text/elm.asm	28	0	line	do that?	
data.phone.text.elm:32:0	text	data/phone/text/elm.asm	32	0	text	Hello, <PLAYER>?	
data.phone.text.elm:34:0	text	data/phone/text/elm.asm	34	0	para	We're checking the	
data.phone.text.elm:35:0	text	data/phone/text/elm.asm	35	0	line	EGG now. It does	
data.phone.text.elm:37:0	text	data/phone/text/elm.asm	37	0	para	appear to be a	
data.phone.text.elm:38:0	text	data/phone/text/elm.asm	38	0	line	#MON EGG.	
data.phone.text.elm:42:0	text	data/phone/text/elm.asm	42	0	text	Hello, <PLAYER>?	
data.phone.text.elm:44:0	text	data/phone/text/elm.asm	44	0	para	Did you see my	
data.phone.text.elm:45:0	text	data/phone/text/elm.asm	45	0	line	assistant? He's at	
data.phone.text.elm:47:0	text	data/phone/text/elm.asm	47	0	para	the #MON CENTER	
data.phone.text.elm:48:0	text	data/phone/text/elm.asm	48	0	line	in VIOLET CITY.	
data.phone.text.elm:52:0	text	data/phone/text/elm.asm	52	0	text	Hello, <PLAYER>?	
data.phone.text.elm:54:0	text	data/phone/text/elm.asm	54	0	para	How's the EGG? Has	
data.phone.text.elm:55:0	text	data/phone/text/elm.asm	55	0	line	anything changed?	
data.phone.text.elm:57:0	text	data/phone/text/elm.asm	57	0	para	If anything hap-	
data.phone.text.elm:58:0	text	data/phone/text/elm.asm	58	0	line	pens, please call.	
data.phone.text.elm:62:0	text	data/phone/text/elm.asm	62	0	text	Hello, <PLAYER>?	
data.phone.text.elm:63:0	text	data/phone/text/elm.asm	63	0	line	How is the EGG?	
data.phone.text.elm:65:0	text	data/phone/text/elm.asm	65	0	para	What? It hatched?	
data.phone.text.elm:66:0	text	data/phone/text/elm.asm	66	0	line	Wow! What kind of	
data.phone.text.elm:67:0	text	data/phone/text/elm.asm	67	0	cont	#MON is it?	
data.phone.text.elm:69:0	text	data/phone/text/elm.asm	69	0	para	Please come show	
data.phone.text.elm:70:0	text	data/phone/text/elm.asm	70	0	line	me now!	
data.phone.text.elm:74:0	text	data/phone/text/elm.asm	74	0	text	Hello, <PLAYER>?	
data.phone.text.elm:76:0	text	data/phone/text/elm.asm	76	0	para	I just made a new	
data.phone.text.elm:77:0	text	data/phone/text/elm.asm	77	0	line	discovery.	
data.phone.text.elm:79:0	text	data/phone/text/elm.asm	79	0	para	The time it takes	
data.phone.text.elm:80:0	text	data/phone/text/elm.asm	80	0	line	for an EGG to	
data.phone.text.elm:82:0	text	data/phone/text/elm.asm	82	0	para	hatch depends on	
data.phone.text.elm:83:0	text	data/phone/text/elm.asm	83	0	line	the #MON.	
data.phone.text.elm:87:0	text	data/phone/text/elm.asm	87	0	text	Hello, <PLAYER>?	
data.phone.text.elm:89:0	text	data/phone/text/elm.asm	89	0	para	It's still a	
data.phone.text.elm:90:0	text	data/phone/text/elm.asm	90	0	line	mystery what kinds	
data.phone.text.elm:92:0	text	data/phone/text/elm.asm	92	0	para	of moves hatched	
data.phone.text.elm:93:0	text	data/phone/text/elm.asm	93	0	line	#MON have.	
data.phone.text.elm:95:0	text	data/phone/text/elm.asm	95	0	para	We're investigat-	
data.phone.text.elm:96:0	text	data/phone/text/elm.asm	96	0	line	ing that now.	
data.phone.text.elm:100:0	text	data/phone/text/elm.asm	100	0	text	Hello, <PLAYER>?	
data.phone.text.elm:102:0	text	data/phone/text/elm.asm	102	0	para	I discovered an	
data.phone.text.elm:103:0	text	data/phone/text/elm.asm	103	0	line	odd thing.	
data.phone.text.elm:105:0	text	data/phone/text/elm.asm	105	0	para	Apparently there's	
data.phone.text.elm:106:0	text	data/phone/text/elm.asm	106	0	line	something called	
data.phone.text.elm:108:0	text	data/phone/text/elm.asm	108	0	para	#RUS that in-	
data.phone.text.elm:109:0	text	data/phone/text/elm.asm	109	0	line	fects #MON.	
data.phone.text.elm:111:0	text	data/phone/text/elm.asm	111	0	para	Yes, it's like a	
data.phone.text.elm:112:0	text	data/phone/text/elm.asm	112	0	line	virus, so it's	
data.phone.text.elm:113:0	text	data/phone/text/elm.asm	113	0	cont	called #RUS.	
data.phone.text.elm:115:0	text	data/phone/text/elm.asm	115	0	para	It multiplies fast	
data.phone.text.elm:116:0	text	data/phone/text/elm.asm	116	0	line	and infects other	
data.phone.text.elm:118:0	text	data/phone/text/elm.asm	118	0	para	#MON too. But	
data.phone.text.elm:119:0	text	data/phone/text/elm.asm	119	0	line	that's all.	
data.phone.text.elm:121:0	text	data/phone/text/elm.asm	121	0	para	It doesn't seem to	
data.phone.text.elm:122:0	text	data/phone/text/elm.asm	122	0	line	do anything, and	
data.phone.text.elm:124:0	text	data/phone/text/elm.asm	124	0	para	it goes away over	
data.phone.text.elm:125:0	text	data/phone/text/elm.asm	125	0	line	time.	
data.phone.text.elm:127:0	text	data/phone/text/elm.asm	127	0	para	I guess it's	
data.phone.text.elm:128:0	text	data/phone/text/elm.asm	128	0	line	nothing to worry	
data.phone.text.elm:129:0	text	data/phone/text/elm.asm	129	0	cont	about. Bye!	
data.phone.text.elm:133:0	text	data/phone/text/elm.asm	133	0	text	H-hello? <PLAYER>?	
data.phone.text.elm:134:0	text	data/phone/text/elm.asm	134	0	line	It's a disaster!	
data.phone.text.elm:136:0	text	data/phone/text/elm.asm	136	0	para	Uh, um, it's just	
data.phone.text.elm:137:0	text	data/phone/text/elm.asm	137	0	line	terrible!	
data.phone.text.elm:139:0	text	data/phone/text/elm.asm	139	0	para	What should I do?	
data.phone.text.elm:140:0	text	data/phone/text/elm.asm	140	0	line	It… Oh, no…	
data.phone.text.elm:142:0	text	data/phone/text/elm.asm	142	0	para	Please get back	
data.phone.text.elm:143:0	text	data/phone/text/elm.asm	143	0	line	here now!	
data.phone.text.elm:147:0	text	data/phone/text/elm.asm	147	0	text	Hello, <PLAYER>? We	
data.phone.text.elm:148:0	text	data/phone/text/elm.asm	148	0	line	discovered some-	
data.phone.text.elm:150:0	text	data/phone/text/elm.asm	150	0	para	thing about the	
data.phone.text.elm:151:0	text	data/phone/text/elm.asm	151	0	line	EGG!	
data.phone.text.elm:153:0	text	data/phone/text/elm.asm	153	0	para	My assistant is at	
data.phone.text.elm:154:0	text	data/phone/text/elm.asm	154	0	line	the #MON CENTER	
data.phone.text.elm:156:0	text	data/phone/text/elm.asm	156	0	para	in VIOLET CITY. 	
data.phone.text.elm:157:0	text	data/phone/text/elm.asm	157	0	line	Could you talk to	
data.phone.text.elm:158:0	text	data/phone/text/elm.asm	158	0	cont	him?	
data.phone.text.elm:162:0	text	data/phone/text/elm.asm	162	0	text	<PLAYER>, how are	
data.phone.text.elm:163:0	text	data/phone/text/elm.asm	163	0	line	things going?	
data.phone.text.elm:165:0	text	data/phone/text/elm.asm	165	0	para	I called because	
data.phone.text.elm:166:0	text	data/phone/text/elm.asm	166	0	line	something weird is	
data.phone.text.elm:168:0	text	data/phone/text/elm.asm	168	0	para	happening with the	
data.phone.text.elm:169:0	text	data/phone/text/elm.asm	169	0	line	radio broadcasts.	
data.phone.text.elm:171:0	text	data/phone/text/elm.asm	171	0	para	They were talking	
data.phone.text.elm:172:0	text	data/phone/text/elm.asm	172	0	line	about TEAM ROCKET.	
data.phone.text.elm:174:0	text	data/phone/text/elm.asm	174	0	para	<PLAYER>, do you	
data.phone.text.elm:175:0	text	data/phone/text/elm.asm	175	0	line	know anything	
data.phone.text.elm:176:0	text	data/phone/text/elm.asm	176	0	cont	about it?	
data.phone.text.elm:178:0	text	data/phone/text/elm.asm	178	0	para	Maybe TEAM ROCKET	
data.phone.text.elm:179:0	text	data/phone/text/elm.asm	179	0	line	has returned. No,	
data.phone.text.elm:181:0	text	data/phone/text/elm.asm	181	0	para	that just can't	
data.phone.text.elm:182:0	text	data/phone/text/elm.asm	182	0	line	be true.	
data.phone.text.elm:184:0	text	data/phone/text/elm.asm	184	0	para	Sorry to bug you.	
data.phone.text.elm:185:0	text	data/phone/text/elm.asm	185	0	line	Take care!	
data.phone.text.elm:189:0	text	data/phone/text/elm.asm	189	0	text	Hello, <PLAYER>?	
data.phone.text.elm:191:0	text	data/phone/text/elm.asm	191	0	para	I have something	
data.phone.text.elm:192:0	text	data/phone/text/elm.asm	192	0	line	here for you.	
data.phone.text.elm:194:0	text	data/phone/text/elm.asm	194	0	para	Could you swing by	
data.phone.text.elm:195:0	text	data/phone/text/elm.asm	195	0	line	my LAB?	
data.phone.text.elm:197:0	text	data/phone/text/elm.asm	197	0	para	See you later!	
data.phone.text.elm:201:0	text	data/phone/text/elm.asm	201	0	text	Hello, <PLAYER>?	
data.phone.text.elm:202:0	text	data/phone/text/elm.asm	202	0	line	How's it going?	
data.phone.text.elm:204:0	text	data/phone/text/elm.asm	204	0	para	I got ahold of	
data.phone.text.elm:205:0	text	data/phone/text/elm.asm	205	0	line	something neat.	
data.phone.text.elm:207:0	text	data/phone/text/elm.asm	207	0	para	Swing by my LAB	
data.phone.text.elm:208:0	text	data/phone/text/elm.asm	208	0	line	and pick it up!	
data.phone.text.elm:210:0	text	data/phone/text/elm.asm	210	0	para	See you later!	
data.phone.text.landmarks:1:0	text	data/phone/text/landmarks.asm	1	0	db	NATIONAL PARK@	
data.phone.text.landmarks:2:0	text	data/phone/text/landmarks.asm	2	0	db	LIGHTHOUSE@	
data.phone.text.landmarks:3:0	text	data/phone/text/landmarks.asm	3	0	db	UNDERGROUND@	
data.phone.text.landmarks:4:0	text	data/phone/text/landmarks.asm	4	0	db	DARK CAVE@	
data.phone.text.landmarks:5:0	text	data/phone/text/landmarks.asm	5	0	db	MT.MORTAR@	
data.phone.text.landmarks:6:0	text	data/phone/text/landmarks.asm	6	0	db	ROUTE 26@	
data.phone.text.landmarks:7:0	text	data/phone/text/landmarks.asm	7	0	db	ROUTE 27@	
data.phone.text.landmarks:8:0	text	data/phone/text/landmarks.asm	8	0	db	ROUTE 30@	
data.phone.text.landmarks:9:0	text	data/phone/text/landmarks.asm	9	0	db	ROUTE 31@	
data.phone.text.landmarks:10:0	text	data/phone/text/landmarks.asm	10	0	db	ROUTE 32@	
data.phone.text.landmarks:11:0	text	data/phone/text/landmarks.asm	11	0	db	ROUTE 33@	
data.phone.text.landmarks:12:0	text	data/phone/text/landmarks.asm	12	0	db	ROUTE 34@	
data.phone.text.landmarks:13:0	text	data/phone/text/landmarks.asm	13	0	db	ROUTE 35@	
data.phone.text.landmarks:14:0	text	data/phone/text/landmarks.asm	14	0	db	ROUTE 36@	
data.phone.text.landmarks:15:0	text	data/phone/text/landmarks.asm	15	0	db	ROUTE 37@	
data.phone.text.landmarks:16:0	text	data/phone/text/landmarks.asm	16	0	db	ROUTE 38@	
data.phone.text.landmarks:17:0	text	data/phone/text/landmarks.asm	17	0	db	ROUTE 39@	
data.phone.text.landmarks:18:0	text	data/phone/text/landmarks.asm	18	0	db	ROUTE 42@	
data.phone.text.landmarks:19:0	text	data/phone/text/landmarks.asm	19	0	db	ROUTE 43@	
data.phone.text.landmarks:20:0	text	data/phone/text/landmarks.asm	20	0	db	ROUTE 44@	
data.phone.text.landmarks:21:0	text	data/phone/text/landmarks.asm	21	0	db	ROUTE 45@	
data.phone.text.landmarks:22:0	text	data/phone/text/landmarks.asm	22	0	db	ROUTE 46@	
data.phone.text.mom:2:0	text	data/phone/text/mom.asm	2	0	text	Hello?	
data.phone.text.mom:4:0	text	data/phone/text/mom.asm	4	0	para	Oh, hi, <PLAYER>!	
data.phone.text.mom:5:0	text	data/phone/text/mom.asm	5	0	line	Working hard?	
data.phone.text.mom:9:0	text	data/phone/text/mom.asm	9	0	text	Oh, so you're in	
data.phone.text.mom:10:0	text	data/phone/text/mom.asm	10	0	line	@	
data.phone.text.mom:12:0	text	data/phone/text/mom.asm	12	0	text	…	
data.phone.text.mom:14:0	text	data/phone/text/mom.asm	14	0	para	Isn't that where	
data.phone.text.mom:15:0	text	data/phone/text/mom.asm	15	0	line	@	
data.phone.text.mom:18:0	text	data/phone/text/mom.asm	18	0	para	is? Did you go	
data.phone.text.mom:19:0	text	data/phone/text/mom.asm	19	0	line	take a look?	
data.phone.text.mom:23:0	text	data/phone/text/mom.asm	23	0	text	Really, you're in	
data.phone.text.mom:24:0	text	data/phone/text/mom.asm	24	0	line	@	
data.phone.text.mom:26:0	text	data/phone/text/mom.asm	26	0	text	?	
data.phone.text.mom:28:0	text	data/phone/text/mom.asm	28	0	para	I've never gone	
data.phone.text.mom:29:0	text	data/phone/text/mom.asm	29	0	line	there. That's kind	
data.phone.text.mom:30:0	text	data/phone/text/mom.asm	30	0	cont	of neat, <PLAYER>.	
data.phone.text.mom:34:0	text	data/phone/text/mom.asm	34	0	text	What? You're in	
data.phone.text.mom:35:0	text	data/phone/text/mom.asm	35	0	line	@	
data.phone.text.mom:37:0	text	data/phone/text/mom.asm	37	0	text	?	
data.phone.text.mom:39:0	text	data/phone/text/mom.asm	39	0	para	Come see your MOM	
data.phone.text.mom:40:0	text	data/phone/text/mom.asm	40	0	line	sometime!	
data.phone.text.mom:44:0	text	data/phone/text/mom.asm	44	0	text	You're visiting	
data.phone.text.mom:45:0	text	data/phone/text/mom.asm	45	0	line	@	
data.phone.text.mom:47:0	text	data/phone/text/mom.asm	47	0	text	?	
data.phone.text.mom:49:0	text	data/phone/text/mom.asm	49	0	para	How about coming	
data.phone.text.mom:50:0	text	data/phone/text/mom.asm	50	0	line	home for a bit?	
data.phone.text.mom:54:0	text	data/phone/text/mom.asm	54	0	text	Wow, you're in	
data.phone.text.mom:55:0	text	data/phone/text/mom.asm	55	0	line	@	
data.phone.text.mom:57:0	text	data/phone/text/mom.asm	57	0	text	?	
data.phone.text.mom:59:0	text	data/phone/text/mom.asm	59	0	para	Good luck on your	
data.phone.text.mom:60:0	text	data/phone/text/mom.asm	60	0	line	#MON quest!	
data.phone.text.mom:64:0	text	data/phone/text/mom.asm	64	0	text	That sounds really	
data.phone.text.mom:65:0	text	data/phone/text/mom.asm	65	0	line	tough.	
data.phone.text.mom:67:0	text	data/phone/text/mom.asm	67	0	para	But, <PLAYER>, I	
data.phone.text.mom:68:0	text	data/phone/text/mom.asm	68	0	line	know you're really	
data.phone.text.mom:70:0	text	data/phone/text/mom.asm	70	0	para	determined. You'll	
data.phone.text.mom:71:0	text	data/phone/text/mom.asm	71	0	line	be OK, right?	
data.phone.text.mom:75:0	text	data/phone/text/mom.asm	75	0	text	By the way, you've	
data.phone.text.mom:76:0	text	data/phone/text/mom.asm	76	0	line	saved up ¥@	
data.phone.text.mom:78:0	text	data/phone/text/mom.asm	78	0	text	.	
data.phone.text.mom:80:0	text	data/phone/text/mom.asm	80	0	para	Do you want to	
data.phone.text.mom:81:0	text	data/phone/text/mom.asm	81	0	line	keep on saving?	
data.phone.text.mom:85:0	text	data/phone/text/mom.asm	85	0	text	It's important to	
data.phone.text.mom:86:0	text	data/phone/text/mom.asm	86	0	line	save your money.	
data.phone.text.mom:90:0	text	data/phone/text/mom.asm	90	0	text	Oh, <PLAYER>,	
data.phone.text.mom:91:0	text	data/phone/text/mom.asm	91	0	line	you're not saving	
data.phone.text.mom:93:0	text	data/phone/text/mom.asm	93	0	para	any money. Would	
data.phone.text.mom:94:0	text	data/phone/text/mom.asm	94	0	line	you like to save?	
data.phone.text.mom:98:0	text	data/phone/text/mom.asm	98	0	text	By the way, you've	
data.phone.text.mom:99:0	text	data/phone/text/mom.asm	99	0	line	saved up ¥@	
data.phone.text.mom:101:0	text	data/phone/text/mom.asm	101	0	text	.	
data.phone.text.mom:103:0	text	data/phone/text/mom.asm	103	0	para	Want to start	
data.phone.text.mom:104:0	text	data/phone/text/mom.asm	104	0	line	saving again?	
data.phone.text.mom:108:0	text	data/phone/text/mom.asm	108	0	text	OK. I'll save your	
data.phone.text.mom:109:0	text	data/phone/text/mom.asm	109	0	line	money.	
data.phone.text.mom:113:0	text	data/phone/text/mom.asm	113	0	text	OK. I'll stop	
data.phone.text.mom:114:0	text	data/phone/text/mom.asm	114	0	line	saving your money.	
data.phone.text.mom:118:0	text	data/phone/text/mom.asm	118	0	text	<PLAYER>, keep it	
data.phone.text.mom:119:0	text	data/phone/text/mom.asm	119	0	line	up! I'm rooting	
data.phone.text.mom:120:0	text	data/phone/text/mom.asm	120	0	cont	for you, baby!	
data.phone.text.mom:124:0	text	data/phone/text/mom.asm	124	0	text	Hello?	
data.phone.text.mom:126:0	text	data/phone/text/mom.asm	126	0	para	Oh, hi, <PLAYER>!	
data.phone.text.mom:127:0	text	data/phone/text/mom.asm	127	0	line	Wasn't PROF.ELM	
data.phone.text.mom:128:0	text	data/phone/text/mom.asm	128	0	cont	waiting for you?	
data.phone.text.mom:132:0	text	data/phone/text/mom.asm	132	0	text	Hello?	
data.phone.text.mom:134:0	text	data/phone/text/mom.asm	134	0	para	Oh, hi, <PLAYER>!	
data.phone.text.mom:135:0	text	data/phone/text/mom.asm	135	0	line	You're on a big	
data.phone.text.mom:137:0	text	data/phone/text/mom.asm	137	0	para	mission for PROF.	
data.phone.text.mom:138:0	text	data/phone/text/mom.asm	138	0	line	ELM? Be good!	
data.phone.text.mom:142:0	text	data/phone/text/mom.asm	142	0	text	Hello?	
data.phone.text.mom:144:0	text	data/phone/text/mom.asm	144	0	para	Hi, <PLAYER>! If	
data.phone.text.mom:145:0	text	data/phone/text/mom.asm	145	0	line	you're done with	
data.phone.text.mom:147:0	text	data/phone/text/mom.asm	147	0	para	your errand come	
data.phone.text.mom:148:0	text	data/phone/text/mom.asm	148	0	line	on home, dear.	
data.phone.text.mom:152:0	text	data/phone/text/mom.asm	152	0	text	Hello?	
data.phone.text.mom:154:0	text	data/phone/text/mom.asm	154	0	para	…… <PLAYER>?	
data.phone.text.mom:155:0	text	data/phone/text/mom.asm	155	0	line	I heard from PROF.	
data.phone.text.mom:157:0	text	data/phone/text/mom.asm	157	0	para	ELM that you went	
data.phone.text.mom:158:0	text	data/phone/text/mom.asm	158	0	line	on a long trip.	
data.phone.text.mom:160:0	text	data/phone/text/mom.asm	160	0	para	I wish you would	
data.phone.text.mom:161:0	text	data/phone/text/mom.asm	161	0	line	have told me…	
data.phone.text.mom:163:0	text	data/phone/text/mom.asm	163	0	para	What about money?	
data.phone.text.mom:164:0	text	data/phone/text/mom.asm	164	0	line	Should I save it?	
data.phone.text.trainers:2:0	text	data/phone/text/trainers.asm	2	0	text	Hello. This is	
data.phone.text.trainers:3:0	text	data/phone/text/trainers.asm	3	0	line	@	
data.phone.text.trainers:5:0	text	data/phone/text/trainers.asm	5	0	text	…	
data.phone.text.trainers:7:0	text	data/phone/text/trainers.asm	7	0	para	Good morning,	
data.phone.text.trainers:8:0	text	data/phone/text/trainers.asm	8	0	line	<PLAYER>!	
data.phone.text.trainers:12:0	text	data/phone/text/trainers.asm	12	0	text	Hello. This is	
data.phone.text.trainers:13:0	text	data/phone/text/trainers.asm	13	0	line	@	
data.phone.text.trainers:15:0	text	data/phone/text/trainers.asm	15	0	text	…	
data.phone.text.trainers:17:0	text	data/phone/text/trainers.asm	17	0	para	How's it going,	
data.phone.text.trainers:18:0	text	data/phone/text/trainers.asm	18	0	line	<PLAYER>?	
data.phone.text.trainers:22:0	text	data/phone/text/trainers.asm	22	0	text	Hello. This is	
data.phone.text.trainers:23:0	text	data/phone/text/trainers.asm	23	0	line	@	
data.phone.text.trainers:25:0	text	data/phone/text/trainers.asm	25	0	text	…	
data.phone.text.trainers:27:0	text	data/phone/text/trainers.asm	27	0	para	Good evening,	
data.phone.text.trainers:28:0	text	data/phone/text/trainers.asm	28	0	line	<PLAYER>!	
data.phone.text.trainers:32:0	text	data/phone/text/trainers.asm	32	0	text	Hi. This is	
data.phone.text.trainers:33:0	text	data/phone/text/trainers.asm	33	0	line	@	
data.phone.text.trainers:35:0	text	data/phone/text/trainers.asm	35	0	text	.	
data.phone.text.trainers:37:0	text	data/phone/text/trainers.asm	37	0	para	Hi, <PLAYER>!	
data.phone.text.trainers:38:0	text	data/phone/text/trainers.asm	38	0	line	Good morning.	
data.phone.text.trainers:42:0	text	data/phone/text/trainers.asm	42	0	text	Hi. This is	
data.phone.text.trainers:43:0	text	data/phone/text/trainers.asm	43	0	line	@	
data.phone.text.trainers:45:0	text	data/phone/text/trainers.asm	45	0	text	.	
data.phone.text.trainers:47:0	text	data/phone/text/trainers.asm	47	0	para	Hi, <PLAYER>!	
data.phone.text.trainers:48:0	text	data/phone/text/trainers.asm	48	0	line	How are you?	
data.phone.text.trainers:52:0	text	data/phone/text/trainers.asm	52	0	text	Hi. This is	
data.phone.text.trainers:53:0	text	data/phone/text/trainers.asm	53	0	line	@	
data.phone.text.trainers:55:0	text	data/phone/text/trainers.asm	55	0	text	.	
data.phone.text.trainers:57:0	text	data/phone/text/trainers.asm	57	0	para	Hi, <PLAYER>!	
data.phone.text.trainers:58:0	text	data/phone/text/trainers.asm	58	0	line	Good evening.	
data.phone.text.trainers:62:0	text	data/phone/text/trainers.asm	62	0	text	<PLAYER>, good	
data.phone.text.trainers:63:0	text	data/phone/text/trainers.asm	63	0	line	morning!	
data.phone.text.trainers:65:0	text	data/phone/text/trainers.asm	65	0	para	It's me, @	
data.phone.text.trainers:67:0	text	data/phone/text/trainers.asm	67	0	text	.	
data.phone.text.trainers:68:0	text	data/phone/text/trainers.asm	68	0	line	How are you doing?	
data.phone.text.trainers:72:0	text	data/phone/text/trainers.asm	72	0	text	<PLAYER>, howdy!	
data.phone.text.trainers:74:0	text	data/phone/text/trainers.asm	74	0	para	It's me, @	
data.phone.text.trainers:76:0	text	data/phone/text/trainers.asm	76	0	text	.	
data.phone.text.trainers:77:0	text	data/phone/text/trainers.asm	77	0	line	Isn't it nice out?	
data.phone.text.trainers:81:0	text	data/phone/text/trainers.asm	81	0	text	<PLAYER>, good	
data.phone.text.trainers:82:0	text	data/phone/text/trainers.asm	82	0	line	evening!	
data.phone.text.trainers:84:0	text	data/phone/text/trainers.asm	84	0	para	It's me, @	
data.phone.text.trainers:86:0	text	data/phone/text/trainers.asm	86	0	text	.	
data.phone.text.trainers:87:0	text	data/phone/text/trainers.asm	87	0	line	Got a minute?	
data.phone.text.trainers:91:0	text	data/phone/text/trainers.asm	91	0	text	Good morning,	
data.phone.text.trainers:92:0	text	data/phone/text/trainers.asm	92	0	line	<PLAYER>.	
data.phone.text.trainers:94:0	text	data/phone/text/trainers.asm	94	0	para	This is @	
data.phone.text.trainers:96:0	text	data/phone/text/trainers.asm	96	0	text	.	
data.phone.text.trainers:97:0	text	data/phone/text/trainers.asm	97	0	line	Did I wake you?	
data.phone.text.trainers:101:0	text	data/phone/text/trainers.asm	101	0	text	Hello, <PLAYER>.	
data.phone.text.trainers:103:0	text	data/phone/text/trainers.asm	103	0	para	This is @	
data.phone.text.trainers:105:0	text	data/phone/text/trainers.asm	105	0	text	.	
data.phone.text.trainers:106:0	text	data/phone/text/trainers.asm	106	0	line	How are things?	
data.phone.text.trainers:110:0	text	data/phone/text/trainers.asm	110	0	text	Good evening,	
data.phone.text.trainers:111:0	text	data/phone/text/trainers.asm	111	0	line	<PLAYER>.	
data.phone.text.trainers:113:0	text	data/phone/text/trainers.asm	113	0	para	This is @	
data.phone.text.trainers:115:0	text	data/phone/text/trainers.asm	115	0	text	.	
data.phone.text.trainers:116:0	text	data/phone/text/trainers.asm	116	0	line	Were you awake?	
data.phone.text.trainers:120:0	text	data/phone/text/trainers.asm	120	0	text	How are your	
data.phone.text.trainers:121:0	text	data/phone/text/trainers.asm	121	0	line	#MON doing?	
data.phone.text.trainers:123:0	text	data/phone/text/trainers.asm	123	0	para	My @	
data.phone.text.trainers:125:0	text	data/phone/text/trainers.asm	125	0	text	's	
data.phone.text.trainers:126:0	text	data/phone/text/trainers.asm	126	0	line	really energetic.	
data.phone.text.trainers:127:0	text	data/phone/text/trainers.asm	127	0	cont	It's a handful!	
data.phone.text.trainers:131:0	text	data/phone/text/trainers.asm	131	0	text	How are your	
data.phone.text.trainers:132:0	text	data/phone/text/trainers.asm	132	0	line	#MON doing?	
data.phone.text.trainers:134:0	text	data/phone/text/trainers.asm	134	0	para	I always keep my	
data.phone.text.trainers:135:0	text	data/phone/text/trainers.asm	135	0	line	@	
data.phone.text.trainers:137:0	text	data/phone/text/trainers.asm	137	0	text	 in top	
data.phone.text.trainers:139:0	text	data/phone/text/trainers.asm	139	0	para	shape by going to	
data.phone.text.trainers:140:0	text	data/phone/text/trainers.asm	140	0	line	#MON CENTERS.	
data.phone.text.trainers:144:0	text	data/phone/text/trainers.asm	144	0	text	My @	
data.phone.text.trainers:146:0	text	data/phone/text/trainers.asm	146	0	text	's	
data.phone.text.trainers:147:0	text	data/phone/text/trainers.asm	147	0	line	looking awesome.	
data.phone.text.trainers:149:0	text	data/phone/text/trainers.asm	149	0	para	I wish I could	
data.phone.text.trainers:150:0	text	data/phone/text/trainers.asm	150	0	line	show you.	
data.phone.text.trainers:154:0	text	data/phone/text/trainers.asm	154	0	text	I dressed up my	
data.phone.text.trainers:155:0	text	data/phone/text/trainers.asm	155	0	line	@	
data.phone.text.trainers:157:0	text	data/phone/text/trainers.asm	157	0	text	.	
data.phone.text.trainers:159:0	text	data/phone/text/trainers.asm	159	0	para	It looks even	
data.phone.text.trainers:160:0	text	data/phone/text/trainers.asm	160	0	line	cuter than before.	
data.phone.text.trainers:164:0	text	data/phone/text/trainers.asm	164	0	text	Oh, yeah, I man-	
data.phone.text.trainers:165:0	text	data/phone/text/trainers.asm	165	0	line	aged to beat a	
data.phone.text.trainers:166:0	text	data/phone/text/trainers.asm	166	0	cont	tough @	
data.phone.text.trainers:168:0	text	data/phone/text/trainers.asm	168	0	text	.	
data.phone.text.trainers:170:0	text	data/phone/text/trainers.asm	170	0	para	I need to make my	
data.phone.text.trainers:171:0	text	data/phone/text/trainers.asm	171	0	line	party stronger.	
data.phone.text.trainers:175:0	text	data/phone/text/trainers.asm	175	0	text	You have to hear	
data.phone.text.trainers:176:0	text	data/phone/text/trainers.asm	176	0	line	this! I battled	
data.phone.text.trainers:178:0	text	data/phone/text/trainers.asm	178	0	para	@	
data.phone.text.trainers:180:0	text	data/phone/text/trainers.asm	180	0	text	 the	
data.phone.text.trainers:181:0	text	data/phone/text/trainers.asm	181	0	line	other day.	
data.phone.text.trainers:183:0	text	data/phone/text/trainers.asm	183	0	para	It was easy! I had	
data.phone.text.trainers:184:0	text	data/phone/text/trainers.asm	184	0	line	a type advantage.	
data.phone.text.trainers:188:0	text	data/phone/text/trainers.asm	188	0	text	Hey, listen!	
data.phone.text.trainers:189:0	text	data/phone/text/trainers.asm	189	0	line	I almost caught	
data.phone.text.trainers:191:0	text	data/phone/text/trainers.asm	191	0	para	@	
data.phone.text.trainers:193:0	text	data/phone/text/trainers.asm	193	0	text	 the	
data.phone.text.trainers:194:0	text	data/phone/text/trainers.asm	194	0	line	other day.	
data.phone.text.trainers:196:0	text	data/phone/text/trainers.asm	196	0	para	Oh, it was soooo	
data.phone.text.trainers:197:0	text	data/phone/text/trainers.asm	197	0	line	close too!	
data.phone.text.trainers:201:0	text	data/phone/text/trainers.asm	201	0	text	Guess what happen-	
data.phone.text.trainers:202:0	text	data/phone/text/trainers.asm	202	0	line	ed the other day.	
data.phone.text.trainers:204:0	text	data/phone/text/trainers.asm	204	0	para	I missed catching	
data.phone.text.trainers:205:0	text	data/phone/text/trainers.asm	205	0	line	@	
data.phone.text.trainers:207:0	text	data/phone/text/trainers.asm	207	0	text	 again.	
data.phone.text.trainers:209:0	text	data/phone/text/trainers.asm	209	0	para	Maybe I'm not very	
data.phone.text.trainers:210:0	text	data/phone/text/trainers.asm	210	0	line	good at this…	
data.phone.text.trainers:214:0	text	data/phone/text/trainers.asm	214	0	text	Want to battle?	
data.phone.text.trainers:215:0	text	data/phone/text/trainers.asm	215	0	line	It's not going to	
data.phone.text.trainers:217:0	text	data/phone/text/trainers.asm	217	0	para	be a repeat of the	
data.phone.text.trainers:218:0	text	data/phone/text/trainers.asm	218	0	line	last time we met.	
data.phone.text.trainers:220:0	text	data/phone/text/trainers.asm	220	0	para	I'll be around	
data.phone.text.trainers:221:0	text	data/phone/text/trainers.asm	221	0	line	@	
data.phone.text.trainers:223:0	text	data/phone/text/trainers.asm	223	0	text	.	
data.phone.text.trainers:227:0	text	data/phone/text/trainers.asm	227	0	text	Do you want to	
data.phone.text.trainers:228:0	text	data/phone/text/trainers.asm	228	0	line	battle? I'm going	
data.phone.text.trainers:229:0	text	data/phone/text/trainers.asm	229	0	cont	to win this time!	
data.phone.text.trainers:231:0	text	data/phone/text/trainers.asm	231	0	para	I'll be waiting	
data.phone.text.trainers:232:0	text	data/phone/text/trainers.asm	232	0	line	for you around	
data.phone.text.trainers:234:0	text	data/phone/text/trainers.asm	234	0	para	@	
data.phone.text.trainers:236:0	text	data/phone/text/trainers.asm	236	0	text	.	
data.phone.text.trainers:237:0	text	data/phone/text/trainers.asm	237	0	line	Look for me, OK?	
data.phone.text.trainers:241:0	text	data/phone/text/trainers.asm	241	0	text	Hello? This is	
data.phone.text.trainers:242:0	text	data/phone/text/trainers.asm	242	0	line	@	
data.phone.text.trainers:244:0	text	data/phone/text/trainers.asm	244	0	text	…	
data.phone.text.trainers:246:0	text	data/phone/text/trainers.asm	246	0	para	Uh-oh… You're not	
data.phone.text.trainers:247:0	text	data/phone/text/trainers.asm	247	0	line	KAZ! Sorry, wrong	
data.phone.text.trainers:248:0	text	data/phone/text/trainers.asm	248	0	cont	number.	
data.phone.text.trainers:252:0	text	data/phone/text/trainers.asm	252	0	text	Hello, this is	
data.phone.text.trainers:253:0	text	data/phone/text/trainers.asm	253	0	line	@	
data.phone.text.trainers:255:0	text	data/phone/text/trainers.asm	255	0	text	. How are	
data.phone.text.trainers:256:0	text	data/phone/text/trainers.asm	256	0	cont	you doing, AUDREY?	
data.phone.text.trainers:258:0	text	data/phone/text/trainers.asm	258	0	para	Huh? <PLAYER>?	
data.phone.text.trainers:259:0	text	data/phone/text/trainers.asm	259	0	line	Oops! My mistake!	
data.phone.text.trainers:263:0	text	data/phone/text/trainers.asm	263	0	text	See you later!	
data.phone.text.trainers:267:0	text	data/phone/text/trainers.asm	267	0	text	Bye-bye!	
data.phone.text.trainers:271:0	text	data/phone/text/trainers.asm	271	0	text	You have to see	
data.phone.text.trainers:272:0	text	data/phone/text/trainers.asm	272	0	line	this! It's wild!	
data.phone.text.trainers:274:0	text	data/phone/text/trainers.asm	274	0	para	A whole bunch of	
data.phone.text.trainers:275:0	text	data/phone/text/trainers.asm	275	0	line	@	
data.phone.text.trainers:277:0	text	data/phone/text/trainers.asm	277	0	text	 have	
data.phone.text.trainers:279:0	text	data/phone/text/trainers.asm	279	0	para	shown up around	
data.phone.text.trainers:280:0	text	data/phone/text/trainers.asm	280	0	line	@	
data.phone.text.trainers:282:0	text	data/phone/text/trainers.asm	282	0	text	!	
data.phone.text.trainers:286:0	text	data/phone/text/trainers.asm	286	0	text	It's amazing!	
data.phone.text.trainers:288:0	text	data/phone/text/trainers.asm	288	0	para	On @	
data.phone.text.trainers:290:0	text	data/phone/text/trainers.asm	290	0	text	,	
data.phone.text.trainers:291:0	text	data/phone/text/trainers.asm	291	0	line	@	
data.phone.text.trainers:293:0	text	data/phone/text/trainers.asm	293	0	text	 are	
data.phone.text.trainers:295:0	text	data/phone/text/trainers.asm	295	0	para	biting like there	
data.phone.text.trainers:296:0	text	data/phone/text/trainers.asm	296	0	line	is no tomorrow.	
data.phone.text.trainers:298:0	text	data/phone/text/trainers.asm	298	0	para	<PLAYER>, bring	
data.phone.text.trainers:299:0	text	data/phone/text/trainers.asm	299	0	line	your ROD, buddy!	
data.phone.text.trainers:303:0	text	data/phone/text/trainers.asm	303	0	text	A friend just told	
data.phone.text.trainers:304:0	text	data/phone/text/trainers.asm	304	0	line	me this.	
data.phone.text.trainers:306:0	text	data/phone/text/trainers.asm	306	0	para	He saw a lot of	
data.phone.text.trainers:307:0	text	data/phone/text/trainers.asm	307	0	line	@	
data.phone.text.trainers:309:0	text	data/phone/text/trainers.asm	309	0	text	 in	
data.phone.text.trainers:310:0	text	data/phone/text/trainers.asm	310	0	cont	@	
data.phone.text.trainers:312:0	text	data/phone/text/trainers.asm	312	0	text	.	
data.phone.text.trainers:314:0	text	data/phone/text/trainers.asm	314	0	para	<PLAYER>, you ought	
data.phone.text.trainers:315:0	text	data/phone/text/trainers.asm	315	0	line	to go look.	
data.phone.text.trainers:319:0	text	data/phone/text/trainers.asm	319	0	text	They're holding	
data.phone.text.trainers:320:0	text	data/phone/text/trainers.asm	320	0	line	the Bug-Catching	
data.phone.text.trainers:322:0	text	data/phone/text/trainers.asm	322	0	para	Contest today at	
data.phone.text.trainers:323:0	text	data/phone/text/trainers.asm	323	0	line	the PARK.	
data.phone.text.trainers:325:0	text	data/phone/text/trainers.asm	325	0	para	<PLAYER>, are you	
data.phone.text.trainers:326:0	text	data/phone/text/trainers.asm	326	0	line	going to go?	
data.phone.text.trainers:330:0	text	data/phone/text/trainers.asm	330	0	text	<PLAYER>, did you	
data.phone.text.trainers:331:0	text	data/phone/text/trainers.asm	331	0	line	know?	
data.phone.text.trainers:333:0	text	data/phone/text/trainers.asm	333	0	para	I hear GOLDENROD's	
data.phone.text.trainers:334:0	text	data/phone/text/trainers.asm	334	0	line	RADIO TOWER was	
data.phone.text.trainers:336:0	text	data/phone/text/trainers.asm	336	0	para	taken over by TEAM	
data.phone.text.trainers:337:0	text	data/phone/text/trainers.asm	337	0	line	ROCKET.	
data.phone.text.trainers:339:0	text	data/phone/text/trainers.asm	339	0	para	But what exactly	
data.phone.text.trainers:340:0	text	data/phone/text/trainers.asm	340	0	line	is TEAM ROCKET?	
data.phone.text.trainers:344:0	text	data/phone/text/trainers.asm	344	0	text	<PLAYER>, did you	
data.phone.text.trainers:345:0	text	data/phone/text/trainers.asm	345	0	line	hear the news?	
data.phone.text.trainers:347:0	text	data/phone/text/trainers.asm	347	0	para	TEAM ROCKET has	
data.phone.text.trainers:348:0	text	data/phone/text/trainers.asm	348	0	line	taken over the	
data.phone.text.trainers:350:0	text	data/phone/text/trainers.asm	350	0	para	RADIO TOWER in	
data.phone.text.trainers:351:0	text	data/phone/text/trainers.asm	351	0	line	GOLDENROD CITY.	
data.phone.text.trainers:353:0	text	data/phone/text/trainers.asm	353	0	para	I wonder if the	
data.phone.text.trainers:354:0	text	data/phone/text/trainers.asm	354	0	line	workers are OK…	
data.phone.text.unused:2:0	text	data/phone/text/unused.asm	2	0	text	Good morning.	
data.player_names:10:0	menu	data/player_names.asm	10	0	db	NEW NAME@	新名字
data.player_names:14:0	menu	data/player_names.asm	14	0	db	GOLD@	小金
data.player_names:15:0	menu	data/player_names.asm	15	0	db	HIRO@	宏
data.player_names:16:0	menu	data/player_names.asm	16	0	db	TAYLOR@	泰勒
data.player_names:17:0	menu	data/player_names.asm	17	0	db	KARL@	卡尔
data.player_names:19:0	menu	data/player_names.asm	19	0	db	SILVER@	小银
data.player_names:20:0	menu	data/player_names.asm	20	0	db	KAMON@	卡蒙
data.player_names:21:0	menu	data/player_names.asm	21	0	db	OSCAR@	奥斯卡
data.player_names:22:0	menu	data/player_names.asm	22	0	db	MAX@	麦克斯
data.player_names:25:0	menu	data/player_names.asm	25	0	db	NAME@	名字
data.pokemon.dex_entries.gold.abra:1:0	text	data/pokemon/dex_entries/gold/abra.asm	1	0	db	PSI@	
data.pokemon.dex_entries.gold.abra:4:0	text	data/pokemon/dex_entries/gold/abra.asm	4	0	db	It senses impend-	
data.pokemon.dex_entries.gold.abra:5:0	text	data/pokemon/dex_entries/gold/abra.asm	5	0	next	ing attacks and	
data.pokemon.dex_entries.gold.abra:6:0	text	data/pokemon/dex_entries/gold/abra.asm	6	0	next	TELEPORTS away to	
data.pokemon.dex_entries.gold.abra:8:0	text	data/pokemon/dex_entries/gold/abra.asm	8	0	page	safety before the	
data.pokemon.dex_entries.gold.abra:9:0	text	data/pokemon/dex_entries/gold/abra.asm	9	0	next	actual attacks can	
data.pokemon.dex_entries.gold.abra:10:0	text	data/pokemon/dex_entries/gold/abra.asm	10	0	next	strike.@	
data.pokemon.dex_entries.gold.aerodactyl:1:0	text	data/pokemon/dex_entries/gold/aerodactyl.asm	1	0	db	FOSSIL@	
data.pokemon.dex_entries.gold.aerodactyl:4:0	text	data/pokemon/dex_entries/gold/aerodactyl.asm	4	0	db	A vicious #MON	
data.pokemon.dex_entries.gold.aerodactyl:5:0	text	data/pokemon/dex_entries/gold/aerodactyl.asm	5	0	next	from the distant	
data.pokemon.dex_entries.gold.aerodactyl:6:0	text	data/pokemon/dex_entries/gold/aerodactyl.asm	6	0	next	past, it appears	
data.pokemon.dex_entries.gold.aerodactyl:8:0	text	data/pokemon/dex_entries/gold/aerodactyl.asm	8	0	page	to have flown by	
data.pokemon.dex_entries.gold.aerodactyl:9:0	text	data/pokemon/dex_entries/gold/aerodactyl.asm	9	0	next	spreading its	
data.pokemon.dex_entries.gold.aerodactyl:10:0	text	data/pokemon/dex_entries/gold/aerodactyl.asm	10	0	next	wings and gliding.@	
data.pokemon.dex_entries.gold.aipom:1:0	text	data/pokemon/dex_entries/gold/aipom.asm	1	0	db	LONG TAIL@	
data.pokemon.dex_entries.gold.aipom:4:0	text	data/pokemon/dex_entries/gold/aipom.asm	4	0	db	Its tail is so	
data.pokemon.dex_entries.gold.aipom:5:0	text	data/pokemon/dex_entries/gold/aipom.asm	5	0	next	powerful that it	
data.pokemon.dex_entries.gold.aipom:6:0	text	data/pokemon/dex_entries/gold/aipom.asm	6	0	next	can use it to grab	
data.pokemon.dex_entries.gold.aipom:8:0	text	data/pokemon/dex_entries/gold/aipom.asm	8	0	page	a tree branch and	
data.pokemon.dex_entries.gold.aipom:9:0	text	data/pokemon/dex_entries/gold/aipom.asm	9	0	next	hold itself up in	
data.pokemon.dex_entries.gold.aipom:10:0	text	data/pokemon/dex_entries/gold/aipom.asm	10	0	next	the air.@	
data.pokemon.dex_entries.gold.alakazam:1:0	text	data/pokemon/dex_entries/gold/alakazam.asm	1	0	db	PSI@	
data.pokemon.dex_entries.gold.alakazam:4:0	text	data/pokemon/dex_entries/gold/alakazam.asm	4	0	db	Closing both its	
data.pokemon.dex_entries.gold.alakazam:5:0	text	data/pokemon/dex_entries/gold/alakazam.asm	5	0	next	eyes heightens all	
data.pokemon.dex_entries.gold.alakazam:6:0	text	data/pokemon/dex_entries/gold/alakazam.asm	6	0	next	its other senses.	
data.pokemon.dex_entries.gold.alakazam:8:0	text	data/pokemon/dex_entries/gold/alakazam.asm	8	0	page	This enables it to	
data.pokemon.dex_entries.gold.alakazam:9:0	text	data/pokemon/dex_entries/gold/alakazam.asm	9	0	next	use its abilities	
data.pokemon.dex_entries.gold.alakazam:10:0	text	data/pokemon/dex_entries/gold/alakazam.asm	10	0	next	to their extremes.@	
data.pokemon.dex_entries.gold.ampharos:1:0	text	data/pokemon/dex_entries/gold/ampharos.asm	1	0	db	LIGHT@	
data.pokemon.dex_entries.gold.ampharos:4:0	text	data/pokemon/dex_entries/gold/ampharos.asm	4	0	db	The tail's tip	
data.pokemon.dex_entries.gold.ampharos:5:0	text	data/pokemon/dex_entries/gold/ampharos.asm	5	0	next	shines brightly	
data.pokemon.dex_entries.gold.ampharos:6:0	text	data/pokemon/dex_entries/gold/ampharos.asm	6	0	next	and can be seen	
data.pokemon.dex_entries.gold.ampharos:8:0	text	data/pokemon/dex_entries/gold/ampharos.asm	8	0	page	from far away. It	
data.pokemon.dex_entries.gold.ampharos:9:0	text	data/pokemon/dex_entries/gold/ampharos.asm	9	0	next	acts as a beacon	
data.pokemon.dex_entries.gold.ampharos:10:0	text	data/pokemon/dex_entries/gold/ampharos.asm	10	0	next	for lost people.@	
data.pokemon.dex_entries.gold.arbok:1:0	text	data/pokemon/dex_entries/gold/arbok.asm	1	0	db	COBRA@	
data.pokemon.dex_entries.gold.arbok:4:0	text	data/pokemon/dex_entries/gold/arbok.asm	4	0	db	Transfixing prey	
data.pokemon.dex_entries.gold.arbok:5:0	text	data/pokemon/dex_entries/gold/arbok.asm	5	0	next	with the face-like	
data.pokemon.dex_entries.gold.arbok:6:0	text	data/pokemon/dex_entries/gold/arbok.asm	6	0	next	pattern on its	
data.pokemon.dex_entries.gold.arbok:8:0	text	data/pokemon/dex_entries/gold/arbok.asm	8	0	page	belly, it binds	
data.pokemon.dex_entries.gold.arbok:9:0	text	data/pokemon/dex_entries/gold/arbok.asm	9	0	next	and poisons the	
data.pokemon.dex_entries.gold.arbok:10:0	text	data/pokemon/dex_entries/gold/arbok.asm	10	0	next	frightened victim.@	
data.pokemon.dex_entries.gold.arcanine:1:0	text	data/pokemon/dex_entries/gold/arcanine.asm	1	0	db	LEGENDARY@	
data.pokemon.dex_entries.gold.arcanine:4:0	text	data/pokemon/dex_entries/gold/arcanine.asm	4	0	db	This legendary	
data.pokemon.dex_entries.gold.arcanine:5:0	text	data/pokemon/dex_entries/gold/arcanine.asm	5	0	next	Chinese POKEMON is	
data.pokemon.dex_entries.gold.arcanine:6:0	text	data/pokemon/dex_entries/gold/arcanine.asm	6	0	next	considered magnif-	
data.pokemon.dex_entries.gold.arcanine:8:0	text	data/pokemon/dex_entries/gold/arcanine.asm	8	0	page	icent. Many people	
data.pokemon.dex_entries.gold.arcanine:9:0	text	data/pokemon/dex_entries/gold/arcanine.asm	9	0	next	are enchanted by	
data.pokemon.dex_entries.gold.arcanine:10:0	text	data/pokemon/dex_entries/gold/arcanine.asm	10	0	next	its grand mane.@	
data.pokemon.dex_entries.gold.ariados:1:0	text	data/pokemon/dex_entries/gold/ariados.asm	1	0	db	LONG LEG@	
data.pokemon.dex_entries.gold.ariados:4:0	text	data/pokemon/dex_entries/gold/ariados.asm	4	0	db	It spins string	
data.pokemon.dex_entries.gold.ariados:5:0	text	data/pokemon/dex_entries/gold/ariados.asm	5	0	next	not only from its	
data.pokemon.dex_entries.gold.ariados:6:0	text	data/pokemon/dex_entries/gold/ariados.asm	6	0	next	rear but also from	
data.pokemon.dex_entries.gold.ariados:8:0	text	data/pokemon/dex_entries/gold/ariados.asm	8	0	page	its mouth. It is	
data.pokemon.dex_entries.gold.ariados:9:0	text	data/pokemon/dex_entries/gold/ariados.asm	9	0	next	hard to tell which	
data.pokemon.dex_entries.gold.ariados:10:0	text	data/pokemon/dex_entries/gold/ariados.asm	10	0	next	end is which.@	
data.pokemon.dex_entries.gold.articuno:1:0	text	data/pokemon/dex_entries/gold/articuno.asm	1	0	db	FREEZE@	
data.pokemon.dex_entries.gold.articuno:4:0	text	data/pokemon/dex_entries/gold/articuno.asm	4	0	db	The magnificent,	
data.pokemon.dex_entries.gold.articuno:5:0	text	data/pokemon/dex_entries/gold/articuno.asm	5	0	next	seemingly translu-	
data.pokemon.dex_entries.gold.articuno:6:0	text	data/pokemon/dex_entries/gold/articuno.asm	6	0	next	cent wings of this	
data.pokemon.dex_entries.gold.articuno:8:0	text	data/pokemon/dex_entries/gold/articuno.asm	8	0	page	legendary bird	
data.pokemon.dex_entries.gold.articuno:9:0	text	data/pokemon/dex_entries/gold/articuno.asm	9	0	next	#MON are said	
data.pokemon.dex_entries.gold.articuno:10:0	text	data/pokemon/dex_entries/gold/articuno.asm	10	0	next	to be made of ice.@	
data.pokemon.dex_entries.gold.azumarill:1:0	text	data/pokemon/dex_entries/gold/azumarill.asm	1	0	db	AQUARABBIT@	
data.pokemon.dex_entries.gold.azumarill:4:0	text	data/pokemon/dex_entries/gold/azumarill.asm	4	0	db	By keeping still	
data.pokemon.dex_entries.gold.azumarill:5:0	text	data/pokemon/dex_entries/gold/azumarill.asm	5	0	next	and listening in-	
data.pokemon.dex_entries.gold.azumarill:6:0	text	data/pokemon/dex_entries/gold/azumarill.asm	6	0	next	tently, it can	
data.pokemon.dex_entries.gold.azumarill:8:0	text	data/pokemon/dex_entries/gold/azumarill.asm	8	0	page	tell what is in	
data.pokemon.dex_entries.gold.azumarill:9:0	text	data/pokemon/dex_entries/gold/azumarill.asm	9	0	next	even wild, fast-	
data.pokemon.dex_entries.gold.azumarill:10:0	text	data/pokemon/dex_entries/gold/azumarill.asm	10	0	next	moving rivers.@	
data.pokemon.dex_entries.gold.bayleef:1:0	text	data/pokemon/dex_entries/gold/bayleef.asm	1	0	db	LEAF@	
data.pokemon.dex_entries.gold.bayleef:4:0	text	data/pokemon/dex_entries/gold/bayleef.asm	4	0	db	The scent of	
data.pokemon.dex_entries.gold.bayleef:5:0	text	data/pokemon/dex_entries/gold/bayleef.asm	5	0	next	spices comes from	
data.pokemon.dex_entries.gold.bayleef:6:0	text	data/pokemon/dex_entries/gold/bayleef.asm	6	0	next	around its neck.	
data.pokemon.dex_entries.gold.bayleef:8:0	text	data/pokemon/dex_entries/gold/bayleef.asm	8	0	page	Somehow, sniffing	
data.pokemon.dex_entries.gold.bayleef:9:0	text	data/pokemon/dex_entries/gold/bayleef.asm	9	0	next	it makes you want	
data.pokemon.dex_entries.gold.bayleef:10:0	text	data/pokemon/dex_entries/gold/bayleef.asm	10	0	next	to fight.@	
data.pokemon.dex_entries.gold.beedrill:1:0	text	data/pokemon/dex_entries/gold/beedrill.asm	1	0	db	POISON BEE@	
data.pokemon.dex_entries.gold.beedrill:4:0	text	data/pokemon/dex_entries/gold/beedrill.asm	4	0	db	It can take down	
data.pokemon.dex_entries.gold.beedrill:5:0	text	data/pokemon/dex_entries/gold/beedrill.asm	5	0	next	any opponent with	
data.pokemon.dex_entries.gold.beedrill:6:0	text	data/pokemon/dex_entries/gold/beedrill.asm	6	0	next	its powerful poi-	
data.pokemon.dex_entries.gold.beedrill:8:0	text	data/pokemon/dex_entries/gold/beedrill.asm	8	0	page	son stingers. It	
data.pokemon.dex_entries.gold.beedrill:9:0	text	data/pokemon/dex_entries/gold/beedrill.asm	9	0	next	sometimes attacks	
data.pokemon.dex_entries.gold.beedrill:10:0	text	data/pokemon/dex_entries/gold/beedrill.asm	10	0	next	in swarms.@	
data.pokemon.dex_entries.gold.bellossom:1:0	text	data/pokemon/dex_entries/gold/bellossom.asm	1	0	db	FLOWER@	
data.pokemon.dex_entries.gold.bellossom:4:0	text	data/pokemon/dex_entries/gold/bellossom.asm	4	0	db	BELLOSSOM gather	
data.pokemon.dex_entries.gold.bellossom:5:0	text	data/pokemon/dex_entries/gold/bellossom.asm	5	0	next	at times and	
data.pokemon.dex_entries.gold.bellossom:6:0	text	data/pokemon/dex_entries/gold/bellossom.asm	6	0	next	appear to dance.	
data.pokemon.dex_entries.gold.bellossom:8:0	text	data/pokemon/dex_entries/gold/bellossom.asm	8	0	page	They say that the	
data.pokemon.dex_entries.gold.bellossom:9:0	text	data/pokemon/dex_entries/gold/bellossom.asm	9	0	next	dance is a ritual	
data.pokemon.dex_entries.gold.bellossom:10:0	text	data/pokemon/dex_entries/gold/bellossom.asm	10	0	next	to summon the sun.@	
data.pokemon.dex_entries.gold.bellsprout:1:0	text	data/pokemon/dex_entries/gold/bellsprout.asm	1	0	db	FLOWER@	
data.pokemon.dex_entries.gold.bellsprout:4:0	text	data/pokemon/dex_entries/gold/bellsprout.asm	4	0	db	Even though its	
data.pokemon.dex_entries.gold.bellsprout:5:0	text	data/pokemon/dex_entries/gold/bellsprout.asm	5	0	next	body is extremely	
data.pokemon.dex_entries.gold.bellsprout:6:0	text	data/pokemon/dex_entries/gold/bellsprout.asm	6	0	next	skinny, it is	
data.pokemon.dex_entries.gold.bellsprout:8:0	text	data/pokemon/dex_entries/gold/bellsprout.asm	8	0	page	blindingly fast	
data.pokemon.dex_entries.gold.bellsprout:9:0	text	data/pokemon/dex_entries/gold/bellsprout.asm	9	0	next	when catching its	
data.pokemon.dex_entries.gold.bellsprout:10:0	text	data/pokemon/dex_entries/gold/bellsprout.asm	10	0	next	prey.@	
data.pokemon.dex_entries.gold.blastoise:1:0	text	data/pokemon/dex_entries/gold/blastoise.asm	1	0	db	SHELLFISH@	
data.pokemon.dex_entries.gold.blastoise:4:0	text	data/pokemon/dex_entries/gold/blastoise.asm	4	0	db	It deliberately	
data.pokemon.dex_entries.gold.blastoise:5:0	text	data/pokemon/dex_entries/gold/blastoise.asm	5	0	next	makes itself heavy	
data.pokemon.dex_entries.gold.blastoise:6:0	text	data/pokemon/dex_entries/gold/blastoise.asm	6	0	next	so it can with-	
data.pokemon.dex_entries.gold.blastoise:8:0	text	data/pokemon/dex_entries/gold/blastoise.asm	8	0	page	stand the recoil	
data.pokemon.dex_entries.gold.blastoise:9:0	text	data/pokemon/dex_entries/gold/blastoise.asm	9	0	next	of the water jets	
data.pokemon.dex_entries.gold.blastoise:10:0	text	data/pokemon/dex_entries/gold/blastoise.asm	10	0	next	it fires.@	
data.pokemon.dex_entries.gold.blissey:1:0	text	data/pokemon/dex_entries/gold/blissey.asm	1	0	db	HAPPINESS@	
data.pokemon.dex_entries.gold.blissey:4:0	text	data/pokemon/dex_entries/gold/blissey.asm	4	0	db	Anyone who takes	
data.pokemon.dex_entries.gold.blissey:5:0	text	data/pokemon/dex_entries/gold/blissey.asm	5	0	next	even one bite of	
data.pokemon.dex_entries.gold.blissey:6:0	text	data/pokemon/dex_entries/gold/blissey.asm	6	0	next	BLISSEY's egg be-	
data.pokemon.dex_entries.gold.blissey:8:0	text	data/pokemon/dex_entries/gold/blissey.asm	8	0	page	comes unfailingly	
data.pokemon.dex_entries.gold.blissey:9:0	text	data/pokemon/dex_entries/gold/blissey.asm	9	0	next	caring and pleas-	
data.pokemon.dex_entries.gold.blissey:10:0	text	data/pokemon/dex_entries/gold/blissey.asm	10	0	next	ant to everyone.@	
data.pokemon.dex_entries.gold.bulbasaur:1:0	text	data/pokemon/dex_entries/gold/bulbasaur.asm	1	0	db	SEED@	
data.pokemon.dex_entries.gold.bulbasaur:4:0	text	data/pokemon/dex_entries/gold/bulbasaur.asm	4	0	db	The seed on its	
data.pokemon.dex_entries.gold.bulbasaur:5:0	text	data/pokemon/dex_entries/gold/bulbasaur.asm	5	0	next	back is filled	
data.pokemon.dex_entries.gold.bulbasaur:6:0	text	data/pokemon/dex_entries/gold/bulbasaur.asm	6	0	next	with nutrients.	
data.pokemon.dex_entries.gold.bulbasaur:8:0	text	data/pokemon/dex_entries/gold/bulbasaur.asm	8	0	page	The seed grows	
data.pokemon.dex_entries.gold.bulbasaur:9:0	text	data/pokemon/dex_entries/gold/bulbasaur.asm	9	0	next	steadily larger as	
data.pokemon.dex_entries.gold.bulbasaur:10:0	text	data/pokemon/dex_entries/gold/bulbasaur.asm	10	0	next	its body grows.@	
data.pokemon.dex_entries.gold.butterfree:1:0	text	data/pokemon/dex_entries/gold/butterfree.asm	1	0	db	BUTTERFLY@	
data.pokemon.dex_entries.gold.butterfree:4:0	text	data/pokemon/dex_entries/gold/butterfree.asm	4	0	db	It collects honey	
data.pokemon.dex_entries.gold.butterfree:5:0	text	data/pokemon/dex_entries/gold/butterfree.asm	5	0	next	every day. It rubs	
data.pokemon.dex_entries.gold.butterfree:6:0	text	data/pokemon/dex_entries/gold/butterfree.asm	6	0	next	honey onto the	
data.pokemon.dex_entries.gold.butterfree:8:0	text	data/pokemon/dex_entries/gold/butterfree.asm	8	0	page	hairs on its legs	
data.pokemon.dex_entries.gold.butterfree:9:0	text	data/pokemon/dex_entries/gold/butterfree.asm	9	0	next	to carry it back	
data.pokemon.dex_entries.gold.butterfree:10:0	text	data/pokemon/dex_entries/gold/butterfree.asm	10	0	next	to its nest.@	
data.pokemon.dex_entries.gold.caterpie:1:0	text	data/pokemon/dex_entries/gold/caterpie.asm	1	0	db	WORM@	
data.pokemon.dex_entries.gold.caterpie:4:0	text	data/pokemon/dex_entries/gold/caterpie.asm	4	0	db	For protection, it	
data.pokemon.dex_entries.gold.caterpie:5:0	text	data/pokemon/dex_entries/gold/caterpie.asm	5	0	next	releases a horri-	
data.pokemon.dex_entries.gold.caterpie:6:0	text	data/pokemon/dex_entries/gold/caterpie.asm	6	0	next	ble stench from	
data.pokemon.dex_entries.gold.caterpie:8:0	text	data/pokemon/dex_entries/gold/caterpie.asm	8	0	page	the antenna on its	
data.pokemon.dex_entries.gold.caterpie:9:0	text	data/pokemon/dex_entries/gold/caterpie.asm	9	0	next	head to drive away	
data.pokemon.dex_entries.gold.caterpie:10:0	text	data/pokemon/dex_entries/gold/caterpie.asm	10	0	next	enemies.@	
data.pokemon.dex_entries.gold.celebi:1:0	text	data/pokemon/dex_entries/gold/celebi.asm	1	0	db	TIMETRAVEL@	
data.pokemon.dex_entries.gold.celebi:4:0	text	data/pokemon/dex_entries/gold/celebi.asm	4	0	db	This #MON wan-	
data.pokemon.dex_entries.gold.celebi:5:0	text	data/pokemon/dex_entries/gold/celebi.asm	5	0	next	ders across time.	
data.pokemon.dex_entries.gold.celebi:6:0	text	data/pokemon/dex_entries/gold/celebi.asm	6	0	next	Grass and trees	
data.pokemon.dex_entries.gold.celebi:8:0	text	data/pokemon/dex_entries/gold/celebi.asm	8	0	page	flourish in the	
data.pokemon.dex_entries.gold.celebi:9:0	text	data/pokemon/dex_entries/gold/celebi.asm	9	0	next	forests in which	
data.pokemon.dex_entries.gold.celebi:10:0	text	data/pokemon/dex_entries/gold/celebi.asm	10	0	next	it has appeared.@	
data.pokemon.dex_entries.gold.chansey:1:0	text	data/pokemon/dex_entries/gold/chansey.asm	1	0	db	EGG@	
data.pokemon.dex_entries.gold.chansey:4:0	text	data/pokemon/dex_entries/gold/chansey.asm	4	0	db	It walks carefully	
data.pokemon.dex_entries.gold.chansey:5:0	text	data/pokemon/dex_entries/gold/chansey.asm	5	0	next	to prevent its	
data.pokemon.dex_entries.gold.chansey:6:0	text	data/pokemon/dex_entries/gold/chansey.asm	6	0	next	egg from breaking.	
data.pokemon.dex_entries.gold.chansey:8:0	text	data/pokemon/dex_entries/gold/chansey.asm	8	0	page	However, it is	
data.pokemon.dex_entries.gold.chansey:9:0	text	data/pokemon/dex_entries/gold/chansey.asm	9	0	next	extremely fast at	
data.pokemon.dex_entries.gold.chansey:10:0	text	data/pokemon/dex_entries/gold/chansey.asm	10	0	next	running away.@	
data.pokemon.dex_entries.gold.charizard:1:0	text	data/pokemon/dex_entries/gold/charizard.asm	1	0	db	FLAME@	
data.pokemon.dex_entries.gold.charizard:4:0	text	data/pokemon/dex_entries/gold/charizard.asm	4	0	db	If CHARIZARD be-	
data.pokemon.dex_entries.gold.charizard:5:0	text	data/pokemon/dex_entries/gold/charizard.asm	5	0	next	comes furious, the	
data.pokemon.dex_entries.gold.charizard:6:0	text	data/pokemon/dex_entries/gold/charizard.asm	6	0	next	flame at the tip	
data.pokemon.dex_entries.gold.charizard:8:0	text	data/pokemon/dex_entries/gold/charizard.asm	8	0	page	of its tail flares	
data.pokemon.dex_entries.gold.charizard:9:0	text	data/pokemon/dex_entries/gold/charizard.asm	9	0	next	up in a whitish-	
data.pokemon.dex_entries.gold.charizard:10:0	text	data/pokemon/dex_entries/gold/charizard.asm	10	0	next	blue color.@	
data.pokemon.dex_entries.gold.charmander:1:0	text	data/pokemon/dex_entries/gold/charmander.asm	1	0	db	LIZARD@	
data.pokemon.dex_entries.gold.charmander:4:0	text	data/pokemon/dex_entries/gold/charmander.asm	4	0	db	The flame on its	
data.pokemon.dex_entries.gold.charmander:5:0	text	data/pokemon/dex_entries/gold/charmander.asm	5	0	next	tail shows the	
data.pokemon.dex_entries.gold.charmander:6:0	text	data/pokemon/dex_entries/gold/charmander.asm	6	0	next	strength of its	
data.pokemon.dex_entries.gold.charmander:8:0	text	data/pokemon/dex_entries/gold/charmander.asm	8	0	page	life force. If it	
data.pokemon.dex_entries.gold.charmander:9:0	text	data/pokemon/dex_entries/gold/charmander.asm	9	0	next	is weak, the flame	
data.pokemon.dex_entries.gold.charmander:10:0	text	data/pokemon/dex_entries/gold/charmander.asm	10	0	next	also burns weakly.@	
data.pokemon.dex_entries.gold.charmeleon:1:0	text	data/pokemon/dex_entries/gold/charmeleon.asm	1	0	db	FLAME@	
data.pokemon.dex_entries.gold.charmeleon:4:0	text	data/pokemon/dex_entries/gold/charmeleon.asm	4	0	db	It is very hot-	
data.pokemon.dex_entries.gold.charmeleon:5:0	text	data/pokemon/dex_entries/gold/charmeleon.asm	5	0	next	headed by nature,	
data.pokemon.dex_entries.gold.charmeleon:6:0	text	data/pokemon/dex_entries/gold/charmeleon.asm	6	0	next	so it constantly	
data.pokemon.dex_entries.gold.charmeleon:8:0	text	data/pokemon/dex_entries/gold/charmeleon.asm	8	0	page	seeks opponents.	
data.pokemon.dex_entries.gold.charmeleon:9:0	text	data/pokemon/dex_entries/gold/charmeleon.asm	9	0	next	It calms down only	
data.pokemon.dex_entries.gold.charmeleon:10:0	text	data/pokemon/dex_entries/gold/charmeleon.asm	10	0	next	when it wins.@	
data.pokemon.dex_entries.gold.chikorita:1:0	text	data/pokemon/dex_entries/gold/chikorita.asm	1	0	db	LEAF@	
data.pokemon.dex_entries.gold.chikorita:4:0	text	data/pokemon/dex_entries/gold/chikorita.asm	4	0	db	A sweet aroma	
data.pokemon.dex_entries.gold.chikorita:5:0	text	data/pokemon/dex_entries/gold/chikorita.asm	5	0	next	gently wafts from	
data.pokemon.dex_entries.gold.chikorita:6:0	text	data/pokemon/dex_entries/gold/chikorita.asm	6	0	next	the leaf on its	
data.pokemon.dex_entries.gold.chikorita:8:0	text	data/pokemon/dex_entries/gold/chikorita.asm	8	0	page	head. It is docile	
data.pokemon.dex_entries.gold.chikorita:9:0	text	data/pokemon/dex_entries/gold/chikorita.asm	9	0	next	and loves to soak	
data.pokemon.dex_entries.gold.chikorita:10:0	text	data/pokemon/dex_entries/gold/chikorita.asm	10	0	next	up the sun's rays.@	
data.pokemon.dex_entries.gold.chinchou:1:0	text	data/pokemon/dex_entries/gold/chinchou.asm	1	0	db	ANGLER@	
data.pokemon.dex_entries.gold.chinchou:4:0	text	data/pokemon/dex_entries/gold/chinchou.asm	4	0	db	It shoots positive	
data.pokemon.dex_entries.gold.chinchou:5:0	text	data/pokemon/dex_entries/gold/chinchou.asm	5	0	next	and negative elec-	
data.pokemon.dex_entries.gold.chinchou:6:0	text	data/pokemon/dex_entries/gold/chinchou.asm	6	0	next	tricity between	
data.pokemon.dex_entries.gold.chinchou:8:0	text	data/pokemon/dex_entries/gold/chinchou.asm	8	0	page	the tips of its	
data.pokemon.dex_entries.gold.chinchou:9:0	text	data/pokemon/dex_entries/gold/chinchou.asm	9	0	next	two antennae and	
data.pokemon.dex_entries.gold.chinchou:10:0	text	data/pokemon/dex_entries/gold/chinchou.asm	10	0	next	zaps its enemies.@	
data.pokemon.dex_entries.gold.clefable:1:0	text	data/pokemon/dex_entries/gold/clefable.asm	1	0	db	FAIRY@	
data.pokemon.dex_entries.gold.clefable:4:0	text	data/pokemon/dex_entries/gold/clefable.asm	4	0	db	With its acute	
data.pokemon.dex_entries.gold.clefable:5:0	text	data/pokemon/dex_entries/gold/clefable.asm	5	0	next	hearing, it can	
data.pokemon.dex_entries.gold.clefable:6:0	text	data/pokemon/dex_entries/gold/clefable.asm	6	0	next	pick up sounds	
data.pokemon.dex_entries.gold.clefable:8:0	text	data/pokemon/dex_entries/gold/clefable.asm	8	0	page	from far away. It	
data.pokemon.dex_entries.gold.clefable:9:0	text	data/pokemon/dex_entries/gold/clefable.asm	9	0	next	usually hides in	
data.pokemon.dex_entries.gold.clefable:10:0	text	data/pokemon/dex_entries/gold/clefable.asm	10	0	next	quiet places.@	
data.pokemon.dex_entries.gold.clefairy:1:0	text	data/pokemon/dex_entries/gold/clefairy.asm	1	0	db	FAIRY@	
data.pokemon.dex_entries.gold.clefairy:4:0	text	data/pokemon/dex_entries/gold/clefairy.asm	4	0	db	The moonlight that	
data.pokemon.dex_entries.gold.clefairy:5:0	text	data/pokemon/dex_entries/gold/clefairy.asm	5	0	next	it stores in the	
data.pokemon.dex_entries.gold.clefairy:6:0	text	data/pokemon/dex_entries/gold/clefairy.asm	6	0	next	wings on its back	
data.pokemon.dex_entries.gold.clefairy:8:0	text	data/pokemon/dex_entries/gold/clefairy.asm	8	0	page	apparently gives	
data.pokemon.dex_entries.gold.clefairy:9:0	text	data/pokemon/dex_entries/gold/clefairy.asm	9	0	next	it the ability to	
data.pokemon.dex_entries.gold.clefairy:10:0	text	data/pokemon/dex_entries/gold/clefairy.asm	10	0	next	float in midair.@	
data.pokemon.dex_entries.gold.cleffa:1:0	text	data/pokemon/dex_entries/gold/cleffa.asm	1	0	db	STARSHAPE@	
data.pokemon.dex_entries.gold.cleffa:4:0	text	data/pokemon/dex_entries/gold/cleffa.asm	4	0	db	Because of its	
data.pokemon.dex_entries.gold.cleffa:5:0	text	data/pokemon/dex_entries/gold/cleffa.asm	5	0	next	unusual, star-like	
data.pokemon.dex_entries.gold.cleffa:6:0	text	data/pokemon/dex_entries/gold/cleffa.asm	6	0	next	silhouette, people	
data.pokemon.dex_entries.gold.cleffa:8:0	text	data/pokemon/dex_entries/gold/cleffa.asm	8	0	page	believe that it	
data.pokemon.dex_entries.gold.cleffa:9:0	text	data/pokemon/dex_entries/gold/cleffa.asm	9	0	next	came here on	
data.pokemon.dex_entries.gold.cleffa:10:0	text	data/pokemon/dex_entries/gold/cleffa.asm	10	0	next	a meteor.@	
data.pokemon.dex_entries.gold.cloyster:1:0	text	data/pokemon/dex_entries/gold/cloyster.asm	1	0	db	BIVALVE@	
data.pokemon.dex_entries.gold.cloyster:4:0	text	data/pokemon/dex_entries/gold/cloyster.asm	4	0	db	Once it slams its	
data.pokemon.dex_entries.gold.cloyster:5:0	text	data/pokemon/dex_entries/gold/cloyster.asm	5	0	next	shell shut, it is	
data.pokemon.dex_entries.gold.cloyster:6:0	text	data/pokemon/dex_entries/gold/cloyster.asm	6	0	next	impossible to	
data.pokemon.dex_entries.gold.cloyster:8:0	text	data/pokemon/dex_entries/gold/cloyster.asm	8	0	page	open, even by	
data.pokemon.dex_entries.gold.cloyster:9:0	text	data/pokemon/dex_entries/gold/cloyster.asm	9	0	next	those with superi-	
data.pokemon.dex_entries.gold.cloyster:10:0	text	data/pokemon/dex_entries/gold/cloyster.asm	10	0	next	or strength.@	
data.pokemon.dex_entries.gold.corsola:1:0	text	data/pokemon/dex_entries/gold/corsola.asm	1	0	db	CORAL@	
data.pokemon.dex_entries.gold.corsola:4:0	text	data/pokemon/dex_entries/gold/corsola.asm	4	0	db	It continuously	
data.pokemon.dex_entries.gold.corsola:5:0	text	data/pokemon/dex_entries/gold/corsola.asm	5	0	next	sheds and grows.	
data.pokemon.dex_entries.gold.corsola:6:0	text	data/pokemon/dex_entries/gold/corsola.asm	6	0	next	The tip of its	
data.pokemon.dex_entries.gold.corsola:8:0	text	data/pokemon/dex_entries/gold/corsola.asm	8	0	page	head is prized as	
data.pokemon.dex_entries.gold.corsola:9:0	text	data/pokemon/dex_entries/gold/corsola.asm	9	0	next	a treasure for its	
data.pokemon.dex_entries.gold.corsola:10:0	text	data/pokemon/dex_entries/gold/corsola.asm	10	0	next	beauty.@	
data.pokemon.dex_entries.gold.crobat:1:0	text	data/pokemon/dex_entries/gold/crobat.asm	1	0	db	BAT@	
data.pokemon.dex_entries.gold.crobat:4:0	text	data/pokemon/dex_entries/gold/crobat.asm	4	0	db	It flies so si-	
data.pokemon.dex_entries.gold.crobat:5:0	text	data/pokemon/dex_entries/gold/crobat.asm	5	0	next	lently through the	
data.pokemon.dex_entries.gold.crobat:6:0	text	data/pokemon/dex_entries/gold/crobat.asm	6	0	next	dark on its four	
data.pokemon.dex_entries.gold.crobat:8:0	text	data/pokemon/dex_entries/gold/crobat.asm	8	0	page	wings that it may	
data.pokemon.dex_entries.gold.crobat:9:0	text	data/pokemon/dex_entries/gold/crobat.asm	9	0	next	not be noticed	
data.pokemon.dex_entries.gold.crobat:10:0	text	data/pokemon/dex_entries/gold/crobat.asm	10	0	next	even when nearby.@	
data.pokemon.dex_entries.gold.croconaw:1:0	text	data/pokemon/dex_entries/gold/croconaw.asm	1	0	db	BIG JAW@	
data.pokemon.dex_entries.gold.croconaw:4:0	text	data/pokemon/dex_entries/gold/croconaw.asm	4	0	db	If it loses a	
data.pokemon.dex_entries.gold.croconaw:5:0	text	data/pokemon/dex_entries/gold/croconaw.asm	5	0	next	fang, a new one	
data.pokemon.dex_entries.gold.croconaw:6:0	text	data/pokemon/dex_entries/gold/croconaw.asm	6	0	next	grows back in its	
data.pokemon.dex_entries.gold.croconaw:8:0	text	data/pokemon/dex_entries/gold/croconaw.asm	8	0	page	place. There are	
data.pokemon.dex_entries.gold.croconaw:9:0	text	data/pokemon/dex_entries/gold/croconaw.asm	9	0	next	always 48 fangs	
data.pokemon.dex_entries.gold.croconaw:10:0	text	data/pokemon/dex_entries/gold/croconaw.asm	10	0	next	lining its mouth.@	
data.pokemon.dex_entries.gold.cubone:1:0	text	data/pokemon/dex_entries/gold/cubone.asm	1	0	db	LONELY@	
data.pokemon.dex_entries.gold.cubone:4:0	text	data/pokemon/dex_entries/gold/cubone.asm	4	0	db	If it is sad or	
data.pokemon.dex_entries.gold.cubone:5:0	text	data/pokemon/dex_entries/gold/cubone.asm	5	0	next	lonely, the skull	
data.pokemon.dex_entries.gold.cubone:6:0	text	data/pokemon/dex_entries/gold/cubone.asm	6	0	next	it wears shakes,	
data.pokemon.dex_entries.gold.cubone:8:0	text	data/pokemon/dex_entries/gold/cubone.asm	8	0	page	and emits a plain-	
data.pokemon.dex_entries.gold.cubone:9:0	text	data/pokemon/dex_entries/gold/cubone.asm	9	0	next	tive and mournful	
data.pokemon.dex_entries.gold.cubone:10:0	text	data/pokemon/dex_entries/gold/cubone.asm	10	0	next	sound.@	
data.pokemon.dex_entries.gold.cyndaquil:1:0	text	data/pokemon/dex_entries/gold/cyndaquil.asm	1	0	db	FIRE MOUSE@	
data.pokemon.dex_entries.gold.cyndaquil:4:0	text	data/pokemon/dex_entries/gold/cyndaquil.asm	4	0	db	It is timid, and	
data.pokemon.dex_entries.gold.cyndaquil:5:0	text	data/pokemon/dex_entries/gold/cyndaquil.asm	5	0	next	always curls it-	
data.pokemon.dex_entries.gold.cyndaquil:6:0	text	data/pokemon/dex_entries/gold/cyndaquil.asm	6	0	next	self up in a ball.	
data.pokemon.dex_entries.gold.cyndaquil:8:0	text	data/pokemon/dex_entries/gold/cyndaquil.asm	8	0	page	If attacked, it	
data.pokemon.dex_entries.gold.cyndaquil:9:0	text	data/pokemon/dex_entries/gold/cyndaquil.asm	9	0	next	flares up its back	
data.pokemon.dex_entries.gold.cyndaquil:10:0	text	data/pokemon/dex_entries/gold/cyndaquil.asm	10	0	next	for protection.@	
data.pokemon.dex_entries.gold.delibird:1:0	text	data/pokemon/dex_entries/gold/delibird.asm	1	0	db	DELIVERY@	
data.pokemon.dex_entries.gold.delibird:4:0	text	data/pokemon/dex_entries/gold/delibird.asm	4	0	db	It carries food	
data.pokemon.dex_entries.gold.delibird:5:0	text	data/pokemon/dex_entries/gold/delibird.asm	5	0	next	all day long.	
data.pokemon.dex_entries.gold.delibird:6:0	text	data/pokemon/dex_entries/gold/delibird.asm	6	0	next	There are tales	
data.pokemon.dex_entries.gold.delibird:8:0	text	data/pokemon/dex_entries/gold/delibird.asm	8	0	page	about lost people	
data.pokemon.dex_entries.gold.delibird:9:0	text	data/pokemon/dex_entries/gold/delibird.asm	9	0	next	who were saved by	
data.pokemon.dex_entries.gold.delibird:10:0	text	data/pokemon/dex_entries/gold/delibird.asm	10	0	next	the food it had.@	
data.pokemon.dex_entries.gold.dewgong:1:0	text	data/pokemon/dex_entries/gold/dewgong.asm	1	0	db	SEA LION@	
data.pokemon.dex_entries.gold.dewgong:4:0	text	data/pokemon/dex_entries/gold/dewgong.asm	4	0	db	Its streamlined	
data.pokemon.dex_entries.gold.dewgong:5:0	text	data/pokemon/dex_entries/gold/dewgong.asm	5	0	next	body has little	
data.pokemon.dex_entries.gold.dewgong:6:0	text	data/pokemon/dex_entries/gold/dewgong.asm	6	0	next	drag in water.	
data.pokemon.dex_entries.gold.dewgong:8:0	text	data/pokemon/dex_entries/gold/dewgong.asm	8	0	page	The colder the	
data.pokemon.dex_entries.gold.dewgong:9:0	text	data/pokemon/dex_entries/gold/dewgong.asm	9	0	next	temperature, the	
data.pokemon.dex_entries.gold.dewgong:10:0	text	data/pokemon/dex_entries/gold/dewgong.asm	10	0	next	friskier it gets.@	
data.pokemon.dex_entries.gold.diglett:1:0	text	data/pokemon/dex_entries/gold/diglett.asm	1	0	db	MOLE@	
data.pokemon.dex_entries.gold.diglett:4:0	text	data/pokemon/dex_entries/gold/diglett.asm	4	0	db	Its skin is very	
data.pokemon.dex_entries.gold.diglett:5:0	text	data/pokemon/dex_entries/gold/diglett.asm	5	0	next	thin. If it is	
data.pokemon.dex_entries.gold.diglett:6:0	text	data/pokemon/dex_entries/gold/diglett.asm	6	0	next	exposed to light,	
data.pokemon.dex_entries.gold.diglett:8:0	text	data/pokemon/dex_entries/gold/diglett.asm	8	0	page	its blood heats	
data.pokemon.dex_entries.gold.diglett:9:0	text	data/pokemon/dex_entries/gold/diglett.asm	9	0	next	up, causing it to	
data.pokemon.dex_entries.gold.diglett:10:0	text	data/pokemon/dex_entries/gold/diglett.asm	10	0	next	grow weak.@	
data.pokemon.dex_entries.gold.ditto:1:0	text	data/pokemon/dex_entries/gold/ditto.asm	1	0	db	TRANSFORM@	
data.pokemon.dex_entries.gold.ditto:4:0	text	data/pokemon/dex_entries/gold/ditto.asm	4	0	db	It can transform	
data.pokemon.dex_entries.gold.ditto:5:0	text	data/pokemon/dex_entries/gold/ditto.asm	5	0	next	into anything.	
data.pokemon.dex_entries.gold.ditto:6:0	text	data/pokemon/dex_entries/gold/ditto.asm	6	0	next	When it sleeps, it	
data.pokemon.dex_entries.gold.ditto:8:0	text	data/pokemon/dex_entries/gold/ditto.asm	8	0	page	changes into a	
data.pokemon.dex_entries.gold.ditto:9:0	text	data/pokemon/dex_entries/gold/ditto.asm	9	0	next	stone to avoid	
data.pokemon.dex_entries.gold.ditto:10:0	text	data/pokemon/dex_entries/gold/ditto.asm	10	0	next	being attacked.@	
data.pokemon.dex_entries.gold.dodrio:1:0	text	data/pokemon/dex_entries/gold/dodrio.asm	1	0	db	TRIPLEBIRD@	
data.pokemon.dex_entries.gold.dodrio:4:0	text	data/pokemon/dex_entries/gold/dodrio.asm	4	0	db	It collects data 	
data.pokemon.dex_entries.gold.dodrio:5:0	text	data/pokemon/dex_entries/gold/dodrio.asm	5	0	next	and plans three	
data.pokemon.dex_entries.gold.dodrio:6:0	text	data/pokemon/dex_entries/gold/dodrio.asm	6	0	next	times as wisely,	
data.pokemon.dex_entries.gold.dodrio:8:0	text	data/pokemon/dex_entries/gold/dodrio.asm	8	0	page	but it may think	
data.pokemon.dex_entries.gold.dodrio:9:0	text	data/pokemon/dex_entries/gold/dodrio.asm	9	0	next	too much and be-	
data.pokemon.dex_entries.gold.dodrio:10:0	text	data/pokemon/dex_entries/gold/dodrio.asm	10	0	next	come immobilized.@	
data.pokemon.dex_entries.gold.doduo:1:0	text	data/pokemon/dex_entries/gold/doduo.asm	1	0	db	TWIN BIRD@	
data.pokemon.dex_entries.gold.doduo:4:0	text	data/pokemon/dex_entries/gold/doduo.asm	4	0	db	By alternately	
data.pokemon.dex_entries.gold.doduo:5:0	text	data/pokemon/dex_entries/gold/doduo.asm	5	0	next	raising and lower-	
data.pokemon.dex_entries.gold.doduo:6:0	text	data/pokemon/dex_entries/gold/doduo.asm	6	0	next	ing its two heads,	
data.pokemon.dex_entries.gold.doduo:8:0	text	data/pokemon/dex_entries/gold/doduo.asm	8	0	page	it balances itself	
data.pokemon.dex_entries.gold.doduo:9:0	text	data/pokemon/dex_entries/gold/doduo.asm	9	0	next	to be more stable	
data.pokemon.dex_entries.gold.doduo:10:0	text	data/pokemon/dex_entries/gold/doduo.asm	10	0	next	while running.@	
data.pokemon.dex_entries.gold.donphan:1:0	text	data/pokemon/dex_entries/gold/donphan.asm	1	0	db	ARMOR@	
data.pokemon.dex_entries.gold.donphan:4:0	text	data/pokemon/dex_entries/gold/donphan.asm	4	0	db	It has sharp, hard	
data.pokemon.dex_entries.gold.donphan:5:0	text	data/pokemon/dex_entries/gold/donphan.asm	5	0	next	tusks and a rugged	
data.pokemon.dex_entries.gold.donphan:6:0	text	data/pokemon/dex_entries/gold/donphan.asm	6	0	next	hide. Its TACKLE	
data.pokemon.dex_entries.gold.donphan:8:0	text	data/pokemon/dex_entries/gold/donphan.asm	8	0	page	is strong enough	
data.pokemon.dex_entries.gold.donphan:9:0	text	data/pokemon/dex_entries/gold/donphan.asm	9	0	next	to knock down a	
data.pokemon.dex_entries.gold.donphan:10:0	text	data/pokemon/dex_entries/gold/donphan.asm	10	0	next	house.@	
data.pokemon.dex_entries.gold.dragonair:1:0	text	data/pokemon/dex_entries/gold/dragonair.asm	1	0	db	DRAGON@	
data.pokemon.dex_entries.gold.dragonair:4:0	text	data/pokemon/dex_entries/gold/dragonair.asm	4	0	db	They say that if	
data.pokemon.dex_entries.gold.dragonair:5:0	text	data/pokemon/dex_entries/gold/dragonair.asm	5	0	next	it emits an aura	
data.pokemon.dex_entries.gold.dragonair:6:0	text	data/pokemon/dex_entries/gold/dragonair.asm	6	0	next	from its whole	
data.pokemon.dex_entries.gold.dragonair:8:0	text	data/pokemon/dex_entries/gold/dragonair.asm	8	0	page	body, the weather	
data.pokemon.dex_entries.gold.dragonair:9:0	text	data/pokemon/dex_entries/gold/dragonair.asm	9	0	next	will begin to	
data.pokemon.dex_entries.gold.dragonair:10:0	text	data/pokemon/dex_entries/gold/dragonair.asm	10	0	next	change instantly.@	
data.pokemon.dex_entries.gold.dragonite:1:0	text	data/pokemon/dex_entries/gold/dragonite.asm	1	0	db	DRAGON@	
data.pokemon.dex_entries.gold.dragonite:4:0	text	data/pokemon/dex_entries/gold/dragonite.asm	4	0	db	It is said that	
data.pokemon.dex_entries.gold.dragonite:5:0	text	data/pokemon/dex_entries/gold/dragonite.asm	5	0	next	this #MON con-	
data.pokemon.dex_entries.gold.dragonite:6:0	text	data/pokemon/dex_entries/gold/dragonite.asm	6	0	next	stantly flies over	
data.pokemon.dex_entries.gold.dragonite:8:0	text	data/pokemon/dex_entries/gold/dragonite.asm	8	0	page	the immense seas	
data.pokemon.dex_entries.gold.dragonite:9:0	text	data/pokemon/dex_entries/gold/dragonite.asm	9	0	next	and rescues drown-	
data.pokemon.dex_entries.gold.dragonite:10:0	text	data/pokemon/dex_entries/gold/dragonite.asm	10	0	next	ing people.@	
data.pokemon.dex_entries.gold.dratini:1:0	text	data/pokemon/dex_entries/gold/dratini.asm	1	0	db	DRAGON@	
data.pokemon.dex_entries.gold.dratini:4:0	text	data/pokemon/dex_entries/gold/dratini.asm	4	0	db	It is born large	
data.pokemon.dex_entries.gold.dratini:5:0	text	data/pokemon/dex_entries/gold/dratini.asm	5	0	next	to start with. It	
data.pokemon.dex_entries.gold.dratini:6:0	text	data/pokemon/dex_entries/gold/dratini.asm	6	0	next	repeatedly sheds	
data.pokemon.dex_entries.gold.dratini:8:0	text	data/pokemon/dex_entries/gold/dratini.asm	8	0	page	its skin as it	
data.pokemon.dex_entries.gold.dratini:9:0	text	data/pokemon/dex_entries/gold/dratini.asm	9	0	next	steadily grows	
data.pokemon.dex_entries.gold.dratini:10:0	text	data/pokemon/dex_entries/gold/dratini.asm	10	0	next	longer.@	
data.pokemon.dex_entries.gold.drowzee:1:0	text	data/pokemon/dex_entries/gold/drowzee.asm	1	0	db	HYPNOSIS@	
data.pokemon.dex_entries.gold.drowzee:4:0	text	data/pokemon/dex_entries/gold/drowzee.asm	4	0	db	If you think that	
data.pokemon.dex_entries.gold.drowzee:5:0	text	data/pokemon/dex_entries/gold/drowzee.asm	5	0	next	you had a good	
data.pokemon.dex_entries.gold.drowzee:6:0	text	data/pokemon/dex_entries/gold/drowzee.asm	6	0	next	dream, but you	
data.pokemon.dex_entries.gold.drowzee:8:0	text	data/pokemon/dex_entries/gold/drowzee.asm	8	0	page	can't remember it,	
data.pokemon.dex_entries.gold.drowzee:9:0	text	data/pokemon/dex_entries/gold/drowzee.asm	9	0	next	a DROWZEE has	
data.pokemon.dex_entries.gold.drowzee:10:0	text	data/pokemon/dex_entries/gold/drowzee.asm	10	0	next	probably eaten it.@	
data.pokemon.dex_entries.gold.dugtrio:1:0	text	data/pokemon/dex_entries/gold/dugtrio.asm	1	0	db	MOLE@	
data.pokemon.dex_entries.gold.dugtrio:4:0	text	data/pokemon/dex_entries/gold/dugtrio.asm	4	0	db	Its three heads	
data.pokemon.dex_entries.gold.dugtrio:5:0	text	data/pokemon/dex_entries/gold/dugtrio.asm	5	0	next	bob separately up	
data.pokemon.dex_entries.gold.dugtrio:6:0	text	data/pokemon/dex_entries/gold/dugtrio.asm	6	0	next	and down to loosen	
data.pokemon.dex_entries.gold.dugtrio:8:0	text	data/pokemon/dex_entries/gold/dugtrio.asm	8	0	page	the soil nearby,	
data.pokemon.dex_entries.gold.dugtrio:9:0	text	data/pokemon/dex_entries/gold/dugtrio.asm	9	0	next	making it easier	
data.pokemon.dex_entries.gold.dugtrio:10:0	text	data/pokemon/dex_entries/gold/dugtrio.asm	10	0	next	for it to burrow.@	
data.pokemon.dex_entries.gold.dunsparce:1:0	text	data/pokemon/dex_entries/gold/dunsparce.asm	1	0	db	LAND SNAKE@	
data.pokemon.dex_entries.gold.dunsparce:4:0	text	data/pokemon/dex_entries/gold/dunsparce.asm	4	0	db	When spotted, this	
data.pokemon.dex_entries.gold.dunsparce:5:0	text	data/pokemon/dex_entries/gold/dunsparce.asm	5	0	next	#MON escapes	
data.pokemon.dex_entries.gold.dunsparce:6:0	text	data/pokemon/dex_entries/gold/dunsparce.asm	6	0	next	backward by furi-	
data.pokemon.dex_entries.gold.dunsparce:8:0	text	data/pokemon/dex_entries/gold/dunsparce.asm	8	0	page	ously boring into	
data.pokemon.dex_entries.gold.dunsparce:9:0	text	data/pokemon/dex_entries/gold/dunsparce.asm	9	0	next	the ground with	
data.pokemon.dex_entries.gold.dunsparce:10:0	text	data/pokemon/dex_entries/gold/dunsparce.asm	10	0	next	its tail.@	
data.pokemon.dex_entries.gold.eevee:1:0	text	data/pokemon/dex_entries/gold/eevee.asm	1	0	db	EVOLUTION@	
data.pokemon.dex_entries.gold.eevee:4:0	text	data/pokemon/dex_entries/gold/eevee.asm	4	0	db	It has the ability	
data.pokemon.dex_entries.gold.eevee:5:0	text	data/pokemon/dex_entries/gold/eevee.asm	5	0	next	to alter the com-	
data.pokemon.dex_entries.gold.eevee:6:0	text	data/pokemon/dex_entries/gold/eevee.asm	6	0	next	position of its	
data.pokemon.dex_entries.gold.eevee:8:0	text	data/pokemon/dex_entries/gold/eevee.asm	8	0	page	body to suit its	
data.pokemon.dex_entries.gold.eevee:9:0	text	data/pokemon/dex_entries/gold/eevee.asm	9	0	next	surrounding envi-	
data.pokemon.dex_entries.gold.eevee:10:0	text	data/pokemon/dex_entries/gold/eevee.asm	10	0	next	ronment.@	
data.pokemon.dex_entries.gold.ekans:1:0	text	data/pokemon/dex_entries/gold/ekans.asm	1	0	db	SNAKE@	
data.pokemon.dex_entries.gold.ekans:4:0	text	data/pokemon/dex_entries/gold/ekans.asm	4	0	db	It can freely de-	
data.pokemon.dex_entries.gold.ekans:5:0	text	data/pokemon/dex_entries/gold/ekans.asm	5	0	next	tach its jaw to	
data.pokemon.dex_entries.gold.ekans:6:0	text	data/pokemon/dex_entries/gold/ekans.asm	6	0	next	swallow large prey	
data.pokemon.dex_entries.gold.ekans:8:0	text	data/pokemon/dex_entries/gold/ekans.asm	8	0	page	whole. It can be-	
data.pokemon.dex_entries.gold.ekans:9:0	text	data/pokemon/dex_entries/gold/ekans.asm	9	0	next	come too heavy to	
data.pokemon.dex_entries.gold.ekans:10:0	text	data/pokemon/dex_entries/gold/ekans.asm	10	0	next	move, however.@	
data.pokemon.dex_entries.gold.electabuzz:1:0	text	data/pokemon/dex_entries/gold/electabuzz.asm	1	0	db	ELECTRIC@	
data.pokemon.dex_entries.gold.electabuzz:4:0	text	data/pokemon/dex_entries/gold/electabuzz.asm	4	0	db	Electricity runs	
data.pokemon.dex_entries.gold.electabuzz:5:0	text	data/pokemon/dex_entries/gold/electabuzz.asm	5	0	next	across the surface	
data.pokemon.dex_entries.gold.electabuzz:6:0	text	data/pokemon/dex_entries/gold/electabuzz.asm	6	0	next	of its body. In	
data.pokemon.dex_entries.gold.electabuzz:8:0	text	data/pokemon/dex_entries/gold/electabuzz.asm	8	0	page	darkness, its en-	
data.pokemon.dex_entries.gold.electabuzz:9:0	text	data/pokemon/dex_entries/gold/electabuzz.asm	9	0	next	tire body glows a	
data.pokemon.dex_entries.gold.electabuzz:10:0	text	data/pokemon/dex_entries/gold/electabuzz.asm	10	0	next	whitish-blue.@	
data.pokemon.dex_entries.gold.electrode:1:0	text	data/pokemon/dex_entries/gold/electrode.asm	1	0	db	BALL@	
data.pokemon.dex_entries.gold.electrode:4:0	text	data/pokemon/dex_entries/gold/electrode.asm	4	0	db	It is dangerous.	
data.pokemon.dex_entries.gold.electrode:5:0	text	data/pokemon/dex_entries/gold/electrode.asm	5	0	next	If it has too much	
data.pokemon.dex_entries.gold.electrode:6:0	text	data/pokemon/dex_entries/gold/electrode.asm	6	0	next	electricity and	
data.pokemon.dex_entries.gold.electrode:8:0	text	data/pokemon/dex_entries/gold/electrode.asm	8	0	page	has nothing to do,	
data.pokemon.dex_entries.gold.electrode:9:0	text	data/pokemon/dex_entries/gold/electrode.asm	9	0	next	it amuses itself	
data.pokemon.dex_entries.gold.electrode:10:0	text	data/pokemon/dex_entries/gold/electrode.asm	10	0	next	by exploding.@	
data.pokemon.dex_entries.gold.elekid:1:0	text	data/pokemon/dex_entries/gold/elekid.asm	1	0	db	ELECTRIC@	
data.pokemon.dex_entries.gold.elekid:4:0	text	data/pokemon/dex_entries/gold/elekid.asm	4	0	db	It rotates its	
data.pokemon.dex_entries.gold.elekid:5:0	text	data/pokemon/dex_entries/gold/elekid.asm	5	0	next	arms to generate	
data.pokemon.dex_entries.gold.elekid:6:0	text	data/pokemon/dex_entries/gold/elekid.asm	6	0	next	electricity, but	
data.pokemon.dex_entries.gold.elekid:8:0	text	data/pokemon/dex_entries/gold/elekid.asm	8	0	page	it tires easily,	
data.pokemon.dex_entries.gold.elekid:9:0	text	data/pokemon/dex_entries/gold/elekid.asm	9	0	next	so it charges up	
data.pokemon.dex_entries.gold.elekid:10:0	text	data/pokemon/dex_entries/gold/elekid.asm	10	0	next	only a little bit.@	
data.pokemon.dex_entries.gold.entei:1:0	text	data/pokemon/dex_entries/gold/entei.asm	1	0	db	VOLCANO@	
data.pokemon.dex_entries.gold.entei:4:0	text	data/pokemon/dex_entries/gold/entei.asm	4	0	db	Volcanoes erupt	
data.pokemon.dex_entries.gold.entei:5:0	text	data/pokemon/dex_entries/gold/entei.asm	5	0	next	when it barks. Un-	
data.pokemon.dex_entries.gold.entei:6:0	text	data/pokemon/dex_entries/gold/entei.asm	6	0	next	able to restrain	
data.pokemon.dex_entries.gold.entei:8:0	text	data/pokemon/dex_entries/gold/entei.asm	8	0	page	its extreme power,	
data.pokemon.dex_entries.gold.entei:9:0	text	data/pokemon/dex_entries/gold/entei.asm	9	0	next	it races headlong	
data.pokemon.dex_entries.gold.entei:10:0	text	data/pokemon/dex_entries/gold/entei.asm	10	0	next	around the land.@	
data.pokemon.dex_entries.gold.espeon:1:0	text	data/pokemon/dex_entries/gold/espeon.asm	1	0	db	SUN@	
data.pokemon.dex_entries.gold.espeon:4:0	text	data/pokemon/dex_entries/gold/espeon.asm	4	0	db	It uses the fine	
data.pokemon.dex_entries.gold.espeon:5:0	text	data/pokemon/dex_entries/gold/espeon.asm	5	0	next	hair that covers	
data.pokemon.dex_entries.gold.espeon:6:0	text	data/pokemon/dex_entries/gold/espeon.asm	6	0	next	its body to sense	
data.pokemon.dex_entries.gold.espeon:8:0	text	data/pokemon/dex_entries/gold/espeon.asm	8	0	page	air currents and	
data.pokemon.dex_entries.gold.espeon:9:0	text	data/pokemon/dex_entries/gold/espeon.asm	9	0	next	predict its ene-	
data.pokemon.dex_entries.gold.espeon:10:0	text	data/pokemon/dex_entries/gold/espeon.asm	10	0	next	my's actions.@	
data.pokemon.dex_entries.gold.exeggcute:1:0	text	data/pokemon/dex_entries/gold/exeggcute.asm	1	0	db	EGG@	
data.pokemon.dex_entries.gold.exeggcute:4:0	text	data/pokemon/dex_entries/gold/exeggcute.asm	4	0	db	The shell is very	
data.pokemon.dex_entries.gold.exeggcute:5:0	text	data/pokemon/dex_entries/gold/exeggcute.asm	5	0	next	durable. Even if	
data.pokemon.dex_entries.gold.exeggcute:6:0	text	data/pokemon/dex_entries/gold/exeggcute.asm	6	0	next	it cracks, it can	
data.pokemon.dex_entries.gold.exeggcute:8:0	text	data/pokemon/dex_entries/gold/exeggcute.asm	8	0	page	survive without	
data.pokemon.dex_entries.gold.exeggcute:9:0	text	data/pokemon/dex_entries/gold/exeggcute.asm	9	0	next	spilling the	
data.pokemon.dex_entries.gold.exeggcute:10:0	text	data/pokemon/dex_entries/gold/exeggcute.asm	10	0	next	contents.@	
data.pokemon.dex_entries.gold.exeggutor:1:0	text	data/pokemon/dex_entries/gold/exeggutor.asm	1	0	db	COCONUT@	
data.pokemon.dex_entries.gold.exeggutor:4:0	text	data/pokemon/dex_entries/gold/exeggutor.asm	4	0	db	Its three heads	
data.pokemon.dex_entries.gold.exeggutor:5:0	text	data/pokemon/dex_entries/gold/exeggutor.asm	5	0	next	think independent-	
data.pokemon.dex_entries.gold.exeggutor:6:0	text	data/pokemon/dex_entries/gold/exeggutor.asm	6	0	next	ly. However, they	
data.pokemon.dex_entries.gold.exeggutor:8:0	text	data/pokemon/dex_entries/gold/exeggutor.asm	8	0	page	are friendly and	
data.pokemon.dex_entries.gold.exeggutor:9:0	text	data/pokemon/dex_entries/gold/exeggutor.asm	9	0	next	never appear to	
data.pokemon.dex_entries.gold.exeggutor:10:0	text	data/pokemon/dex_entries/gold/exeggutor.asm	10	0	next	squabble.@	
data.pokemon.dex_entries.gold.farfetch_d:1:0	text	data/pokemon/dex_entries/gold/farfetch_d.asm	1	0	db	WILD DUCK@	
data.pokemon.dex_entries.gold.farfetch_d:4:0	text	data/pokemon/dex_entries/gold/farfetch_d.asm	4	0	db	If anyone tries to	
data.pokemon.dex_entries.gold.farfetch_d:5:0	text	data/pokemon/dex_entries/gold/farfetch_d.asm	5	0	next	disturb where the	
data.pokemon.dex_entries.gold.farfetch_d:6:0	text	data/pokemon/dex_entries/gold/farfetch_d.asm	6	0	next	essential plant	
data.pokemon.dex_entries.gold.farfetch_d:8:0	text	data/pokemon/dex_entries/gold/farfetch_d.asm	8	0	page	sticks grow, it	
data.pokemon.dex_entries.gold.farfetch_d:9:0	text	data/pokemon/dex_entries/gold/farfetch_d.asm	9	0	next	uses its own stick	
data.pokemon.dex_entries.gold.farfetch_d:10:0	text	data/pokemon/dex_entries/gold/farfetch_d.asm	10	0	next	to thwart them.@	
data.pokemon.dex_entries.gold.fearow:1:0	text	data/pokemon/dex_entries/gold/fearow.asm	1	0	db	BEAK@	
data.pokemon.dex_entries.gold.fearow:4:0	text	data/pokemon/dex_entries/gold/fearow.asm	4	0	db	It shoots itself	
data.pokemon.dex_entries.gold.fearow:5:0	text	data/pokemon/dex_entries/gold/fearow.asm	5	0	next	suddenly high into	
data.pokemon.dex_entries.gold.fearow:6:0	text	data/pokemon/dex_entries/gold/fearow.asm	6	0	next	the sky, then	
data.pokemon.dex_entries.gold.fearow:8:0	text	data/pokemon/dex_entries/gold/fearow.asm	8	0	page	plummets down in	
data.pokemon.dex_entries.gold.fearow:9:0	text	data/pokemon/dex_entries/gold/fearow.asm	9	0	next	one fell swoop to	
data.pokemon.dex_entries.gold.fearow:10:0	text	data/pokemon/dex_entries/gold/fearow.asm	10	0	next	strike its prey.@	
data.pokemon.dex_entries.gold.feraligatr:1:0	text	data/pokemon/dex_entries/gold/feraligatr.asm	1	0	db	BIG JAW@	
data.pokemon.dex_entries.gold.feraligatr:4:0	text	data/pokemon/dex_entries/gold/feraligatr.asm	4	0	db	When it bites with	
data.pokemon.dex_entries.gold.feraligatr:5:0	text	data/pokemon/dex_entries/gold/feraligatr.asm	5	0	next	its massive and	
data.pokemon.dex_entries.gold.feraligatr:6:0	text	data/pokemon/dex_entries/gold/feraligatr.asm	6	0	next	powerful jaws, it	
data.pokemon.dex_entries.gold.feraligatr:8:0	text	data/pokemon/dex_entries/gold/feraligatr.asm	8	0	page	shakes its head	
data.pokemon.dex_entries.gold.feraligatr:9:0	text	data/pokemon/dex_entries/gold/feraligatr.asm	9	0	next	and savagely tears	
data.pokemon.dex_entries.gold.feraligatr:10:0	text	data/pokemon/dex_entries/gold/feraligatr.asm	10	0	next	its victim up.@	
data.pokemon.dex_entries.gold.flaaffy:1:0	text	data/pokemon/dex_entries/gold/flaaffy.asm	1	0	db	WOOL@	
data.pokemon.dex_entries.gold.flaaffy:4:0	text	data/pokemon/dex_entries/gold/flaaffy.asm	4	0	db	As a result of	
data.pokemon.dex_entries.gold.flaaffy:5:0	text	data/pokemon/dex_entries/gold/flaaffy.asm	5	0	next	storing too much	
data.pokemon.dex_entries.gold.flaaffy:6:0	text	data/pokemon/dex_entries/gold/flaaffy.asm	6	0	next	electricity, it	
data.pokemon.dex_entries.gold.flaaffy:8:0	text	data/pokemon/dex_entries/gold/flaaffy.asm	8	0	page	developed patches	
data.pokemon.dex_entries.gold.flaaffy:9:0	text	data/pokemon/dex_entries/gold/flaaffy.asm	9	0	next	where even downy	
data.pokemon.dex_entries.gold.flaaffy:10:0	text	data/pokemon/dex_entries/gold/flaaffy.asm	10	0	next	wool won't grow.@	
data.pokemon.dex_entries.gold.flareon:1:0	text	data/pokemon/dex_entries/gold/flareon.asm	1	0	db	FLAME@	
data.pokemon.dex_entries.gold.flareon:4:0	text	data/pokemon/dex_entries/gold/flareon.asm	4	0	db	It stores some of	
data.pokemon.dex_entries.gold.flareon:5:0	text	data/pokemon/dex_entries/gold/flareon.asm	5	0	next	the air it inhales	
data.pokemon.dex_entries.gold.flareon:6:0	text	data/pokemon/dex_entries/gold/flareon.asm	6	0	next	in its internal	
data.pokemon.dex_entries.gold.flareon:8:0	text	data/pokemon/dex_entries/gold/flareon.asm	8	0	page	flame pouch, which	
data.pokemon.dex_entries.gold.flareon:9:0	text	data/pokemon/dex_entries/gold/flareon.asm	9	0	next	heats it to over	
data.pokemon.dex_entries.gold.flareon:10:0	text	data/pokemon/dex_entries/gold/flareon.asm	10	0	next	3,000 degrees.@	
data.pokemon.dex_entries.gold.forretress:1:0	text	data/pokemon/dex_entries/gold/forretress.asm	1	0	db	BAGWORM@	
data.pokemon.dex_entries.gold.forretress:4:0	text	data/pokemon/dex_entries/gold/forretress.asm	4	0	db	Its entire body is	
data.pokemon.dex_entries.gold.forretress:5:0	text	data/pokemon/dex_entries/gold/forretress.asm	5	0	next	shielded by a	
data.pokemon.dex_entries.gold.forretress:6:0	text	data/pokemon/dex_entries/gold/forretress.asm	6	0	next	steel-hard shell.	
data.pokemon.dex_entries.gold.forretress:8:0	text	data/pokemon/dex_entries/gold/forretress.asm	8	0	page	What lurks inside	
data.pokemon.dex_entries.gold.forretress:9:0	text	data/pokemon/dex_entries/gold/forretress.asm	9	0	next	the armor is a	
data.pokemon.dex_entries.gold.forretress:10:0	text	data/pokemon/dex_entries/gold/forretress.asm	10	0	next	total mystery.@	
data.pokemon.dex_entries.gold.furret:1:0	text	data/pokemon/dex_entries/gold/furret.asm	1	0	db	LONG BODY@	
data.pokemon.dex_entries.gold.furret:4:0	text	data/pokemon/dex_entries/gold/furret.asm	4	0	db	It makes a nest to	
data.pokemon.dex_entries.gold.furret:5:0	text	data/pokemon/dex_entries/gold/furret.asm	5	0	next	suit its long and	
data.pokemon.dex_entries.gold.furret:6:0	text	data/pokemon/dex_entries/gold/furret.asm	6	0	next	skinny body. The	
data.pokemon.dex_entries.gold.furret:8:0	text	data/pokemon/dex_entries/gold/furret.asm	8	0	page	nest is impossible	
data.pokemon.dex_entries.gold.furret:9:0	text	data/pokemon/dex_entries/gold/furret.asm	9	0	next	for other #MON	
data.pokemon.dex_entries.gold.furret:10:0	text	data/pokemon/dex_entries/gold/furret.asm	10	0	next	to enter.@	
data.pokemon.dex_entries.gold.gastly:1:0	text	data/pokemon/dex_entries/gold/gastly.asm	1	0	db	GAS@	
data.pokemon.dex_entries.gold.gastly:4:0	text	data/pokemon/dex_entries/gold/gastly.asm	4	0	db	With its gas-like	
data.pokemon.dex_entries.gold.gastly:5:0	text	data/pokemon/dex_entries/gold/gastly.asm	5	0	next	body, it can sneak	
data.pokemon.dex_entries.gold.gastly:6:0	text	data/pokemon/dex_entries/gold/gastly.asm	6	0	next	into any place it	
data.pokemon.dex_entries.gold.gastly:8:0	text	data/pokemon/dex_entries/gold/gastly.asm	8	0	page	desires. However,	
data.pokemon.dex_entries.gold.gastly:9:0	text	data/pokemon/dex_entries/gold/gastly.asm	9	0	next	it can be blown	
data.pokemon.dex_entries.gold.gastly:10:0	text	data/pokemon/dex_entries/gold/gastly.asm	10	0	next	away by wind.@	
data.pokemon.dex_entries.gold.gengar:1:0	text	data/pokemon/dex_entries/gold/gengar.asm	1	0	db	SHADOW@	
data.pokemon.dex_entries.gold.gengar:4:0	text	data/pokemon/dex_entries/gold/gengar.asm	4	0	db	It steals heat	
data.pokemon.dex_entries.gold.gengar:5:0	text	data/pokemon/dex_entries/gold/gengar.asm	5	0	next	from its surround-	
data.pokemon.dex_entries.gold.gengar:6:0	text	data/pokemon/dex_entries/gold/gengar.asm	6	0	next	ings. If you feel	
data.pokemon.dex_entries.gold.gengar:8:0	text	data/pokemon/dex_entries/gold/gengar.asm	8	0	page	a sudden chill, it	
data.pokemon.dex_entries.gold.gengar:9:0	text	data/pokemon/dex_entries/gold/gengar.asm	9	0	next	is certain that a	
data.pokemon.dex_entries.gold.gengar:10:0	text	data/pokemon/dex_entries/gold/gengar.asm	10	0	next	GENGAR appeared.@	
data.pokemon.dex_entries.gold.geodude:1:0	text	data/pokemon/dex_entries/gold/geodude.asm	1	0	db	ROCK@	
data.pokemon.dex_entries.gold.geodude:4:0	text	data/pokemon/dex_entries/gold/geodude.asm	4	0	db	Most people may	
data.pokemon.dex_entries.gold.geodude:5:0	text	data/pokemon/dex_entries/gold/geodude.asm	5	0	next	not notice, but	
data.pokemon.dex_entries.gold.geodude:6:0	text	data/pokemon/dex_entries/gold/geodude.asm	6	0	next	a closer look	
data.pokemon.dex_entries.gold.geodude:8:0	text	data/pokemon/dex_entries/gold/geodude.asm	8	0	page	should reveal that	
data.pokemon.dex_entries.gold.geodude:9:0	text	data/pokemon/dex_entries/gold/geodude.asm	9	0	next	there are many	
data.pokemon.dex_entries.gold.geodude:10:0	text	data/pokemon/dex_entries/gold/geodude.asm	10	0	next	GEODUDE around.@	
data.pokemon.dex_entries.gold.girafarig:1:0	text	data/pokemon/dex_entries/gold/girafarig.asm	1	0	db	LONG NECK@	
data.pokemon.dex_entries.gold.girafarig:4:0	text	data/pokemon/dex_entries/gold/girafarig.asm	4	0	db	Its tail has a	
data.pokemon.dex_entries.gold.girafarig:5:0	text	data/pokemon/dex_entries/gold/girafarig.asm	5	0	next	small brain of its	
data.pokemon.dex_entries.gold.girafarig:6:0	text	data/pokemon/dex_entries/gold/girafarig.asm	6	0	next	own. Beware! If	
data.pokemon.dex_entries.gold.girafarig:8:0	text	data/pokemon/dex_entries/gold/girafarig.asm	8	0	page	you get close, it	
data.pokemon.dex_entries.gold.girafarig:9:0	text	data/pokemon/dex_entries/gold/girafarig.asm	9	0	next	may react to your	
data.pokemon.dex_entries.gold.girafarig:10:0	text	data/pokemon/dex_entries/gold/girafarig.asm	10	0	next	scent and bite.@	
data.pokemon.dex_entries.gold.gligar:1:0	text	data/pokemon/dex_entries/gold/gligar.asm	1	0	db	FLYSCORPIO@	
data.pokemon.dex_entries.gold.gligar:4:0	text	data/pokemon/dex_entries/gold/gligar.asm	4	0	db	It flies straight	
data.pokemon.dex_entries.gold.gligar:5:0	text	data/pokemon/dex_entries/gold/gligar.asm	5	0	next	at its target's	
data.pokemon.dex_entries.gold.gligar:6:0	text	data/pokemon/dex_entries/gold/gligar.asm	6	0	next	face then clamps	
data.pokemon.dex_entries.gold.gligar:8:0	text	data/pokemon/dex_entries/gold/gligar.asm	8	0	page	down on the star-	
data.pokemon.dex_entries.gold.gligar:9:0	text	data/pokemon/dex_entries/gold/gligar.asm	9	0	next	tled victim to	
data.pokemon.dex_entries.gold.gligar:10:0	text	data/pokemon/dex_entries/gold/gligar.asm	10	0	next	inject poison.@	
data.pokemon.dex_entries.gold.gloom:1:0	text	data/pokemon/dex_entries/gold/gloom.asm	1	0	db	WEED@	
data.pokemon.dex_entries.gold.gloom:4:0	text	data/pokemon/dex_entries/gold/gloom.asm	4	0	db	What appears to be	
data.pokemon.dex_entries.gold.gloom:5:0	text	data/pokemon/dex_entries/gold/gloom.asm	5	0	next	drool is actually	
data.pokemon.dex_entries.gold.gloom:6:0	text	data/pokemon/dex_entries/gold/gloom.asm	6	0	next	sweet honey. It is	
data.pokemon.dex_entries.gold.gloom:8:0	text	data/pokemon/dex_entries/gold/gloom.asm	8	0	page	very sticky and	
data.pokemon.dex_entries.gold.gloom:9:0	text	data/pokemon/dex_entries/gold/gloom.asm	9	0	next	clings stubbornly	
data.pokemon.dex_entries.gold.gloom:10:0	text	data/pokemon/dex_entries/gold/gloom.asm	10	0	next	if touched.@	
data.pokemon.dex_entries.gold.golbat:1:0	text	data/pokemon/dex_entries/gold/golbat.asm	1	0	db	BAT@	
data.pokemon.dex_entries.gold.golbat:4:0	text	data/pokemon/dex_entries/gold/golbat.asm	4	0	db	However hard its	
data.pokemon.dex_entries.gold.golbat:5:0	text	data/pokemon/dex_entries/gold/golbat.asm	5	0	next	victim's hide may	
data.pokemon.dex_entries.gold.golbat:6:0	text	data/pokemon/dex_entries/gold/golbat.asm	6	0	next	be, it punctures	
data.pokemon.dex_entries.gold.golbat:8:0	text	data/pokemon/dex_entries/gold/golbat.asm	8	0	page	with sharp fangs	
data.pokemon.dex_entries.gold.golbat:9:0	text	data/pokemon/dex_entries/gold/golbat.asm	9	0	next	and gorges itself	
data.pokemon.dex_entries.gold.golbat:10:0	text	data/pokemon/dex_entries/gold/golbat.asm	10	0	next	with blood.@	
data.pokemon.dex_entries.gold.goldeen:1:0	text	data/pokemon/dex_entries/gold/goldeen.asm	1	0	db	GOLDFISH@	
data.pokemon.dex_entries.gold.goldeen:4:0	text	data/pokemon/dex_entries/gold/goldeen.asm	4	0	db	Its dorsal, pecto-	
data.pokemon.dex_entries.gold.goldeen:5:0	text	data/pokemon/dex_entries/gold/goldeen.asm	5	0	next	ral and tail fins	
data.pokemon.dex_entries.gold.goldeen:6:0	text	data/pokemon/dex_entries/gold/goldeen.asm	6	0	next	wave elegantly in	
data.pokemon.dex_entries.gold.goldeen:8:0	text	data/pokemon/dex_entries/gold/goldeen.asm	8	0	page	water. That is why	
data.pokemon.dex_entries.gold.goldeen:9:0	text	data/pokemon/dex_entries/gold/goldeen.asm	9	0	next	it is known as the	
data.pokemon.dex_entries.gold.goldeen:10:0	text	data/pokemon/dex_entries/gold/goldeen.asm	10	0	next	water dancer.@	
data.pokemon.dex_entries.gold.golduck:1:0	text	data/pokemon/dex_entries/gold/golduck.asm	1	0	db	DUCK@	
data.pokemon.dex_entries.gold.golduck:4:0	text	data/pokemon/dex_entries/gold/golduck.asm	4	0	db	When it swims at	
data.pokemon.dex_entries.gold.golduck:5:0	text	data/pokemon/dex_entries/gold/golduck.asm	5	0	next	full speed using	
data.pokemon.dex_entries.gold.golduck:6:0	text	data/pokemon/dex_entries/gold/golduck.asm	6	0	next	its long, webbed	
data.pokemon.dex_entries.gold.golduck:8:0	text	data/pokemon/dex_entries/gold/golduck.asm	8	0	page	limbs, its fore-	
data.pokemon.dex_entries.gold.golduck:9:0	text	data/pokemon/dex_entries/gold/golduck.asm	9	0	next	head somehow be-	
data.pokemon.dex_entries.gold.golduck:10:0	text	data/pokemon/dex_entries/gold/golduck.asm	10	0	next	gins to glow.@	
data.pokemon.dex_entries.gold.golem:1:0	text	data/pokemon/dex_entries/gold/golem.asm	1	0	db	MEGATON@	
data.pokemon.dex_entries.gold.golem:4:0	text	data/pokemon/dex_entries/gold/golem.asm	4	0	db	It sheds its skin	
data.pokemon.dex_entries.gold.golem:5:0	text	data/pokemon/dex_entries/gold/golem.asm	5	0	next	once a year. The	
data.pokemon.dex_entries.gold.golem:6:0	text	data/pokemon/dex_entries/gold/golem.asm	6	0	next	discarded shell	
data.pokemon.dex_entries.gold.golem:8:0	text	data/pokemon/dex_entries/gold/golem.asm	8	0	page	immediately hard-	
data.pokemon.dex_entries.gold.golem:9:0	text	data/pokemon/dex_entries/gold/golem.asm	9	0	next	ens and crumbles	
data.pokemon.dex_entries.gold.golem:10:0	text	data/pokemon/dex_entries/gold/golem.asm	10	0	next	away.@	
data.pokemon.dex_entries.gold.granbull:1:0	text	data/pokemon/dex_entries/gold/granbull.asm	1	0	db	FAIRY@	
data.pokemon.dex_entries.gold.granbull:4:0	text	data/pokemon/dex_entries/gold/granbull.asm	4	0	db	It is actually	
data.pokemon.dex_entries.gold.granbull:5:0	text	data/pokemon/dex_entries/gold/granbull.asm	5	0	next	timid and easily	
data.pokemon.dex_entries.gold.granbull:6:0	text	data/pokemon/dex_entries/gold/granbull.asm	6	0	next	spooked. If at-	
data.pokemon.dex_entries.gold.granbull:8:0	text	data/pokemon/dex_entries/gold/granbull.asm	8	0	page	tacked, it flails	
data.pokemon.dex_entries.gold.granbull:9:0	text	data/pokemon/dex_entries/gold/granbull.asm	9	0	next	about to fend off	
data.pokemon.dex_entries.gold.granbull:10:0	text	data/pokemon/dex_entries/gold/granbull.asm	10	0	next	its attacker.@	
data.pokemon.dex_entries.gold.graveler:1:0	text	data/pokemon/dex_entries/gold/graveler.asm	1	0	db	ROCK@	
data.pokemon.dex_entries.gold.graveler:4:0	text	data/pokemon/dex_entries/gold/graveler.asm	4	0	db	With a free and	
data.pokemon.dex_entries.gold.graveler:5:0	text	data/pokemon/dex_entries/gold/graveler.asm	5	0	next	uncaring nature,	
data.pokemon.dex_entries.gold.graveler:6:0	text	data/pokemon/dex_entries/gold/graveler.asm	6	0	next	it doesn't mind if	
data.pokemon.dex_entries.gold.graveler:8:0	text	data/pokemon/dex_entries/gold/graveler.asm	8	0	page	pieces break off	
data.pokemon.dex_entries.gold.graveler:9:0	text	data/pokemon/dex_entries/gold/graveler.asm	9	0	next	while it rolls	
data.pokemon.dex_entries.gold.graveler:10:0	text	data/pokemon/dex_entries/gold/graveler.asm	10	0	next	down mountains.@	
data.pokemon.dex_entries.gold.grimer:1:0	text	data/pokemon/dex_entries/gold/grimer.asm	1	0	db	SLUDGE@	
data.pokemon.dex_entries.gold.grimer:4:0	text	data/pokemon/dex_entries/gold/grimer.asm	4	0	db	As it moves, it	
data.pokemon.dex_entries.gold.grimer:5:0	text	data/pokemon/dex_entries/gold/grimer.asm	5	0	next	loses bits of its	
data.pokemon.dex_entries.gold.grimer:6:0	text	data/pokemon/dex_entries/gold/grimer.asm	6	0	next	body from which	
data.pokemon.dex_entries.gold.grimer:8:0	text	data/pokemon/dex_entries/gold/grimer.asm	8	0	page	new GRIMER emerge.	
data.pokemon.dex_entries.gold.grimer:9:0	text	data/pokemon/dex_entries/gold/grimer.asm	9	0	next	This worsens the	
data.pokemon.dex_entries.gold.grimer:10:0	text	data/pokemon/dex_entries/gold/grimer.asm	10	0	next	stench around it.@	
data.pokemon.dex_entries.gold.growlithe:1:0	text	data/pokemon/dex_entries/gold/growlithe.asm	1	0	db	PUPPY@	
data.pokemon.dex_entries.gold.growlithe:4:0	text	data/pokemon/dex_entries/gold/growlithe.asm	4	0	db	It has a brave and	
data.pokemon.dex_entries.gold.growlithe:5:0	text	data/pokemon/dex_entries/gold/growlithe.asm	5	0	next	trustworthy na-	
data.pokemon.dex_entries.gold.growlithe:6:0	text	data/pokemon/dex_entries/gold/growlithe.asm	6	0	next	ture. It fear-	
data.pokemon.dex_entries.gold.growlithe:8:0	text	data/pokemon/dex_entries/gold/growlithe.asm	8	0	page	lessly stands up	
data.pokemon.dex_entries.gold.growlithe:9:0	text	data/pokemon/dex_entries/gold/growlithe.asm	9	0	next	to bigger and	
data.pokemon.dex_entries.gold.growlithe:10:0	text	data/pokemon/dex_entries/gold/growlithe.asm	10	0	next	stronger foes.@	
data.pokemon.dex_entries.gold.gyarados:1:0	text	data/pokemon/dex_entries/gold/gyarados.asm	1	0	db	ATROCIOUS@	
data.pokemon.dex_entries.gold.gyarados:4:0	text	data/pokemon/dex_entries/gold/gyarados.asm	4	0	db	They say that	
data.pokemon.dex_entries.gold.gyarados:5:0	text	data/pokemon/dex_entries/gold/gyarados.asm	5	0	next	during past wars,	
data.pokemon.dex_entries.gold.gyarados:6:0	text	data/pokemon/dex_entries/gold/gyarados.asm	6	0	next	GYARADOS would	
data.pokemon.dex_entries.gold.gyarados:8:0	text	data/pokemon/dex_entries/gold/gyarados.asm	8	0	page	appear and leave	
data.pokemon.dex_entries.gold.gyarados:9:0	text	data/pokemon/dex_entries/gold/gyarados.asm	9	0	next	blazing ruins in	
data.pokemon.dex_entries.gold.gyarados:10:0	text	data/pokemon/dex_entries/gold/gyarados.asm	10	0	next	its wake.@	
data.pokemon.dex_entries.gold.haunter:1:0	text	data/pokemon/dex_entries/gold/haunter.asm	1	0	db	GAS@	
data.pokemon.dex_entries.gold.haunter:4:0	text	data/pokemon/dex_entries/gold/haunter.asm	4	0	db	In total darkness,	
data.pokemon.dex_entries.gold.haunter:5:0	text	data/pokemon/dex_entries/gold/haunter.asm	5	0	next	where nothing is	
data.pokemon.dex_entries.gold.haunter:6:0	text	data/pokemon/dex_entries/gold/haunter.asm	6	0	next	visible, HAUNTER	
data.pokemon.dex_entries.gold.haunter:8:0	text	data/pokemon/dex_entries/gold/haunter.asm	8	0	page	lurks, silently	
data.pokemon.dex_entries.gold.haunter:9:0	text	data/pokemon/dex_entries/gold/haunter.asm	9	0	next	stalking its next	
data.pokemon.dex_entries.gold.haunter:10:0	text	data/pokemon/dex_entries/gold/haunter.asm	10	0	next	victim.@	
data.pokemon.dex_entries.gold.heracross:1:0	text	data/pokemon/dex_entries/gold/heracross.asm	1	0	db	SINGLEHORN@	
data.pokemon.dex_entries.gold.heracross:4:0	text	data/pokemon/dex_entries/gold/heracross.asm	4	0	db	This powerful	
data.pokemon.dex_entries.gold.heracross:5:0	text	data/pokemon/dex_entries/gold/heracross.asm	5	0	next	#MON thrusts	
data.pokemon.dex_entries.gold.heracross:6:0	text	data/pokemon/dex_entries/gold/heracross.asm	6	0	next	its prized horn	
data.pokemon.dex_entries.gold.heracross:8:0	text	data/pokemon/dex_entries/gold/heracross.asm	8	0	page	under its enemies'	
data.pokemon.dex_entries.gold.heracross:9:0	text	data/pokemon/dex_entries/gold/heracross.asm	9	0	next	bellies then lifts	
data.pokemon.dex_entries.gold.heracross:10:0	text	data/pokemon/dex_entries/gold/heracross.asm	10	0	next	and throws them.@	
data.pokemon.dex_entries.gold.hitmonchan:1:0	text	data/pokemon/dex_entries/gold/hitmonchan.asm	1	0	db	PUNCHING@	
data.pokemon.dex_entries.gold.hitmonchan:4:0	text	data/pokemon/dex_entries/gold/hitmonchan.asm	4	0	db	Its punches slice	
data.pokemon.dex_entries.gold.hitmonchan:5:0	text	data/pokemon/dex_entries/gold/hitmonchan.asm	5	0	next	the air. However,	
data.pokemon.dex_entries.gold.hitmonchan:6:0	text	data/pokemon/dex_entries/gold/hitmonchan.asm	6	0	next	it seems to need a	
data.pokemon.dex_entries.gold.hitmonchan:8:0	text	data/pokemon/dex_entries/gold/hitmonchan.asm	8	0	page	short break after	
data.pokemon.dex_entries.gold.hitmonchan:9:0	text	data/pokemon/dex_entries/gold/hitmonchan.asm	9	0	next	fighting for three	
data.pokemon.dex_entries.gold.hitmonchan:10:0	text	data/pokemon/dex_entries/gold/hitmonchan.asm	10	0	next	minutes.@	
data.pokemon.dex_entries.gold.hitmonlee:1:0	text	data/pokemon/dex_entries/gold/hitmonlee.asm	1	0	db	KICKING@	
data.pokemon.dex_entries.gold.hitmonlee:4:0	text	data/pokemon/dex_entries/gold/hitmonlee.asm	4	0	db	This amazing #-	
data.pokemon.dex_entries.gold.hitmonlee:5:0	text	data/pokemon/dex_entries/gold/hitmonlee.asm	5	0	next	MON has an awesome	
data.pokemon.dex_entries.gold.hitmonlee:6:0	text	data/pokemon/dex_entries/gold/hitmonlee.asm	6	0	next	sense of balance.	
data.pokemon.dex_entries.gold.hitmonlee:8:0	text	data/pokemon/dex_entries/gold/hitmonlee.asm	8	0	page	It can kick in	
data.pokemon.dex_entries.gold.hitmonlee:9:0	text	data/pokemon/dex_entries/gold/hitmonlee.asm	9	0	next	succession from	
data.pokemon.dex_entries.gold.hitmonlee:10:0	text	data/pokemon/dex_entries/gold/hitmonlee.asm	10	0	next	any position.@	
data.pokemon.dex_entries.gold.hitmontop:1:0	text	data/pokemon/dex_entries/gold/hitmontop.asm	1	0	db	HANDSTAND@	
data.pokemon.dex_entries.gold.hitmontop:4:0	text	data/pokemon/dex_entries/gold/hitmontop.asm	4	0	db	If you become	
data.pokemon.dex_entries.gold.hitmontop:5:0	text	data/pokemon/dex_entries/gold/hitmontop.asm	5	0	next	enchanted by its	
data.pokemon.dex_entries.gold.hitmontop:6:0	text	data/pokemon/dex_entries/gold/hitmontop.asm	6	0	next	smooth, elegant,	
data.pokemon.dex_entries.gold.hitmontop:8:0	text	data/pokemon/dex_entries/gold/hitmontop.asm	8	0	page	dance-like kicks,	
data.pokemon.dex_entries.gold.hitmontop:9:0	text	data/pokemon/dex_entries/gold/hitmontop.asm	9	0	next	you may get	
data.pokemon.dex_entries.gold.hitmontop:10:0	text	data/pokemon/dex_entries/gold/hitmontop.asm	10	0	next	drilled hard.@	
data.pokemon.dex_entries.gold.ho_oh:1:0	text	data/pokemon/dex_entries/gold/ho_oh.asm	1	0	db	RAINBOW@	
data.pokemon.dex_entries.gold.ho_oh:4:0	text	data/pokemon/dex_entries/gold/ho_oh.asm	4	0	db	Legends claim this	
data.pokemon.dex_entries.gold.ho_oh:5:0	text	data/pokemon/dex_entries/gold/ho_oh.asm	5	0	next	#MON flies the	
data.pokemon.dex_entries.gold.ho_oh:6:0	text	data/pokemon/dex_entries/gold/ho_oh.asm	6	0	next	world's skies con-	
data.pokemon.dex_entries.gold.ho_oh:8:0	text	data/pokemon/dex_entries/gold/ho_oh.asm	8	0	page	tinuously on its	
data.pokemon.dex_entries.gold.ho_oh:9:0	text	data/pokemon/dex_entries/gold/ho_oh.asm	9	0	next	magnificent seven-	
data.pokemon.dex_entries.gold.ho_oh:10:0	text	data/pokemon/dex_entries/gold/ho_oh.asm	10	0	next	colored wings.@	
data.pokemon.dex_entries.gold.hoothoot:1:0	text	data/pokemon/dex_entries/gold/hoothoot.asm	1	0	db	OWL@	
data.pokemon.dex_entries.gold.hoothoot:4:0	text	data/pokemon/dex_entries/gold/hoothoot.asm	4	0	db	It always stands	
data.pokemon.dex_entries.gold.hoothoot:5:0	text	data/pokemon/dex_entries/gold/hoothoot.asm	5	0	next	on one foot. It	
data.pokemon.dex_entries.gold.hoothoot:6:0	text	data/pokemon/dex_entries/gold/hoothoot.asm	6	0	next	changes feet so	
data.pokemon.dex_entries.gold.hoothoot:8:0	text	data/pokemon/dex_entries/gold/hoothoot.asm	8	0	page	fast, the movement	
data.pokemon.dex_entries.gold.hoothoot:9:0	text	data/pokemon/dex_entries/gold/hoothoot.asm	9	0	next	can rarely be	
data.pokemon.dex_entries.gold.hoothoot:10:0	text	data/pokemon/dex_entries/gold/hoothoot.asm	10	0	next	seen.@	
data.pokemon.dex_entries.gold.hoppip:1:0	text	data/pokemon/dex_entries/gold/hoppip.asm	1	0	db	COTTONWEED@	
data.pokemon.dex_entries.gold.hoppip:4:0	text	data/pokemon/dex_entries/gold/hoppip.asm	4	0	db	To keep from being	
data.pokemon.dex_entries.gold.hoppip:5:0	text	data/pokemon/dex_entries/gold/hoppip.asm	5	0	next	blown away by the	
data.pokemon.dex_entries.gold.hoppip:6:0	text	data/pokemon/dex_entries/gold/hoppip.asm	6	0	next	wind, they gather	
data.pokemon.dex_entries.gold.hoppip:8:0	text	data/pokemon/dex_entries/gold/hoppip.asm	8	0	page	in clusters. They	
data.pokemon.dex_entries.gold.hoppip:9:0	text	data/pokemon/dex_entries/gold/hoppip.asm	9	0	next	do enjoy gentle	
data.pokemon.dex_entries.gold.hoppip:10:0	text	data/pokemon/dex_entries/gold/hoppip.asm	10	0	next	breezes, though.@	
data.pokemon.dex_entries.gold.horsea:1:0	text	data/pokemon/dex_entries/gold/horsea.asm	1	0	db	DRAGON@	
data.pokemon.dex_entries.gold.horsea:4:0	text	data/pokemon/dex_entries/gold/horsea.asm	4	0	db	If attacked by a	
data.pokemon.dex_entries.gold.horsea:5:0	text	data/pokemon/dex_entries/gold/horsea.asm	5	0	next	larger enemy, it	
data.pokemon.dex_entries.gold.horsea:6:0	text	data/pokemon/dex_entries/gold/horsea.asm	6	0	next	quickly swims to	
data.pokemon.dex_entries.gold.horsea:8:0	text	data/pokemon/dex_entries/gold/horsea.asm	8	0	page	safety by adeptly	
data.pokemon.dex_entries.gold.horsea:9:0	text	data/pokemon/dex_entries/gold/horsea.asm	9	0	next	controlling its	
data.pokemon.dex_entries.gold.horsea:10:0	text	data/pokemon/dex_entries/gold/horsea.asm	10	0	next	dorsal fin.@	
data.pokemon.dex_entries.gold.houndoom:1:0	text	data/pokemon/dex_entries/gold/houndoom.asm	1	0	db	DARK@	
data.pokemon.dex_entries.gold.houndoom:4:0	text	data/pokemon/dex_entries/gold/houndoom.asm	4	0	db	If you are burned	
data.pokemon.dex_entries.gold.houndoom:5:0	text	data/pokemon/dex_entries/gold/houndoom.asm	5	0	next	by the flames it	
data.pokemon.dex_entries.gold.houndoom:6:0	text	data/pokemon/dex_entries/gold/houndoom.asm	6	0	next	shoots from its	
data.pokemon.dex_entries.gold.houndoom:8:0	text	data/pokemon/dex_entries/gold/houndoom.asm	8	0	page	mouth, the pain	
data.pokemon.dex_entries.gold.houndoom:9:0	text	data/pokemon/dex_entries/gold/houndoom.asm	9	0	next	will never go	
data.pokemon.dex_entries.gold.houndoom:10:0	text	data/pokemon/dex_entries/gold/houndoom.asm	10	0	next	away.@	
data.pokemon.dex_entries.gold.houndour:1:0	text	data/pokemon/dex_entries/gold/houndour.asm	1	0	db	DARK@	
data.pokemon.dex_entries.gold.houndour:4:0	text	data/pokemon/dex_entries/gold/houndour.asm	4	0	db	It uses different	
data.pokemon.dex_entries.gold.houndour:5:0	text	data/pokemon/dex_entries/gold/houndour.asm	5	0	next	kinds of cries for	
data.pokemon.dex_entries.gold.houndour:6:0	text	data/pokemon/dex_entries/gold/houndour.asm	6	0	next	communicating with	
data.pokemon.dex_entries.gold.houndour:8:0	text	data/pokemon/dex_entries/gold/houndour.asm	8	0	page	others of its kind	
data.pokemon.dex_entries.gold.houndour:9:0	text	data/pokemon/dex_entries/gold/houndour.asm	9	0	next	and for pursuing	
data.pokemon.dex_entries.gold.houndour:10:0	text	data/pokemon/dex_entries/gold/houndour.asm	10	0	next	its prey.@	
data.pokemon.dex_entries.gold.hypno:1:0	text	data/pokemon/dex_entries/gold/hypno.asm	1	0	db	HYPNOSIS@	
data.pokemon.dex_entries.gold.hypno:4:0	text	data/pokemon/dex_entries/gold/hypno.asm	4	0	db	When it is very	
data.pokemon.dex_entries.gold.hypno:5:0	text	data/pokemon/dex_entries/gold/hypno.asm	5	0	next	hungry, it puts	
data.pokemon.dex_entries.gold.hypno:6:0	text	data/pokemon/dex_entries/gold/hypno.asm	6	0	next	humans it meets to	
data.pokemon.dex_entries.gold.hypno:8:0	text	data/pokemon/dex_entries/gold/hypno.asm	8	0	page	sleep, then it	
data.pokemon.dex_entries.gold.hypno:9:0	text	data/pokemon/dex_entries/gold/hypno.asm	9	0	next	feasts on their	
data.pokemon.dex_entries.gold.hypno:10:0	text	data/pokemon/dex_entries/gold/hypno.asm	10	0	next	dreams.@	
data.pokemon.dex_entries.gold.igglybuff:1:0	text	data/pokemon/dex_entries/gold/igglybuff.asm	1	0	db	BALLOON@	
data.pokemon.dex_entries.gold.igglybuff:4:0	text	data/pokemon/dex_entries/gold/igglybuff.asm	4	0	db	It has a very soft	
data.pokemon.dex_entries.gold.igglybuff:5:0	text	data/pokemon/dex_entries/gold/igglybuff.asm	5	0	next	body. If it starts	
data.pokemon.dex_entries.gold.igglybuff:6:0	text	data/pokemon/dex_entries/gold/igglybuff.asm	6	0	next	to roll, it will	
data.pokemon.dex_entries.gold.igglybuff:8:0	text	data/pokemon/dex_entries/gold/igglybuff.asm	8	0	page	bounce all over	
data.pokemon.dex_entries.gold.igglybuff:9:0	text	data/pokemon/dex_entries/gold/igglybuff.asm	9	0	next	and be impossible	
data.pokemon.dex_entries.gold.igglybuff:10:0	text	data/pokemon/dex_entries/gold/igglybuff.asm	10	0	next	to stop.@	
data.pokemon.dex_entries.gold.ivysaur:1:0	text	data/pokemon/dex_entries/gold/ivysaur.asm	1	0	db	SEED@	
data.pokemon.dex_entries.gold.ivysaur:4:0	text	data/pokemon/dex_entries/gold/ivysaur.asm	4	0	db	Exposure to sun-	
data.pokemon.dex_entries.gold.ivysaur:5:0	text	data/pokemon/dex_entries/gold/ivysaur.asm	5	0	next	light adds to its	
data.pokemon.dex_entries.gold.ivysaur:6:0	text	data/pokemon/dex_entries/gold/ivysaur.asm	6	0	next	strength. Sunlight	
data.pokemon.dex_entries.gold.ivysaur:8:0	text	data/pokemon/dex_entries/gold/ivysaur.asm	8	0	page	also makes the bud	
data.pokemon.dex_entries.gold.ivysaur:9:0	text	data/pokemon/dex_entries/gold/ivysaur.asm	9	0	next	on its back grow	
data.pokemon.dex_entries.gold.ivysaur:10:0	text	data/pokemon/dex_entries/gold/ivysaur.asm	10	0	next	larger.@	
data.pokemon.dex_entries.gold.jigglypuff:1:0	text	data/pokemon/dex_entries/gold/jigglypuff.asm	1	0	db	BALLOON@	
data.pokemon.dex_entries.gold.jigglypuff:4:0	text	data/pokemon/dex_entries/gold/jigglypuff.asm	4	0	db	If it inflates to	
data.pokemon.dex_entries.gold.jigglypuff:5:0	text	data/pokemon/dex_entries/gold/jigglypuff.asm	5	0	next	SING a lullaby, it	
data.pokemon.dex_entries.gold.jigglypuff:6:0	text	data/pokemon/dex_entries/gold/jigglypuff.asm	6	0	next	can perform longer	
data.pokemon.dex_entries.gold.jigglypuff:8:0	text	data/pokemon/dex_entries/gold/jigglypuff.asm	8	0	page	and cause sure	
data.pokemon.dex_entries.gold.jigglypuff:9:0	text	data/pokemon/dex_entries/gold/jigglypuff.asm	9	0	next	drowsiness in its	
data.pokemon.dex_entries.gold.jigglypuff:10:0	text	data/pokemon/dex_entries/gold/jigglypuff.asm	10	0	next	audience.@	
data.pokemon.dex_entries.gold.jolteon:1:0	text	data/pokemon/dex_entries/gold/jolteon.asm	1	0	db	LIGHTNING@	
data.pokemon.dex_entries.gold.jolteon:4:0	text	data/pokemon/dex_entries/gold/jolteon.asm	4	0	db	It concentrates	
data.pokemon.dex_entries.gold.jolteon:5:0	text	data/pokemon/dex_entries/gold/jolteon.asm	5	0	next	the weak electric	
data.pokemon.dex_entries.gold.jolteon:6:0	text	data/pokemon/dex_entries/gold/jolteon.asm	6	0	next	charges emitted	
data.pokemon.dex_entries.gold.jolteon:8:0	text	data/pokemon/dex_entries/gold/jolteon.asm	8	0	page	by its cells and	
data.pokemon.dex_entries.gold.jolteon:9:0	text	data/pokemon/dex_entries/gold/jolteon.asm	9	0	next	launches wicked	
data.pokemon.dex_entries.gold.jolteon:10:0	text	data/pokemon/dex_entries/gold/jolteon.asm	10	0	next	lightning bolts.@	
data.pokemon.dex_entries.gold.jumpluff:1:0	text	data/pokemon/dex_entries/gold/jumpluff.asm	1	0	db	COTTONWEED@	
data.pokemon.dex_entries.gold.jumpluff:4:0	text	data/pokemon/dex_entries/gold/jumpluff.asm	4	0	db	Once it catches	
data.pokemon.dex_entries.gold.jumpluff:5:0	text	data/pokemon/dex_entries/gold/jumpluff.asm	5	0	next	the wind, it deft-	
data.pokemon.dex_entries.gold.jumpluff:6:0	text	data/pokemon/dex_entries/gold/jumpluff.asm	6	0	next	ly controls its	
data.pokemon.dex_entries.gold.jumpluff:8:0	text	data/pokemon/dex_entries/gold/jumpluff.asm	8	0	page	cotton-puff spores	
data.pokemon.dex_entries.gold.jumpluff:9:0	text	data/pokemon/dex_entries/gold/jumpluff.asm	9	0	next	to float, even	
data.pokemon.dex_entries.gold.jumpluff:10:0	text	data/pokemon/dex_entries/gold/jumpluff.asm	10	0	next	around the world.@	
data.pokemon.dex_entries.gold.jynx:1:0	text	data/pokemon/dex_entries/gold/jynx.asm	1	0	db	HUMANSHAPE@	
data.pokemon.dex_entries.gold.jynx:4:0	text	data/pokemon/dex_entries/gold/jynx.asm	4	0	db	It rocks its body	
data.pokemon.dex_entries.gold.jynx:5:0	text	data/pokemon/dex_entries/gold/jynx.asm	5	0	next	rhythmically. It	
data.pokemon.dex_entries.gold.jynx:6:0	text	data/pokemon/dex_entries/gold/jynx.asm	6	0	next	appears to alter	
data.pokemon.dex_entries.gold.jynx:8:0	text	data/pokemon/dex_entries/gold/jynx.asm	8	0	page	the rhythm depend-	
data.pokemon.dex_entries.gold.jynx:9:0	text	data/pokemon/dex_entries/gold/jynx.asm	9	0	next	ing on how it is	
data.pokemon.dex_entries.gold.jynx:10:0	text	data/pokemon/dex_entries/gold/jynx.asm	10	0	next	feeling.@	
data.pokemon.dex_entries.gold.kabuto:1:0	text	data/pokemon/dex_entries/gold/kabuto.asm	1	0	db	SHELLFISH@	
data.pokemon.dex_entries.gold.kabuto:4:0	text	data/pokemon/dex_entries/gold/kabuto.asm	4	0	db	On rare occasions,	
data.pokemon.dex_entries.gold.kabuto:5:0	text	data/pokemon/dex_entries/gold/kabuto.asm	5	0	next	some have been	
data.pokemon.dex_entries.gold.kabuto:6:0	text	data/pokemon/dex_entries/gold/kabuto.asm	6	0	next	found as fossils	
data.pokemon.dex_entries.gold.kabuto:8:0	text	data/pokemon/dex_entries/gold/kabuto.asm	8	0	page	which they became	
data.pokemon.dex_entries.gold.kabuto:9:0	text	data/pokemon/dex_entries/gold/kabuto.asm	9	0	next	while hiding on	
data.pokemon.dex_entries.gold.kabuto:10:0	text	data/pokemon/dex_entries/gold/kabuto.asm	10	0	next	the ocean floor.@	
data.pokemon.dex_entries.gold.kabutops:1:0	text	data/pokemon/dex_entries/gold/kabutops.asm	1	0	db	SHELLFISH@	
data.pokemon.dex_entries.gold.kabutops:4:0	text	data/pokemon/dex_entries/gold/kabutops.asm	4	0	db	In the water, it	
data.pokemon.dex_entries.gold.kabutops:5:0	text	data/pokemon/dex_entries/gold/kabutops.asm	5	0	next	tucks in its limbs	
data.pokemon.dex_entries.gold.kabutops:6:0	text	data/pokemon/dex_entries/gold/kabutops.asm	6	0	next	to become more	
data.pokemon.dex_entries.gold.kabutops:8:0	text	data/pokemon/dex_entries/gold/kabutops.asm	8	0	page	compact, then it	
data.pokemon.dex_entries.gold.kabutops:9:0	text	data/pokemon/dex_entries/gold/kabutops.asm	9	0	next	wiggles its shell	
data.pokemon.dex_entries.gold.kabutops:10:0	text	data/pokemon/dex_entries/gold/kabutops.asm	10	0	next	to swim fast.@	
data.pokemon.dex_entries.gold.kadabra:1:0	text	data/pokemon/dex_entries/gold/kadabra.asm	1	0	db	PSI@	
data.pokemon.dex_entries.gold.kadabra:4:0	text	data/pokemon/dex_entries/gold/kadabra.asm	4	0	db	It possesses	
data.pokemon.dex_entries.gold.kadabra:5:0	text	data/pokemon/dex_entries/gold/kadabra.asm	5	0	next	strong spiritual	
data.pokemon.dex_entries.gold.kadabra:6:0	text	data/pokemon/dex_entries/gold/kadabra.asm	6	0	next	power. The more	
data.pokemon.dex_entries.gold.kadabra:8:0	text	data/pokemon/dex_entries/gold/kadabra.asm	8	0	page	danger it faces,	
data.pokemon.dex_entries.gold.kadabra:9:0	text	data/pokemon/dex_entries/gold/kadabra.asm	9	0	next	the stronger its	
data.pokemon.dex_entries.gold.kadabra:10:0	text	data/pokemon/dex_entries/gold/kadabra.asm	10	0	next	psychic power.@	
data.pokemon.dex_entries.gold.kakuna:1:0	text	data/pokemon/dex_entries/gold/kakuna.asm	1	0	db	COCOON@	
data.pokemon.dex_entries.gold.kakuna:4:0	text	data/pokemon/dex_entries/gold/kakuna.asm	4	0	db	Although it is a	
data.pokemon.dex_entries.gold.kakuna:5:0	text	data/pokemon/dex_entries/gold/kakuna.asm	5	0	next	cocoon, it can	
data.pokemon.dex_entries.gold.kakuna:6:0	text	data/pokemon/dex_entries/gold/kakuna.asm	6	0	next	move a little. It	
data.pokemon.dex_entries.gold.kakuna:8:0	text	data/pokemon/dex_entries/gold/kakuna.asm	8	0	page	can extend its	
data.pokemon.dex_entries.gold.kakuna:9:0	text	data/pokemon/dex_entries/gold/kakuna.asm	9	0	next	poison barb if it	
data.pokemon.dex_entries.gold.kakuna:10:0	text	data/pokemon/dex_entries/gold/kakuna.asm	10	0	next	is attacked.@	
data.pokemon.dex_entries.gold.kangaskhan:1:0	text	data/pokemon/dex_entries/gold/kangaskhan.asm	1	0	db	PARENT@	
data.pokemon.dex_entries.gold.kangaskhan:4:0	text	data/pokemon/dex_entries/gold/kangaskhan.asm	4	0	db	If it is safe, the	
data.pokemon.dex_entries.gold.kangaskhan:5:0	text	data/pokemon/dex_entries/gold/kangaskhan.asm	5	0	next	young gets out of	
data.pokemon.dex_entries.gold.kangaskhan:6:0	text	data/pokemon/dex_entries/gold/kangaskhan.asm	6	0	next	the belly pouch to	
data.pokemon.dex_entries.gold.kangaskhan:8:0	text	data/pokemon/dex_entries/gold/kangaskhan.asm	8	0	page	play. The adult	
data.pokemon.dex_entries.gold.kangaskhan:9:0	text	data/pokemon/dex_entries/gold/kangaskhan.asm	9	0	next	keeps a close eye	
data.pokemon.dex_entries.gold.kangaskhan:10:0	text	data/pokemon/dex_entries/gold/kangaskhan.asm	10	0	next	on the youngster.@	
data.pokemon.dex_entries.gold.kingdra:1:0	text	data/pokemon/dex_entries/gold/kingdra.asm	1	0	db	DRAGON@	
data.pokemon.dex_entries.gold.kingdra:4:0	text	data/pokemon/dex_entries/gold/kingdra.asm	4	0	db	It is said that it	
data.pokemon.dex_entries.gold.kingdra:5:0	text	data/pokemon/dex_entries/gold/kingdra.asm	5	0	next	usually hides in	
data.pokemon.dex_entries.gold.kingdra:6:0	text	data/pokemon/dex_entries/gold/kingdra.asm	6	0	next	underwater caves.	
data.pokemon.dex_entries.gold.kingdra:8:0	text	data/pokemon/dex_entries/gold/kingdra.asm	8	0	page	It can create	
data.pokemon.dex_entries.gold.kingdra:9:0	text	data/pokemon/dex_entries/gold/kingdra.asm	9	0	next	whirlpools by	
data.pokemon.dex_entries.gold.kingdra:10:0	text	data/pokemon/dex_entries/gold/kingdra.asm	10	0	next	yawning.@	
data.pokemon.dex_entries.gold.kingler:1:0	text	data/pokemon/dex_entries/gold/kingler.asm	1	0	db	PINCER@	
data.pokemon.dex_entries.gold.kingler:4:0	text	data/pokemon/dex_entries/gold/kingler.asm	4	0	db	It can hardly	
data.pokemon.dex_entries.gold.kingler:5:0	text	data/pokemon/dex_entries/gold/kingler.asm	5	0	next	lift its massive,	
data.pokemon.dex_entries.gold.kingler:6:0	text	data/pokemon/dex_entries/gold/kingler.asm	6	0	next	overgrown pincer.	
data.pokemon.dex_entries.gold.kingler:8:0	text	data/pokemon/dex_entries/gold/kingler.asm	8	0	page	The pincer's size	
data.pokemon.dex_entries.gold.kingler:9:0	text	data/pokemon/dex_entries/gold/kingler.asm	9	0	next	makes it difficult	
data.pokemon.dex_entries.gold.kingler:10:0	text	data/pokemon/dex_entries/gold/kingler.asm	10	0	next	to aim properly.@	
data.pokemon.dex_entries.gold.koffing:1:0	text	data/pokemon/dex_entries/gold/koffing.asm	1	0	db	POISON GAS@	
data.pokemon.dex_entries.gold.koffing:4:0	text	data/pokemon/dex_entries/gold/koffing.asm	4	0	db	Its thin, filmy	
data.pokemon.dex_entries.gold.koffing:5:0	text	data/pokemon/dex_entries/gold/koffing.asm	5	0	next	body is filled	
data.pokemon.dex_entries.gold.koffing:6:0	text	data/pokemon/dex_entries/gold/koffing.asm	6	0	next	with gases that	
data.pokemon.dex_entries.gold.koffing:8:0	text	data/pokemon/dex_entries/gold/koffing.asm	8	0	page	cause constant	
data.pokemon.dex_entries.gold.koffing:9:0	text	data/pokemon/dex_entries/gold/koffing.asm	9	0	next	sniffles, coughs	
data.pokemon.dex_entries.gold.koffing:10:0	text	data/pokemon/dex_entries/gold/koffing.asm	10	0	next	and teary eyes.@	
data.pokemon.dex_entries.gold.krabby:1:0	text	data/pokemon/dex_entries/gold/krabby.asm	1	0	db	RIVER CRAB@	
data.pokemon.dex_entries.gold.krabby:4:0	text	data/pokemon/dex_entries/gold/krabby.asm	4	0	db	If it senses dan-	
data.pokemon.dex_entries.gold.krabby:5:0	text	data/pokemon/dex_entries/gold/krabby.asm	5	0	next	ger approaching,	
data.pokemon.dex_entries.gold.krabby:6:0	text	data/pokemon/dex_entries/gold/krabby.asm	6	0	next	it cloaks itself	
data.pokemon.dex_entries.gold.krabby:8:0	text	data/pokemon/dex_entries/gold/krabby.asm	8	0	page	with bubbles from	
data.pokemon.dex_entries.gold.krabby:9:0	text	data/pokemon/dex_entries/gold/krabby.asm	9	0	next	its mouth so it	
data.pokemon.dex_entries.gold.krabby:10:0	text	data/pokemon/dex_entries/gold/krabby.asm	10	0	next	will look bigger.@	
data.pokemon.dex_entries.gold.lanturn:1:0	text	data/pokemon/dex_entries/gold/lanturn.asm	1	0	db	LIGHT@	
data.pokemon.dex_entries.gold.lanturn:4:0	text	data/pokemon/dex_entries/gold/lanturn.asm	4	0	db	The light it emits	
data.pokemon.dex_entries.gold.lanturn:5:0	text	data/pokemon/dex_entries/gold/lanturn.asm	5	0	next	is so bright that	
data.pokemon.dex_entries.gold.lanturn:6:0	text	data/pokemon/dex_entries/gold/lanturn.asm	6	0	next	it can illuminate	
data.pokemon.dex_entries.gold.lanturn:8:0	text	data/pokemon/dex_entries/gold/lanturn.asm	8	0	page	the sea's surface	
data.pokemon.dex_entries.gold.lanturn:9:0	text	data/pokemon/dex_entries/gold/lanturn.asm	9	0	next	from a depth of	
data.pokemon.dex_entries.gold.lanturn:10:0	text	data/pokemon/dex_entries/gold/lanturn.asm	10	0	next	over three miles.@	
data.pokemon.dex_entries.gold.lapras:1:0	text	data/pokemon/dex_entries/gold/lapras.asm	1	0	db	TRANSPORT@	
data.pokemon.dex_entries.gold.lapras:4:0	text	data/pokemon/dex_entries/gold/lapras.asm	4	0	db	They have gentle	
data.pokemon.dex_entries.gold.lapras:5:0	text	data/pokemon/dex_entries/gold/lapras.asm	5	0	next	hearts. Because	
data.pokemon.dex_entries.gold.lapras:6:0	text	data/pokemon/dex_entries/gold/lapras.asm	6	0	next	they rarely fight,	
data.pokemon.dex_entries.gold.lapras:8:0	text	data/pokemon/dex_entries/gold/lapras.asm	8	0	page	many have been	
data.pokemon.dex_entries.gold.lapras:9:0	text	data/pokemon/dex_entries/gold/lapras.asm	9	0	next	caught. Their num-	
data.pokemon.dex_entries.gold.lapras:10:0	text	data/pokemon/dex_entries/gold/lapras.asm	10	0	next	ber has dwindled.@	
data.pokemon.dex_entries.gold.larvitar:1:0	text	data/pokemon/dex_entries/gold/larvitar.asm	1	0	db	ROCK SKIN@	
data.pokemon.dex_entries.gold.larvitar:4:0	text	data/pokemon/dex_entries/gold/larvitar.asm	4	0	db	It feeds on soil.	
data.pokemon.dex_entries.gold.larvitar:5:0	text	data/pokemon/dex_entries/gold/larvitar.asm	5	0	next	After it has eaten	
data.pokemon.dex_entries.gold.larvitar:6:0	text	data/pokemon/dex_entries/gold/larvitar.asm	6	0	next	a large mountain,	
data.pokemon.dex_entries.gold.larvitar:8:0	text	data/pokemon/dex_entries/gold/larvitar.asm	8	0	page	it will fall	
data.pokemon.dex_entries.gold.larvitar:9:0	text	data/pokemon/dex_entries/gold/larvitar.asm	9	0	next	asleep so it can	
data.pokemon.dex_entries.gold.larvitar:10:0	text	data/pokemon/dex_entries/gold/larvitar.asm	10	0	next	grow.@	
data.pokemon.dex_entries.gold.ledian:1:0	text	data/pokemon/dex_entries/gold/ledian.asm	1	0	db	FIVE STAR@	
data.pokemon.dex_entries.gold.ledian:4:0	text	data/pokemon/dex_entries/gold/ledian.asm	4	0	db	When the stars	
data.pokemon.dex_entries.gold.ledian:5:0	text	data/pokemon/dex_entries/gold/ledian.asm	5	0	next	flicker in the	
data.pokemon.dex_entries.gold.ledian:6:0	text	data/pokemon/dex_entries/gold/ledian.asm	6	0	next	night sky, it	
data.pokemon.dex_entries.gold.ledian:8:0	text	data/pokemon/dex_entries/gold/ledian.asm	8	0	page	flutters about,	
data.pokemon.dex_entries.gold.ledian:9:0	text	data/pokemon/dex_entries/gold/ledian.asm	9	0	next	scattering a	
data.pokemon.dex_entries.gold.ledian:10:0	text	data/pokemon/dex_entries/gold/ledian.asm	10	0	next	glowing powder.@	
data.pokemon.dex_entries.gold.ledyba:1:0	text	data/pokemon/dex_entries/gold/ledyba.asm	1	0	db	FIVE STAR@	
data.pokemon.dex_entries.gold.ledyba:4:0	text	data/pokemon/dex_entries/gold/ledyba.asm	4	0	db	It is very timid.	
data.pokemon.dex_entries.gold.ledyba:5:0	text	data/pokemon/dex_entries/gold/ledyba.asm	5	0	next	It will be afraid	
data.pokemon.dex_entries.gold.ledyba:6:0	text	data/pokemon/dex_entries/gold/ledyba.asm	6	0	next	to move if it is	
data.pokemon.dex_entries.gold.ledyba:8:0	text	data/pokemon/dex_entries/gold/ledyba.asm	8	0	page	alone. But it will	
data.pokemon.dex_entries.gold.ledyba:9:0	text	data/pokemon/dex_entries/gold/ledyba.asm	9	0	next	be active if it is	
data.pokemon.dex_entries.gold.ledyba:10:0	text	data/pokemon/dex_entries/gold/ledyba.asm	10	0	next	in a group.@	
data.pokemon.dex_entries.gold.lickitung:1:0	text	data/pokemon/dex_entries/gold/lickitung.asm	1	0	db	LICKING@	
data.pokemon.dex_entries.gold.lickitung:4:0	text	data/pokemon/dex_entries/gold/lickitung.asm	4	0	db	Its tongue has	
data.pokemon.dex_entries.gold.lickitung:5:0	text	data/pokemon/dex_entries/gold/lickitung.asm	5	0	next	well-developed	
data.pokemon.dex_entries.gold.lickitung:6:0	text	data/pokemon/dex_entries/gold/lickitung.asm	6	0	next	nerves that run	
data.pokemon.dex_entries.gold.lickitung:8:0	text	data/pokemon/dex_entries/gold/lickitung.asm	8	0	page	to the very tip,	
data.pokemon.dex_entries.gold.lickitung:9:0	text	data/pokemon/dex_entries/gold/lickitung.asm	9	0	next	so it can be deft-	
data.pokemon.dex_entries.gold.lickitung:10:0	text	data/pokemon/dex_entries/gold/lickitung.asm	10	0	next	ly manipulated.@	
data.pokemon.dex_entries.gold.lugia:1:0	text	data/pokemon/dex_entries/gold/lugia.asm	1	0	db	DIVING@	
data.pokemon.dex_entries.gold.lugia:4:0	text	data/pokemon/dex_entries/gold/lugia.asm	4	0	db	It is said that it	
data.pokemon.dex_entries.gold.lugia:5:0	text	data/pokemon/dex_entries/gold/lugia.asm	5	0	next	quietly spends its	
data.pokemon.dex_entries.gold.lugia:6:0	text	data/pokemon/dex_entries/gold/lugia.asm	6	0	next	time deep at the	
data.pokemon.dex_entries.gold.lugia:8:0	text	data/pokemon/dex_entries/gold/lugia.asm	8	0	page	bottom of the sea	
data.pokemon.dex_entries.gold.lugia:9:0	text	data/pokemon/dex_entries/gold/lugia.asm	9	0	next	because its powers	
data.pokemon.dex_entries.gold.lugia:10:0	text	data/pokemon/dex_entries/gold/lugia.asm	10	0	next	are too strong.@	
data.pokemon.dex_entries.gold.machamp:1:0	text	data/pokemon/dex_entries/gold/machamp.asm	1	0	db	SUPERPOWER@	
data.pokemon.dex_entries.gold.machamp:4:0	text	data/pokemon/dex_entries/gold/machamp.asm	4	0	db	It quickly swings	
data.pokemon.dex_entries.gold.machamp:5:0	text	data/pokemon/dex_entries/gold/machamp.asm	5	0	next	its four arms to	
data.pokemon.dex_entries.gold.machamp:6:0	text	data/pokemon/dex_entries/gold/machamp.asm	6	0	next	rock its opponents	
data.pokemon.dex_entries.gold.machamp:8:0	text	data/pokemon/dex_entries/gold/machamp.asm	8	0	page	with ceaseless	
data.pokemon.dex_entries.gold.machamp:9:0	text	data/pokemon/dex_entries/gold/machamp.asm	9	0	next	punches and chops	
data.pokemon.dex_entries.gold.machamp:10:0	text	data/pokemon/dex_entries/gold/machamp.asm	10	0	next	from all angles.@	
data.pokemon.dex_entries.gold.machoke:1:0	text	data/pokemon/dex_entries/gold/machoke.asm	1	0	db	SUPERPOWER@	
data.pokemon.dex_entries.gold.machoke:4:0	text	data/pokemon/dex_entries/gold/machoke.asm	4	0	db	It always goes at	
data.pokemon.dex_entries.gold.machoke:5:0	text	data/pokemon/dex_entries/gold/machoke.asm	5	0	next	its full power,	
data.pokemon.dex_entries.gold.machoke:6:0	text	data/pokemon/dex_entries/gold/machoke.asm	6	0	next	but this very	
data.pokemon.dex_entries.gold.machoke:8:0	text	data/pokemon/dex_entries/gold/machoke.asm	8	0	page	tough and durable	
data.pokemon.dex_entries.gold.machoke:9:0	text	data/pokemon/dex_entries/gold/machoke.asm	9	0	next	#MON never gets	
data.pokemon.dex_entries.gold.machoke:10:0	text	data/pokemon/dex_entries/gold/machoke.asm	10	0	next	tired.@	
data.pokemon.dex_entries.gold.machop:1:0	text	data/pokemon/dex_entries/gold/machop.asm	1	0	db	SUPERPOWER@	
data.pokemon.dex_entries.gold.machop:4:0	text	data/pokemon/dex_entries/gold/machop.asm	4	0	db	Always brimming	
data.pokemon.dex_entries.gold.machop:5:0	text	data/pokemon/dex_entries/gold/machop.asm	5	0	next	with power, it	
data.pokemon.dex_entries.gold.machop:6:0	text	data/pokemon/dex_entries/gold/machop.asm	6	0	next	passes time by	
data.pokemon.dex_entries.gold.machop:8:0	text	data/pokemon/dex_entries/gold/machop.asm	8	0	page	lifting boulders.	
data.pokemon.dex_entries.gold.machop:9:0	text	data/pokemon/dex_entries/gold/machop.asm	9	0	next	Doing so makes it	
data.pokemon.dex_entries.gold.machop:10:0	text	data/pokemon/dex_entries/gold/machop.asm	10	0	next	even stronger.@	
data.pokemon.dex_entries.gold.magby:1:0	text	data/pokemon/dex_entries/gold/magby.asm	1	0	db	LIVE COAL@	
data.pokemon.dex_entries.gold.magby:4:0	text	data/pokemon/dex_entries/gold/magby.asm	4	0	db	Each and every	
data.pokemon.dex_entries.gold.magby:5:0	text	data/pokemon/dex_entries/gold/magby.asm	5	0	next	time it inhales	
data.pokemon.dex_entries.gold.magby:6:0	text	data/pokemon/dex_entries/gold/magby.asm	6	0	next	and exhales, hot	
data.pokemon.dex_entries.gold.magby:8:0	text	data/pokemon/dex_entries/gold/magby.asm	8	0	page	embers dribble out	
data.pokemon.dex_entries.gold.magby:9:0	text	data/pokemon/dex_entries/gold/magby.asm	9	0	next	of its mouth and	
data.pokemon.dex_entries.gold.magby:10:0	text	data/pokemon/dex_entries/gold/magby.asm	10	0	next	nostrils.@	
data.pokemon.dex_entries.gold.magcargo:1:0	text	data/pokemon/dex_entries/gold/magcargo.asm	1	0	db	LAVA@	
data.pokemon.dex_entries.gold.magcargo:4:0	text	data/pokemon/dex_entries/gold/magcargo.asm	4	0	db	The shell on its	
data.pokemon.dex_entries.gold.magcargo:5:0	text	data/pokemon/dex_entries/gold/magcargo.asm	5	0	next	back is just skin	
data.pokemon.dex_entries.gold.magcargo:6:0	text	data/pokemon/dex_entries/gold/magcargo.asm	6	0	next	that has cooled	
data.pokemon.dex_entries.gold.magcargo:8:0	text	data/pokemon/dex_entries/gold/magcargo.asm	8	0	page	and hardened. It	
data.pokemon.dex_entries.gold.magcargo:9:0	text	data/pokemon/dex_entries/gold/magcargo.asm	9	0	next	breaks easily with	
data.pokemon.dex_entries.gold.magcargo:10:0	text	data/pokemon/dex_entries/gold/magcargo.asm	10	0	next	a slight touch.@	
data.pokemon.dex_entries.gold.magikarp:1:0	text	data/pokemon/dex_entries/gold/magikarp.asm	1	0	db	FISH@	
data.pokemon.dex_entries.gold.magikarp:4:0	text	data/pokemon/dex_entries/gold/magikarp.asm	4	0	db	An underpowered,	
data.pokemon.dex_entries.gold.magikarp:5:0	text	data/pokemon/dex_entries/gold/magikarp.asm	5	0	next	pathetic #MON.	
data.pokemon.dex_entries.gold.magikarp:6:0	text	data/pokemon/dex_entries/gold/magikarp.asm	6	0	next	It may jump high	
data.pokemon.dex_entries.gold.magikarp:8:0	text	data/pokemon/dex_entries/gold/magikarp.asm	8	0	page	on rare occasions,	
data.pokemon.dex_entries.gold.magikarp:9:0	text	data/pokemon/dex_entries/gold/magikarp.asm	9	0	next	but never more	
data.pokemon.dex_entries.gold.magikarp:10:0	text	data/pokemon/dex_entries/gold/magikarp.asm	10	0	next	than seven feet.@	
data.pokemon.dex_entries.gold.magmar:1:0	text	data/pokemon/dex_entries/gold/magmar.asm	1	0	db	SPITFIRE@	
data.pokemon.dex_entries.gold.magmar:4:0	text	data/pokemon/dex_entries/gold/magmar.asm	4	0	db	It dislikes cold	
data.pokemon.dex_entries.gold.magmar:5:0	text	data/pokemon/dex_entries/gold/magmar.asm	5	0	next	places, so it	
data.pokemon.dex_entries.gold.magmar:6:0	text	data/pokemon/dex_entries/gold/magmar.asm	6	0	next	blows scorching	
data.pokemon.dex_entries.gold.magmar:8:0	text	data/pokemon/dex_entries/gold/magmar.asm	8	0	page	flames to make the	
data.pokemon.dex_entries.gold.magmar:9:0	text	data/pokemon/dex_entries/gold/magmar.asm	9	0	next	environment suit-	
data.pokemon.dex_entries.gold.magmar:10:0	text	data/pokemon/dex_entries/gold/magmar.asm	10	0	next	able for itself.@	
data.pokemon.dex_entries.gold.magnemite:1:0	text	data/pokemon/dex_entries/gold/magnemite.asm	1	0	db	MAGNET@	
data.pokemon.dex_entries.gold.magnemite:4:0	text	data/pokemon/dex_entries/gold/magnemite.asm	4	0	db	It is attracted by	
data.pokemon.dex_entries.gold.magnemite:5:0	text	data/pokemon/dex_entries/gold/magnemite.asm	5	0	next	electromagnetic	
data.pokemon.dex_entries.gold.magnemite:6:0	text	data/pokemon/dex_entries/gold/magnemite.asm	6	0	next	waves. It may	
data.pokemon.dex_entries.gold.magnemite:8:0	text	data/pokemon/dex_entries/gold/magnemite.asm	8	0	page	approach trainers	
data.pokemon.dex_entries.gold.magnemite:9:0	text	data/pokemon/dex_entries/gold/magnemite.asm	9	0	next	if they are using	
data.pokemon.dex_entries.gold.magnemite:10:0	text	data/pokemon/dex_entries/gold/magnemite.asm	10	0	next	their #GEAR.@	
data.pokemon.dex_entries.gold.magneton:1:0	text	data/pokemon/dex_entries/gold/magneton.asm	1	0	db	MAGNET@	
data.pokemon.dex_entries.gold.magneton:4:0	text	data/pokemon/dex_entries/gold/magneton.asm	4	0	db	Three MAGNEMITE	
data.pokemon.dex_entries.gold.magneton:5:0	text	data/pokemon/dex_entries/gold/magneton.asm	5	0	next	are linked by a	
data.pokemon.dex_entries.gold.magneton:6:0	text	data/pokemon/dex_entries/gold/magneton.asm	6	0	next	strong magnetic	
data.pokemon.dex_entries.gold.magneton:8:0	text	data/pokemon/dex_entries/gold/magneton.asm	8	0	page	force. Earaches	
data.pokemon.dex_entries.gold.magneton:9:0	text	data/pokemon/dex_entries/gold/magneton.asm	9	0	next	will occur if you	
data.pokemon.dex_entries.gold.magneton:10:0	text	data/pokemon/dex_entries/gold/magneton.asm	10	0	next	get too close.@	
data.pokemon.dex_entries.gold.mankey:1:0	text	data/pokemon/dex_entries/gold/mankey.asm	1	0	db	PIG MONKEY@	
data.pokemon.dex_entries.gold.mankey:4:0	text	data/pokemon/dex_entries/gold/mankey.asm	4	0	db	It is extremely	
data.pokemon.dex_entries.gold.mankey:5:0	text	data/pokemon/dex_entries/gold/mankey.asm	5	0	next	ill-tempered.	
data.pokemon.dex_entries.gold.mankey:6:0	text	data/pokemon/dex_entries/gold/mankey.asm	6	0	next	Groups of them	
data.pokemon.dex_entries.gold.mankey:8:0	text	data/pokemon/dex_entries/gold/mankey.asm	8	0	page	will attack any	
data.pokemon.dex_entries.gold.mankey:9:0	text	data/pokemon/dex_entries/gold/mankey.asm	9	0	next	handy target for	
data.pokemon.dex_entries.gold.mankey:10:0	text	data/pokemon/dex_entries/gold/mankey.asm	10	0	next	no reason.@	
data.pokemon.dex_entries.gold.mantine:1:0	text	data/pokemon/dex_entries/gold/mantine.asm	1	0	db	KITE@	
data.pokemon.dex_entries.gold.mantine:4:0	text	data/pokemon/dex_entries/gold/mantine.asm	4	0	db	As it majestically	
data.pokemon.dex_entries.gold.mantine:5:0	text	data/pokemon/dex_entries/gold/mantine.asm	5	0	next	swims, it doesn't	
data.pokemon.dex_entries.gold.mantine:6:0	text	data/pokemon/dex_entries/gold/mantine.asm	6	0	next	care if REMORAID	
data.pokemon.dex_entries.gold.mantine:8:0	text	data/pokemon/dex_entries/gold/mantine.asm	8	0	page	attach to it for	
data.pokemon.dex_entries.gold.mantine:9:0	text	data/pokemon/dex_entries/gold/mantine.asm	9	0	next	scavenging its	
data.pokemon.dex_entries.gold.mantine:10:0	text	data/pokemon/dex_entries/gold/mantine.asm	10	0	next	leftovers.@	
data.pokemon.dex_entries.gold.mareep:1:0	text	data/pokemon/dex_entries/gold/mareep.asm	1	0	db	WOOL@	
data.pokemon.dex_entries.gold.mareep:4:0	text	data/pokemon/dex_entries/gold/mareep.asm	4	0	db	If static elec-	
data.pokemon.dex_entries.gold.mareep:5:0	text	data/pokemon/dex_entries/gold/mareep.asm	5	0	next	tricity builds in	
data.pokemon.dex_entries.gold.mareep:6:0	text	data/pokemon/dex_entries/gold/mareep.asm	6	0	next	its body, its	
data.pokemon.dex_entries.gold.mareep:8:0	text	data/pokemon/dex_entries/gold/mareep.asm	8	0	page	fleece doubles in	
data.pokemon.dex_entries.gold.mareep:9:0	text	data/pokemon/dex_entries/gold/mareep.asm	9	0	next	volume. Touching	
data.pokemon.dex_entries.gold.mareep:10:0	text	data/pokemon/dex_entries/gold/mareep.asm	10	0	next	it will shock you.@	
data.pokemon.dex_entries.gold.marill:1:0	text	data/pokemon/dex_entries/gold/marill.asm	1	0	db	AQUAMOUSE@	
data.pokemon.dex_entries.gold.marill:4:0	text	data/pokemon/dex_entries/gold/marill.asm	4	0	db	The tip of its	
data.pokemon.dex_entries.gold.marill:5:0	text	data/pokemon/dex_entries/gold/marill.asm	5	0	next	tail, which con-	
data.pokemon.dex_entries.gold.marill:6:0	text	data/pokemon/dex_entries/gold/marill.asm	6	0	next	tains oil that is	
data.pokemon.dex_entries.gold.marill:8:0	text	data/pokemon/dex_entries/gold/marill.asm	8	0	page	lighter than wa-	
data.pokemon.dex_entries.gold.marill:9:0	text	data/pokemon/dex_entries/gold/marill.asm	9	0	next	ter, lets it swim	
data.pokemon.dex_entries.gold.marill:10:0	text	data/pokemon/dex_entries/gold/marill.asm	10	0	next	without drowning.@	
data.pokemon.dex_entries.gold.marowak:1:0	text	data/pokemon/dex_entries/gold/marowak.asm	1	0	db	BONEKEEPER@	
data.pokemon.dex_entries.gold.marowak:4:0	text	data/pokemon/dex_entries/gold/marowak.asm	4	0	db	It has been seen	
data.pokemon.dex_entries.gold.marowak:5:0	text	data/pokemon/dex_entries/gold/marowak.asm	5	0	next	pounding boulders	
data.pokemon.dex_entries.gold.marowak:6:0	text	data/pokemon/dex_entries/gold/marowak.asm	6	0	next	with the bone it	
data.pokemon.dex_entries.gold.marowak:8:0	text	data/pokemon/dex_entries/gold/marowak.asm	8	0	page	carries in order	
data.pokemon.dex_entries.gold.marowak:9:0	text	data/pokemon/dex_entries/gold/marowak.asm	9	0	next	to tap out mes-	
data.pokemon.dex_entries.gold.marowak:10:0	text	data/pokemon/dex_entries/gold/marowak.asm	10	0	next	sages to others.@	
data.pokemon.dex_entries.gold.meganium:1:0	text	data/pokemon/dex_entries/gold/meganium.asm	1	0	db	HERB@	
data.pokemon.dex_entries.gold.meganium:4:0	text	data/pokemon/dex_entries/gold/meganium.asm	4	0	db	The aroma that	
data.pokemon.dex_entries.gold.meganium:5:0	text	data/pokemon/dex_entries/gold/meganium.asm	5	0	next	rises from its	
data.pokemon.dex_entries.gold.meganium:6:0	text	data/pokemon/dex_entries/gold/meganium.asm	6	0	next	petals contains a	
data.pokemon.dex_entries.gold.meganium:8:0	text	data/pokemon/dex_entries/gold/meganium.asm	8	0	page	substance that	
data.pokemon.dex_entries.gold.meganium:9:0	text	data/pokemon/dex_entries/gold/meganium.asm	9	0	next	calms aggressive	
data.pokemon.dex_entries.gold.meganium:10:0	text	data/pokemon/dex_entries/gold/meganium.asm	10	0	next	feelings.@	
data.pokemon.dex_entries.gold.meowth:1:0	text	data/pokemon/dex_entries/gold/meowth.asm	1	0	db	SCRATCHCAT@	
data.pokemon.dex_entries.gold.meowth:4:0	text	data/pokemon/dex_entries/gold/meowth.asm	4	0	db	It is fascinated	
data.pokemon.dex_entries.gold.meowth:5:0	text	data/pokemon/dex_entries/gold/meowth.asm	5	0	next	by round objects.	
data.pokemon.dex_entries.gold.meowth:6:0	text	data/pokemon/dex_entries/gold/meowth.asm	6	0	next	It can't stop	
data.pokemon.dex_entries.gold.meowth:8:0	text	data/pokemon/dex_entries/gold/meowth.asm	8	0	page	playing with them	
data.pokemon.dex_entries.gold.meowth:9:0	text	data/pokemon/dex_entries/gold/meowth.asm	9	0	next	until it tires and	
data.pokemon.dex_entries.gold.meowth:10:0	text	data/pokemon/dex_entries/gold/meowth.asm	10	0	next	falls asleep.@	
data.pokemon.dex_entries.gold.metapod:1:0	text	data/pokemon/dex_entries/gold/metapod.asm	1	0	db	COCOON@	
data.pokemon.dex_entries.gold.metapod:4:0	text	data/pokemon/dex_entries/gold/metapod.asm	4	0	db	Inside the shell,	
data.pokemon.dex_entries.gold.metapod:5:0	text	data/pokemon/dex_entries/gold/metapod.asm	5	0	next	it is soft and	
data.pokemon.dex_entries.gold.metapod:6:0	text	data/pokemon/dex_entries/gold/metapod.asm	6	0	next	weak as it pre-	
data.pokemon.dex_entries.gold.metapod:8:0	text	data/pokemon/dex_entries/gold/metapod.asm	8	0	page	pares to evolve.	
data.pokemon.dex_entries.gold.metapod:9:0	text	data/pokemon/dex_entries/gold/metapod.asm	9	0	next	It stays motion-	
data.pokemon.dex_entries.gold.metapod:10:0	text	data/pokemon/dex_entries/gold/metapod.asm	10	0	next	less in the shell.@	
data.pokemon.dex_entries.gold.mew:1:0	text	data/pokemon/dex_entries/gold/mew.asm	1	0	db	NEW SPECIE@	
data.pokemon.dex_entries.gold.mew:4:0	text	data/pokemon/dex_entries/gold/mew.asm	4	0	db	Apparently, it	
data.pokemon.dex_entries.gold.mew:5:0	text	data/pokemon/dex_entries/gold/mew.asm	5	0	next	appears only to	
data.pokemon.dex_entries.gold.mew:6:0	text	data/pokemon/dex_entries/gold/mew.asm	6	0	next	those people who	
data.pokemon.dex_entries.gold.mew:8:0	text	data/pokemon/dex_entries/gold/mew.asm	8	0	page	are pure of heart	
data.pokemon.dex_entries.gold.mew:9:0	text	data/pokemon/dex_entries/gold/mew.asm	9	0	next	and have a strong	
data.pokemon.dex_entries.gold.mew:10:0	text	data/pokemon/dex_entries/gold/mew.asm	10	0	next	desire to see it.@	
data.pokemon.dex_entries.gold.mewtwo:1:0	text	data/pokemon/dex_entries/gold/mewtwo.asm	1	0	db	GENETIC@	
data.pokemon.dex_entries.gold.mewtwo:4:0	text	data/pokemon/dex_entries/gold/mewtwo.asm	4	0	db	Because its battle	
data.pokemon.dex_entries.gold.mewtwo:5:0	text	data/pokemon/dex_entries/gold/mewtwo.asm	5	0	next	abilities were	
data.pokemon.dex_entries.gold.mewtwo:6:0	text	data/pokemon/dex_entries/gold/mewtwo.asm	6	0	next	raised to the	
data.pokemon.dex_entries.gold.mewtwo:8:0	text	data/pokemon/dex_entries/gold/mewtwo.asm	8	0	page	ultimate level, it	
data.pokemon.dex_entries.gold.mewtwo:9:0	text	data/pokemon/dex_entries/gold/mewtwo.asm	9	0	next	thinks only of de-	
data.pokemon.dex_entries.gold.mewtwo:10:0	text	data/pokemon/dex_entries/gold/mewtwo.asm	10	0	next	feating its foes.@	
data.pokemon.dex_entries.gold.miltank:1:0	text	data/pokemon/dex_entries/gold/miltank.asm	1	0	db	MILK COW@	
data.pokemon.dex_entries.gold.miltank:4:0	text	data/pokemon/dex_entries/gold/miltank.asm	4	0	db	Its milk is packed	
data.pokemon.dex_entries.gold.miltank:5:0	text	data/pokemon/dex_entries/gold/miltank.asm	5	0	next	with nutrition,	
data.pokemon.dex_entries.gold.miltank:6:0	text	data/pokemon/dex_entries/gold/miltank.asm	6	0	next	making it the	
data.pokemon.dex_entries.gold.miltank:8:0	text	data/pokemon/dex_entries/gold/miltank.asm	8	0	page	ultimate beverage	
data.pokemon.dex_entries.gold.miltank:9:0	text	data/pokemon/dex_entries/gold/miltank.asm	9	0	next	for the sick or	
data.pokemon.dex_entries.gold.miltank:10:0	text	data/pokemon/dex_entries/gold/miltank.asm	10	0	next	weary.@	
data.pokemon.dex_entries.gold.misdreavus:1:0	text	data/pokemon/dex_entries/gold/misdreavus.asm	1	0	db	SCREECH@	
data.pokemon.dex_entries.gold.misdreavus:4:0	text	data/pokemon/dex_entries/gold/misdreavus.asm	4	0	db	It likes playing	
data.pokemon.dex_entries.gold.misdreavus:5:0	text	data/pokemon/dex_entries/gold/misdreavus.asm	5	0	next	mischievous tricks	
data.pokemon.dex_entries.gold.misdreavus:6:0	text	data/pokemon/dex_entries/gold/misdreavus.asm	6	0	next	such as screaming	
data.pokemon.dex_entries.gold.misdreavus:8:0	text	data/pokemon/dex_entries/gold/misdreavus.asm	8	0	page	and wailing to	
data.pokemon.dex_entries.gold.misdreavus:9:0	text	data/pokemon/dex_entries/gold/misdreavus.asm	9	0	next	startle people at	
data.pokemon.dex_entries.gold.misdreavus:10:0	text	data/pokemon/dex_entries/gold/misdreavus.asm	10	0	next	night.@	
data.pokemon.dex_entries.gold.moltres:1:0	text	data/pokemon/dex_entries/gold/moltres.asm	1	0	db	FLAME@	
data.pokemon.dex_entries.gold.moltres:4:0	text	data/pokemon/dex_entries/gold/moltres.asm	4	0	db	This legendary	
data.pokemon.dex_entries.gold.moltres:5:0	text	data/pokemon/dex_entries/gold/moltres.asm	5	0	next	#MON scatters	
data.pokemon.dex_entries.gold.moltres:6:0	text	data/pokemon/dex_entries/gold/moltres.asm	6	0	next	embers with every	
data.pokemon.dex_entries.gold.moltres:8:0	text	data/pokemon/dex_entries/gold/moltres.asm	8	0	page	flap of its wings.	
data.pokemon.dex_entries.gold.moltres:9:0	text	data/pokemon/dex_entries/gold/moltres.asm	9	0	next	It is a thrilling	
data.pokemon.dex_entries.gold.moltres:10:0	text	data/pokemon/dex_entries/gold/moltres.asm	10	0	next	sight to behold.@	
data.pokemon.dex_entries.gold.mr__mime:1:0	text	data/pokemon/dex_entries/gold/mr__mime.asm	1	0	db	BARRIER@	
data.pokemon.dex_entries.gold.mr__mime:4:0	text	data/pokemon/dex_entries/gold/mr__mime.asm	4	0	db	A skilled mime	
data.pokemon.dex_entries.gold.mr__mime:5:0	text	data/pokemon/dex_entries/gold/mr__mime.asm	5	0	next	from birth, it	
data.pokemon.dex_entries.gold.mr__mime:6:0	text	data/pokemon/dex_entries/gold/mr__mime.asm	6	0	next	gains the ability	
data.pokemon.dex_entries.gold.mr__mime:8:0	text	data/pokemon/dex_entries/gold/mr__mime.asm	8	0	page	to create invisi-	
data.pokemon.dex_entries.gold.mr__mime:9:0	text	data/pokemon/dex_entries/gold/mr__mime.asm	9	0	next	ble objects as it	
data.pokemon.dex_entries.gold.mr__mime:10:0	text	data/pokemon/dex_entries/gold/mr__mime.asm	10	0	next	matures.@	
data.pokemon.dex_entries.gold.muk:1:0	text	data/pokemon/dex_entries/gold/muk.asm	1	0	db	SLUDGE@	
data.pokemon.dex_entries.gold.muk:4:0	text	data/pokemon/dex_entries/gold/muk.asm	4	0	db	They love to gath-	
data.pokemon.dex_entries.gold.muk:5:0	text	data/pokemon/dex_entries/gold/muk.asm	5	0	next	er in smelly areas	
data.pokemon.dex_entries.gold.muk:6:0	text	data/pokemon/dex_entries/gold/muk.asm	6	0	next	where sludge ac-	
data.pokemon.dex_entries.gold.muk:8:0	text	data/pokemon/dex_entries/gold/muk.asm	8	0	page	cumulates, making	
data.pokemon.dex_entries.gold.muk:9:0	text	data/pokemon/dex_entries/gold/muk.asm	9	0	next	the stench around	
data.pokemon.dex_entries.gold.muk:10:0	text	data/pokemon/dex_entries/gold/muk.asm	10	0	next	them worse.@	
data.pokemon.dex_entries.gold.murkrow:1:0	text	data/pokemon/dex_entries/gold/murkrow.asm	1	0	db	DARKNESS@	
data.pokemon.dex_entries.gold.murkrow:4:0	text	data/pokemon/dex_entries/gold/murkrow.asm	4	0	db	Feared and loathed	
data.pokemon.dex_entries.gold.murkrow:5:0	text	data/pokemon/dex_entries/gold/murkrow.asm	5	0	next	by many, it is	
data.pokemon.dex_entries.gold.murkrow:6:0	text	data/pokemon/dex_entries/gold/murkrow.asm	6	0	next	believed to bring	
data.pokemon.dex_entries.gold.murkrow:8:0	text	data/pokemon/dex_entries/gold/murkrow.asm	8	0	page	misfortune to all	
data.pokemon.dex_entries.gold.murkrow:9:0	text	data/pokemon/dex_entries/gold/murkrow.asm	9	0	next	those who see it	
data.pokemon.dex_entries.gold.murkrow:10:0	text	data/pokemon/dex_entries/gold/murkrow.asm	10	0	next	at night.@	
data.pokemon.dex_entries.gold.natu:1:0	text	data/pokemon/dex_entries/gold/natu.asm	1	0	db	LITTLEBIRD@	
data.pokemon.dex_entries.gold.natu:4:0	text	data/pokemon/dex_entries/gold/natu.asm	4	0	db	Because its wings	
data.pokemon.dex_entries.gold.natu:5:0	text	data/pokemon/dex_entries/gold/natu.asm	5	0	next	aren't yet fully	
data.pokemon.dex_entries.gold.natu:6:0	text	data/pokemon/dex_entries/gold/natu.asm	6	0	next	grown, it has to	
data.pokemon.dex_entries.gold.natu:8:0	text	data/pokemon/dex_entries/gold/natu.asm	8	0	page	hop to get around.	
data.pokemon.dex_entries.gold.natu:9:0	text	data/pokemon/dex_entries/gold/natu.asm	9	0	next	It is always star-	
data.pokemon.dex_entries.gold.natu:10:0	text	data/pokemon/dex_entries/gold/natu.asm	10	0	next	ing at something.@	
data.pokemon.dex_entries.gold.nidoking:1:0	text	data/pokemon/dex_entries/gold/nidoking.asm	1	0	db	DRILL@	
data.pokemon.dex_entries.gold.nidoking:4:0	text	data/pokemon/dex_entries/gold/nidoking.asm	4	0	db	It swings its big	
data.pokemon.dex_entries.gold.nidoking:5:0	text	data/pokemon/dex_entries/gold/nidoking.asm	5	0	next	tail around during	
data.pokemon.dex_entries.gold.nidoking:6:0	text	data/pokemon/dex_entries/gold/nidoking.asm	6	0	next	battle. If its foe	
data.pokemon.dex_entries.gold.nidoking:8:0	text	data/pokemon/dex_entries/gold/nidoking.asm	8	0	page	flinches, it will	
data.pokemon.dex_entries.gold.nidoking:9:0	text	data/pokemon/dex_entries/gold/nidoking.asm	9	0	next	charge with its	
data.pokemon.dex_entries.gold.nidoking:10:0	text	data/pokemon/dex_entries/gold/nidoking.asm	10	0	next	sturdy body.@	
data.pokemon.dex_entries.gold.nidoqueen:1:0	text	data/pokemon/dex_entries/gold/nidoqueen.asm	1	0	db	DRILL@	
data.pokemon.dex_entries.gold.nidoqueen:4:0	text	data/pokemon/dex_entries/gold/nidoqueen.asm	4	0	db	Its body is cover-	
data.pokemon.dex_entries.gold.nidoqueen:5:0	text	data/pokemon/dex_entries/gold/nidoqueen.asm	5	0	next	ed with needle-	
data.pokemon.dex_entries.gold.nidoqueen:6:0	text	data/pokemon/dex_entries/gold/nidoqueen.asm	6	0	next	like scales. It	
data.pokemon.dex_entries.gold.nidoqueen:8:0	text	data/pokemon/dex_entries/gold/nidoqueen.asm	8	0	page	never shows signs	
data.pokemon.dex_entries.gold.nidoqueen:9:0	text	data/pokemon/dex_entries/gold/nidoqueen.asm	9	0	next	of shrinking from	
data.pokemon.dex_entries.gold.nidoqueen:10:0	text	data/pokemon/dex_entries/gold/nidoqueen.asm	10	0	next	any attack.@	
data.pokemon.dex_entries.gold.nidoran_f:1:0	text	data/pokemon/dex_entries/gold/nidoran_f.asm	1	0	db	POISON PIN@	
data.pokemon.dex_entries.gold.nidoran_f:4:0	text	data/pokemon/dex_entries/gold/nidoran_f.asm	4	0	db	The poison hidden	
data.pokemon.dex_entries.gold.nidoran_f:5:0	text	data/pokemon/dex_entries/gold/nidoran_f.asm	5	0	next	in its small horn	
data.pokemon.dex_entries.gold.nidoran_f:6:0	text	data/pokemon/dex_entries/gold/nidoran_f.asm	6	0	next	is extremely po-	
data.pokemon.dex_entries.gold.nidoran_f:8:0	text	data/pokemon/dex_entries/gold/nidoran_f.asm	8	0	page	tent. Even a tiny	
data.pokemon.dex_entries.gold.nidoran_f:9:0	text	data/pokemon/dex_entries/gold/nidoran_f.asm	9	0	next	scratch can have	
data.pokemon.dex_entries.gold.nidoran_f:10:0	text	data/pokemon/dex_entries/gold/nidoran_f.asm	10	0	next	fatal results.@	
data.pokemon.dex_entries.gold.nidoran_m:1:0	text	data/pokemon/dex_entries/gold/nidoran_m.asm	1	0	db	POISON PIN@	
data.pokemon.dex_entries.gold.nidoran_m:4:0	text	data/pokemon/dex_entries/gold/nidoran_m.asm	4	0	db	It is small, but	
data.pokemon.dex_entries.gold.nidoran_m:5:0	text	data/pokemon/dex_entries/gold/nidoran_m.asm	5	0	next	its horn is filled	
data.pokemon.dex_entries.gold.nidoran_m:6:0	text	data/pokemon/dex_entries/gold/nidoran_m.asm	6	0	next	with poison. It	
data.pokemon.dex_entries.gold.nidoran_m:8:0	text	data/pokemon/dex_entries/gold/nidoran_m.asm	8	0	page	charges then stabs	
data.pokemon.dex_entries.gold.nidoran_m:9:0	text	data/pokemon/dex_entries/gold/nidoran_m.asm	9	0	next	with the horn to	
data.pokemon.dex_entries.gold.nidoran_m:10:0	text	data/pokemon/dex_entries/gold/nidoran_m.asm	10	0	next	inject poison.@	
data.pokemon.dex_entries.gold.nidorina:1:0	text	data/pokemon/dex_entries/gold/nidorina.asm	1	0	db	POISON PIN@	
data.pokemon.dex_entries.gold.nidorina:4:0	text	data/pokemon/dex_entries/gold/nidorina.asm	4	0	db	When feeding its	
data.pokemon.dex_entries.gold.nidorina:5:0	text	data/pokemon/dex_entries/gold/nidorina.asm	5	0	next	young, it first	
data.pokemon.dex_entries.gold.nidorina:6:0	text	data/pokemon/dex_entries/gold/nidorina.asm	6	0	next	chews and tender-	
data.pokemon.dex_entries.gold.nidorina:8:0	text	data/pokemon/dex_entries/gold/nidorina.asm	8	0	page	izes the food,	
data.pokemon.dex_entries.gold.nidorina:9:0	text	data/pokemon/dex_entries/gold/nidorina.asm	9	0	next	then spits it out	
data.pokemon.dex_entries.gold.nidorina:10:0	text	data/pokemon/dex_entries/gold/nidorina.asm	10	0	next	for the offspring.@	
data.pokemon.dex_entries.gold.nidorino:1:0	text	data/pokemon/dex_entries/gold/nidorino.asm	1	0	db	POISON PIN@	
data.pokemon.dex_entries.gold.nidorino:4:0	text	data/pokemon/dex_entries/gold/nidorino.asm	4	0	db	It raises its big	
data.pokemon.dex_entries.gold.nidorino:5:0	text	data/pokemon/dex_entries/gold/nidorino.asm	5	0	next	ears to check its	
data.pokemon.dex_entries.gold.nidorino:6:0	text	data/pokemon/dex_entries/gold/nidorino.asm	6	0	next	surroundings. If	
data.pokemon.dex_entries.gold.nidorino:8:0	text	data/pokemon/dex_entries/gold/nidorino.asm	8	0	page	it senses any-	
data.pokemon.dex_entries.gold.nidorino:9:0	text	data/pokemon/dex_entries/gold/nidorino.asm	9	0	next	thing, it attacks	
data.pokemon.dex_entries.gold.nidorino:10:0	text	data/pokemon/dex_entries/gold/nidorino.asm	10	0	next	immediately.@	
data.pokemon.dex_entries.gold.ninetales:1:0	text	data/pokemon/dex_entries/gold/ninetales.asm	1	0	db	FOX@	
data.pokemon.dex_entries.gold.ninetales:4:0	text	data/pokemon/dex_entries/gold/ninetales.asm	4	0	db	Some legends claim	
data.pokemon.dex_entries.gold.ninetales:5:0	text	data/pokemon/dex_entries/gold/ninetales.asm	5	0	next	that each of its	
data.pokemon.dex_entries.gold.ninetales:6:0	text	data/pokemon/dex_entries/gold/ninetales.asm	6	0	next	nine tails has its	
data.pokemon.dex_entries.gold.ninetales:8:0	text	data/pokemon/dex_entries/gold/ninetales.asm	8	0	page	own unique type	
data.pokemon.dex_entries.gold.ninetales:9:0	text	data/pokemon/dex_entries/gold/ninetales.asm	9	0	next	of special	
data.pokemon.dex_entries.gold.ninetales:10:0	text	data/pokemon/dex_entries/gold/ninetales.asm	10	0	next	mystical power.@	
data.pokemon.dex_entries.gold.noctowl:1:0	text	data/pokemon/dex_entries/gold/noctowl.asm	1	0	db	OWL@	
data.pokemon.dex_entries.gold.noctowl:4:0	text	data/pokemon/dex_entries/gold/noctowl.asm	4	0	db	Its eyes are	
data.pokemon.dex_entries.gold.noctowl:5:0	text	data/pokemon/dex_entries/gold/noctowl.asm	5	0	next	specially adapted.	
data.pokemon.dex_entries.gold.noctowl:6:0	text	data/pokemon/dex_entries/gold/noctowl.asm	6	0	next	They concentrate	
data.pokemon.dex_entries.gold.noctowl:8:0	text	data/pokemon/dex_entries/gold/noctowl.asm	8	0	page	even faint light	
data.pokemon.dex_entries.gold.noctowl:9:0	text	data/pokemon/dex_entries/gold/noctowl.asm	9	0	next	and enable it to	
data.pokemon.dex_entries.gold.noctowl:10:0	text	data/pokemon/dex_entries/gold/noctowl.asm	10	0	next	see in the dark.@	
data.pokemon.dex_entries.gold.octillery:1:0	text	data/pokemon/dex_entries/gold/octillery.asm	1	0	db	JET@	
data.pokemon.dex_entries.gold.octillery:4:0	text	data/pokemon/dex_entries/gold/octillery.asm	4	0	db	It traps enemies	
data.pokemon.dex_entries.gold.octillery:5:0	text	data/pokemon/dex_entries/gold/octillery.asm	5	0	next	with its suction-	
data.pokemon.dex_entries.gold.octillery:6:0	text	data/pokemon/dex_entries/gold/octillery.asm	6	0	next	cupped tentacles	
data.pokemon.dex_entries.gold.octillery:8:0	text	data/pokemon/dex_entries/gold/octillery.asm	8	0	page	then smashes them	
data.pokemon.dex_entries.gold.octillery:9:0	text	data/pokemon/dex_entries/gold/octillery.asm	9	0	next	with its rock-hard	
data.pokemon.dex_entries.gold.octillery:10:0	text	data/pokemon/dex_entries/gold/octillery.asm	10	0	next	head.@	
data.pokemon.dex_entries.gold.oddish:1:0	text	data/pokemon/dex_entries/gold/oddish.asm	1	0	db	WEED@	
data.pokemon.dex_entries.gold.oddish:4:0	text	data/pokemon/dex_entries/gold/oddish.asm	4	0	db	Awakened by moon-	
data.pokemon.dex_entries.gold.oddish:5:0	text	data/pokemon/dex_entries/gold/oddish.asm	5	0	next	light, it roams 	
data.pokemon.dex_entries.gold.oddish:6:0	text	data/pokemon/dex_entries/gold/oddish.asm	6	0	next	actively at night.	
data.pokemon.dex_entries.gold.oddish:8:0	text	data/pokemon/dex_entries/gold/oddish.asm	8	0	page	In the day, it	
data.pokemon.dex_entries.gold.oddish:9:0	text	data/pokemon/dex_entries/gold/oddish.asm	9	0	next	stays quietly	
data.pokemon.dex_entries.gold.oddish:10:0	text	data/pokemon/dex_entries/gold/oddish.asm	10	0	next	underground.@	
data.pokemon.dex_entries.gold.omanyte:1:0	text	data/pokemon/dex_entries/gold/omanyte.asm	1	0	db	SPIRAL@	
data.pokemon.dex_entries.gold.omanyte:4:0	text	data/pokemon/dex_entries/gold/omanyte.asm	4	0	db	Revived from an	
data.pokemon.dex_entries.gold.omanyte:5:0	text	data/pokemon/dex_entries/gold/omanyte.asm	5	0	next	ancient fossil,	
data.pokemon.dex_entries.gold.omanyte:6:0	text	data/pokemon/dex_entries/gold/omanyte.asm	6	0	next	this #MON uses	
data.pokemon.dex_entries.gold.omanyte:8:0	text	data/pokemon/dex_entries/gold/omanyte.asm	8	0	page	air stored in its	
data.pokemon.dex_entries.gold.omanyte:9:0	text	data/pokemon/dex_entries/gold/omanyte.asm	9	0	next	shell to sink and	
data.pokemon.dex_entries.gold.omanyte:10:0	text	data/pokemon/dex_entries/gold/omanyte.asm	10	0	next	rise in water.@	
data.pokemon.dex_entries.gold.omastar:1:0	text	data/pokemon/dex_entries/gold/omastar.asm	1	0	db	SPIRAL@	
data.pokemon.dex_entries.gold.omastar:4:0	text	data/pokemon/dex_entries/gold/omastar.asm	4	0	db	Apparently, it	
data.pokemon.dex_entries.gold.omastar:5:0	text	data/pokemon/dex_entries/gold/omastar.asm	5	0	next	cracked SHELLDER's	
data.pokemon.dex_entries.gold.omastar:6:0	text	data/pokemon/dex_entries/gold/omastar.asm	6	0	next	shell with its	
data.pokemon.dex_entries.gold.omastar:8:0	text	data/pokemon/dex_entries/gold/omastar.asm	8	0	page	sharp fangs and	
data.pokemon.dex_entries.gold.omastar:9:0	text	data/pokemon/dex_entries/gold/omastar.asm	9	0	next	sucked out the	
data.pokemon.dex_entries.gold.omastar:10:0	text	data/pokemon/dex_entries/gold/omastar.asm	10	0	next	insides.@	
data.pokemon.dex_entries.gold.onix:1:0	text	data/pokemon/dex_entries/gold/onix.asm	1	0	db	ROCK SNAKE@	
data.pokemon.dex_entries.gold.onix:4:0	text	data/pokemon/dex_entries/gold/onix.asm	4	0	db	It twists and	
data.pokemon.dex_entries.gold.onix:5:0	text	data/pokemon/dex_entries/gold/onix.asm	5	0	next	squirms through	
data.pokemon.dex_entries.gold.onix:6:0	text	data/pokemon/dex_entries/gold/onix.asm	6	0	next	the ground. The	
data.pokemon.dex_entries.gold.onix:8:0	text	data/pokemon/dex_entries/gold/onix.asm	8	0	page	thunderous roar of	
data.pokemon.dex_entries.gold.onix:9:0	text	data/pokemon/dex_entries/gold/onix.asm	9	0	next	its tunneling	
data.pokemon.dex_entries.gold.onix:10:0	text	data/pokemon/dex_entries/gold/onix.asm	10	0	next	echoes a long way.@	
data.pokemon.dex_entries.gold.paras:1:0	text	data/pokemon/dex_entries/gold/paras.asm	1	0	db	MUSHROOM@	
data.pokemon.dex_entries.gold.paras:4:0	text	data/pokemon/dex_entries/gold/paras.asm	4	0	db	It is doused with	
data.pokemon.dex_entries.gold.paras:5:0	text	data/pokemon/dex_entries/gold/paras.asm	5	0	next	mushroom spores	
data.pokemon.dex_entries.gold.paras:6:0	text	data/pokemon/dex_entries/gold/paras.asm	6	0	next	when it is born.	
data.pokemon.dex_entries.gold.paras:8:0	text	data/pokemon/dex_entries/gold/paras.asm	8	0	page	As its body grows,	
data.pokemon.dex_entries.gold.paras:9:0	text	data/pokemon/dex_entries/gold/paras.asm	9	0	next	mushrooms sprout	
data.pokemon.dex_entries.gold.paras:10:0	text	data/pokemon/dex_entries/gold/paras.asm	10	0	next	from its back.@	
data.pokemon.dex_entries.gold.parasect:1:0	text	data/pokemon/dex_entries/gold/parasect.asm	1	0	db	MUSHROOM@	
data.pokemon.dex_entries.gold.parasect:4:0	text	data/pokemon/dex_entries/gold/parasect.asm	4	0	db	It stays mostly in	
data.pokemon.dex_entries.gold.parasect:5:0	text	data/pokemon/dex_entries/gold/parasect.asm	5	0	next	dark, damp places,	
data.pokemon.dex_entries.gold.parasect:6:0	text	data/pokemon/dex_entries/gold/parasect.asm	6	0	next	the preference not	
data.pokemon.dex_entries.gold.parasect:8:0	text	data/pokemon/dex_entries/gold/parasect.asm	8	0	page	of the bug, but	
data.pokemon.dex_entries.gold.parasect:9:0	text	data/pokemon/dex_entries/gold/parasect.asm	9	0	next	of the big mush-	
data.pokemon.dex_entries.gold.parasect:10:0	text	data/pokemon/dex_entries/gold/parasect.asm	10	0	next	rooms on its back.@	
data.pokemon.dex_entries.gold.persian:1:0	text	data/pokemon/dex_entries/gold/persian.asm	1	0	db	CLASSY CAT@	
data.pokemon.dex_entries.gold.persian:4:0	text	data/pokemon/dex_entries/gold/persian.asm	4	0	db	Many adore it for	
data.pokemon.dex_entries.gold.persian:5:0	text	data/pokemon/dex_entries/gold/persian.asm	5	0	next	its sophisticated	
data.pokemon.dex_entries.gold.persian:6:0	text	data/pokemon/dex_entries/gold/persian.asm	6	0	next	air. However, it	
data.pokemon.dex_entries.gold.persian:8:0	text	data/pokemon/dex_entries/gold/persian.asm	8	0	page	will lash out and	
data.pokemon.dex_entries.gold.persian:9:0	text	data/pokemon/dex_entries/gold/persian.asm	9	0	next	scratch for little	
data.pokemon.dex_entries.gold.persian:10:0	text	data/pokemon/dex_entries/gold/persian.asm	10	0	next	reason.@	
data.pokemon.dex_entries.gold.phanpy:1:0	text	data/pokemon/dex_entries/gold/phanpy.asm	1	0	db	LONG NOSE@	
data.pokemon.dex_entries.gold.phanpy:4:0	text	data/pokemon/dex_entries/gold/phanpy.asm	4	0	db	It swings its long	
data.pokemon.dex_entries.gold.phanpy:5:0	text	data/pokemon/dex_entries/gold/phanpy.asm	5	0	next	snout around play-	
data.pokemon.dex_entries.gold.phanpy:6:0	text	data/pokemon/dex_entries/gold/phanpy.asm	6	0	next	fully, but because	
data.pokemon.dex_entries.gold.phanpy:8:0	text	data/pokemon/dex_entries/gold/phanpy.asm	8	0	page	it is so strong,	
data.pokemon.dex_entries.gold.phanpy:9:0	text	data/pokemon/dex_entries/gold/phanpy.asm	9	0	next	that can be dan-	
data.pokemon.dex_entries.gold.phanpy:10:0	text	data/pokemon/dex_entries/gold/phanpy.asm	10	0	next	gerous.@	
data.pokemon.dex_entries.gold.pichu:1:0	text	data/pokemon/dex_entries/gold/pichu.asm	1	0	db	TINY MOUSE@	
data.pokemon.dex_entries.gold.pichu:4:0	text	data/pokemon/dex_entries/gold/pichu.asm	4	0	db	It is not yet	
data.pokemon.dex_entries.gold.pichu:5:0	text	data/pokemon/dex_entries/gold/pichu.asm	5	0	next	skilled at storing	
data.pokemon.dex_entries.gold.pichu:6:0	text	data/pokemon/dex_entries/gold/pichu.asm	6	0	next	electricity.	
data.pokemon.dex_entries.gold.pichu:8:0	text	data/pokemon/dex_entries/gold/pichu.asm	8	0	page	It may send out a	
data.pokemon.dex_entries.gold.pichu:9:0	text	data/pokemon/dex_entries/gold/pichu.asm	9	0	next	jolt if amused	
data.pokemon.dex_entries.gold.pichu:10:0	text	data/pokemon/dex_entries/gold/pichu.asm	10	0	next	or startled.@	
data.pokemon.dex_entries.gold.pidgeot:1:0	text	data/pokemon/dex_entries/gold/pidgeot.asm	1	0	db	BIRD@	
data.pokemon.dex_entries.gold.pidgeot:4:0	text	data/pokemon/dex_entries/gold/pidgeot.asm	4	0	db	Its well-developed	
data.pokemon.dex_entries.gold.pidgeot:5:0	text	data/pokemon/dex_entries/gold/pidgeot.asm	5	0	next	chest muscles make	
data.pokemon.dex_entries.gold.pidgeot:6:0	text	data/pokemon/dex_entries/gold/pidgeot.asm	6	0	next	it strong enough	
data.pokemon.dex_entries.gold.pidgeot:8:0	text	data/pokemon/dex_entries/gold/pidgeot.asm	8	0	page	to whip up a gusty	
data.pokemon.dex_entries.gold.pidgeot:9:0	text	data/pokemon/dex_entries/gold/pidgeot.asm	9	0	next	windstorm with	
data.pokemon.dex_entries.gold.pidgeot:10:0	text	data/pokemon/dex_entries/gold/pidgeot.asm	10	0	next	just a few flaps.@	
data.pokemon.dex_entries.gold.pidgeotto:1:0	text	data/pokemon/dex_entries/gold/pidgeotto.asm	1	0	db	BIRD@	
data.pokemon.dex_entries.gold.pidgeotto:4:0	text	data/pokemon/dex_entries/gold/pidgeotto.asm	4	0	db	It has outstanding	
data.pokemon.dex_entries.gold.pidgeotto:5:0	text	data/pokemon/dex_entries/gold/pidgeotto.asm	5	0	next	vision. However	
data.pokemon.dex_entries.gold.pidgeotto:6:0	text	data/pokemon/dex_entries/gold/pidgeotto.asm	6	0	next	high it flies, it	
data.pokemon.dex_entries.gold.pidgeotto:8:0	text	data/pokemon/dex_entries/gold/pidgeotto.asm	8	0	page	is able to distin-	
data.pokemon.dex_entries.gold.pidgeotto:9:0	text	data/pokemon/dex_entries/gold/pidgeotto.asm	9	0	next	guish the move-	
data.pokemon.dex_entries.gold.pidgeotto:10:0	text	data/pokemon/dex_entries/gold/pidgeotto.asm	10	0	next	ments of its prey.@	
data.pokemon.dex_entries.gold.pidgey:1:0	text	data/pokemon/dex_entries/gold/pidgey.asm	1	0	db	TINY BIRD@	
data.pokemon.dex_entries.gold.pidgey:4:0	text	data/pokemon/dex_entries/gold/pidgey.asm	4	0	db	It usually hides	
data.pokemon.dex_entries.gold.pidgey:5:0	text	data/pokemon/dex_entries/gold/pidgey.asm	5	0	next	in tall grass. Be-	
data.pokemon.dex_entries.gold.pidgey:6:0	text	data/pokemon/dex_entries/gold/pidgey.asm	6	0	next	cause it dislikes	
data.pokemon.dex_entries.gold.pidgey:8:0	text	data/pokemon/dex_entries/gold/pidgey.asm	8	0	page	fighting, it pro-	
data.pokemon.dex_entries.gold.pidgey:9:0	text	data/pokemon/dex_entries/gold/pidgey.asm	9	0	next	tects itself by	
data.pokemon.dex_entries.gold.pidgey:10:0	text	data/pokemon/dex_entries/gold/pidgey.asm	10	0	next	kicking up sand.@	
data.pokemon.dex_entries.gold.pikachu:1:0	text	data/pokemon/dex_entries/gold/pikachu.asm	1	0	db	MOUSE@	
data.pokemon.dex_entries.gold.pikachu:4:0	text	data/pokemon/dex_entries/gold/pikachu.asm	4	0	db	This intelligent	
data.pokemon.dex_entries.gold.pikachu:5:0	text	data/pokemon/dex_entries/gold/pikachu.asm	5	0	next	#MON roasts	
data.pokemon.dex_entries.gold.pikachu:6:0	text	data/pokemon/dex_entries/gold/pikachu.asm	6	0	next	hard BERRIES with	
data.pokemon.dex_entries.gold.pikachu:8:0	text	data/pokemon/dex_entries/gold/pikachu.asm	8	0	page	electricity to	
data.pokemon.dex_entries.gold.pikachu:9:0	text	data/pokemon/dex_entries/gold/pikachu.asm	9	0	next	make them tender	
data.pokemon.dex_entries.gold.pikachu:10:0	text	data/pokemon/dex_entries/gold/pikachu.asm	10	0	next	enough to eat.@	
data.pokemon.dex_entries.gold.piloswine:1:0	text	data/pokemon/dex_entries/gold/piloswine.asm	1	0	db	SWINE@	
data.pokemon.dex_entries.gold.piloswine:4:0	text	data/pokemon/dex_entries/gold/piloswine.asm	4	0	db	Because the long	
data.pokemon.dex_entries.gold.piloswine:5:0	text	data/pokemon/dex_entries/gold/piloswine.asm	5	0	next	hair all over its	
data.pokemon.dex_entries.gold.piloswine:6:0	text	data/pokemon/dex_entries/gold/piloswine.asm	6	0	next	body obscures its	
data.pokemon.dex_entries.gold.piloswine:8:0	text	data/pokemon/dex_entries/gold/piloswine.asm	8	0	page	sight, it just	
data.pokemon.dex_entries.gold.piloswine:9:0	text	data/pokemon/dex_entries/gold/piloswine.asm	9	0	next	keeps charging	
data.pokemon.dex_entries.gold.piloswine:10:0	text	data/pokemon/dex_entries/gold/piloswine.asm	10	0	next	repeatedly.@	
data.pokemon.dex_entries.gold.pineco:1:0	text	data/pokemon/dex_entries/gold/pineco.asm	1	0	db	BAGWORM@	
data.pokemon.dex_entries.gold.pineco:4:0	text	data/pokemon/dex_entries/gold/pineco.asm	4	0	db	It likes to make	
data.pokemon.dex_entries.gold.pineco:5:0	text	data/pokemon/dex_entries/gold/pineco.asm	5	0	next	its shell thicker	
data.pokemon.dex_entries.gold.pineco:6:0	text	data/pokemon/dex_entries/gold/pineco.asm	6	0	next	by adding layers	
data.pokemon.dex_entries.gold.pineco:8:0	text	data/pokemon/dex_entries/gold/pineco.asm	8	0	page	of tree bark. The	
data.pokemon.dex_entries.gold.pineco:9:0	text	data/pokemon/dex_entries/gold/pineco.asm	9	0	next	additional weight	
data.pokemon.dex_entries.gold.pineco:10:0	text	data/pokemon/dex_entries/gold/pineco.asm	10	0	next	doesn't bother it.@	
data.pokemon.dex_entries.gold.pinsir:1:0	text	data/pokemon/dex_entries/gold/pinsir.asm	1	0	db	STAGBEETLE@	
data.pokemon.dex_entries.gold.pinsir:4:0	text	data/pokemon/dex_entries/gold/pinsir.asm	4	0	db	With its horns, it	
data.pokemon.dex_entries.gold.pinsir:5:0	text	data/pokemon/dex_entries/gold/pinsir.asm	5	0	next	digs burrows to	
data.pokemon.dex_entries.gold.pinsir:6:0	text	data/pokemon/dex_entries/gold/pinsir.asm	6	0	next	sleep in at night.	
data.pokemon.dex_entries.gold.pinsir:8:0	text	data/pokemon/dex_entries/gold/pinsir.asm	8	0	page	In the morning,	
data.pokemon.dex_entries.gold.pinsir:9:0	text	data/pokemon/dex_entries/gold/pinsir.asm	9	0	next	damp soil clings	
data.pokemon.dex_entries.gold.pinsir:10:0	text	data/pokemon/dex_entries/gold/pinsir.asm	10	0	next	to its body.@	
data.pokemon.dex_entries.gold.politoed:1:0	text	data/pokemon/dex_entries/gold/politoed.asm	1	0	db	FROG@	
data.pokemon.dex_entries.gold.politoed:4:0	text	data/pokemon/dex_entries/gold/politoed.asm	4	0	db	If POLIWAG and	
data.pokemon.dex_entries.gold.politoed:5:0	text	data/pokemon/dex_entries/gold/politoed.asm	5	0	next	POLIWHIRL hear its	
data.pokemon.dex_entries.gold.politoed:6:0	text	data/pokemon/dex_entries/gold/politoed.asm	6	0	next	echoing cry, they	
data.pokemon.dex_entries.gold.politoed:8:0	text	data/pokemon/dex_entries/gold/politoed.asm	8	0	page	respond by gather-	
data.pokemon.dex_entries.gold.politoed:9:0	text	data/pokemon/dex_entries/gold/politoed.asm	9	0	next	ing from far and	
data.pokemon.dex_entries.gold.politoed:10:0	text	data/pokemon/dex_entries/gold/politoed.asm	10	0	next	wide.@	
data.pokemon.dex_entries.gold.poliwag:1:0	text	data/pokemon/dex_entries/gold/poliwag.asm	1	0	db	TADPOLE@	
data.pokemon.dex_entries.gold.poliwag:4:0	text	data/pokemon/dex_entries/gold/poliwag.asm	4	0	db	Because it is in-	
data.pokemon.dex_entries.gold.poliwag:5:0	text	data/pokemon/dex_entries/gold/poliwag.asm	5	0	next	ept at walking on	
data.pokemon.dex_entries.gold.poliwag:6:0	text	data/pokemon/dex_entries/gold/poliwag.asm	6	0	next	its newly grown	
data.pokemon.dex_entries.gold.poliwag:8:0	text	data/pokemon/dex_entries/gold/poliwag.asm	8	0	page	legs, it always 	
data.pokemon.dex_entries.gold.poliwag:9:0	text	data/pokemon/dex_entries/gold/poliwag.asm	9	0	next	swims around in	
data.pokemon.dex_entries.gold.poliwag:10:0	text	data/pokemon/dex_entries/gold/poliwag.asm	10	0	next	water.@	
data.pokemon.dex_entries.gold.poliwhirl:1:0	text	data/pokemon/dex_entries/gold/poliwhirl.asm	1	0	db	TADPOLE@	
data.pokemon.dex_entries.gold.poliwhirl:4:0	text	data/pokemon/dex_entries/gold/poliwhirl.asm	4	0	db	The swirl on its	
data.pokemon.dex_entries.gold.poliwhirl:5:0	text	data/pokemon/dex_entries/gold/poliwhirl.asm	5	0	next	belly subtly un-	
data.pokemon.dex_entries.gold.poliwhirl:6:0	text	data/pokemon/dex_entries/gold/poliwhirl.asm	6	0	next	dulates. Staring	
data.pokemon.dex_entries.gold.poliwhirl:8:0	text	data/pokemon/dex_entries/gold/poliwhirl.asm	8	0	page	at it may gradual-	
data.pokemon.dex_entries.gold.poliwhirl:9:0	text	data/pokemon/dex_entries/gold/poliwhirl.asm	9	0	next	ly cause drowsi-	
data.pokemon.dex_entries.gold.poliwhirl:10:0	text	data/pokemon/dex_entries/gold/poliwhirl.asm	10	0	next	ness.@	
data.pokemon.dex_entries.gold.poliwrath:1:0	text	data/pokemon/dex_entries/gold/poliwrath.asm	1	0	db	TADPOLE@	
data.pokemon.dex_entries.gold.poliwrath:4:0	text	data/pokemon/dex_entries/gold/poliwrath.asm	4	0	db	This strong and	
data.pokemon.dex_entries.gold.poliwrath:5:0	text	data/pokemon/dex_entries/gold/poliwrath.asm	5	0	next	skilled swimmer is	
data.pokemon.dex_entries.gold.poliwrath:6:0	text	data/pokemon/dex_entries/gold/poliwrath.asm	6	0	next	even capable of	
data.pokemon.dex_entries.gold.poliwrath:8:0	text	data/pokemon/dex_entries/gold/poliwrath.asm	8	0	page	crossing the	
data.pokemon.dex_entries.gold.poliwrath:9:0	text	data/pokemon/dex_entries/gold/poliwrath.asm	9	0	next	Pacific Ocean just	
data.pokemon.dex_entries.gold.poliwrath:10:0	text	data/pokemon/dex_entries/gold/poliwrath.asm	10	0	next	by kicking.@	
data.pokemon.dex_entries.gold.ponyta:1:0	text	data/pokemon/dex_entries/gold/ponyta.asm	1	0	db	FIRE HORSE@	
data.pokemon.dex_entries.gold.ponyta:4:0	text	data/pokemon/dex_entries/gold/ponyta.asm	4	0	db	It is a weak run-	
data.pokemon.dex_entries.gold.ponyta:5:0	text	data/pokemon/dex_entries/gold/ponyta.asm	5	0	next	ner immediately	
data.pokemon.dex_entries.gold.ponyta:6:0	text	data/pokemon/dex_entries/gold/ponyta.asm	6	0	next	after birth. It	
data.pokemon.dex_entries.gold.ponyta:8:0	text	data/pokemon/dex_entries/gold/ponyta.asm	8	0	page	gradually becomes	
data.pokemon.dex_entries.gold.ponyta:9:0	text	data/pokemon/dex_entries/gold/ponyta.asm	9	0	next	faster by chasing	
data.pokemon.dex_entries.gold.ponyta:10:0	text	data/pokemon/dex_entries/gold/ponyta.asm	10	0	next	after its parents.@	
data.pokemon.dex_entries.gold.porygon:1:0	text	data/pokemon/dex_entries/gold/porygon.asm	1	0	db	VIRTUAL@	
data.pokemon.dex_entries.gold.porygon:4:0	text	data/pokemon/dex_entries/gold/porygon.asm	4	0	db	It is a manmade	
data.pokemon.dex_entries.gold.porygon:5:0	text	data/pokemon/dex_entries/gold/porygon.asm	5	0	next	#MON. Since it	
data.pokemon.dex_entries.gold.porygon:6:0	text	data/pokemon/dex_entries/gold/porygon.asm	6	0	next	doesn't breathe,	
data.pokemon.dex_entries.gold.porygon:8:0	text	data/pokemon/dex_entries/gold/porygon.asm	8	0	page	people are eager	
data.pokemon.dex_entries.gold.porygon:9:0	text	data/pokemon/dex_entries/gold/porygon.asm	9	0	next	to try it in any	
data.pokemon.dex_entries.gold.porygon:10:0	text	data/pokemon/dex_entries/gold/porygon.asm	10	0	next	environment.@	
data.pokemon.dex_entries.gold.porygon2:1:0	text	data/pokemon/dex_entries/gold/porygon2.asm	1	0	db	VIRTUAL@	
data.pokemon.dex_entries.gold.porygon2:4:0	text	data/pokemon/dex_entries/gold/porygon2.asm	4	0	db	This upgraded	
data.pokemon.dex_entries.gold.porygon2:5:0	text	data/pokemon/dex_entries/gold/porygon2.asm	5	0	next	version of PORYGON	
data.pokemon.dex_entries.gold.porygon2:6:0	text	data/pokemon/dex_entries/gold/porygon2.asm	6	0	next	is designed for	
data.pokemon.dex_entries.gold.porygon2:8:0	text	data/pokemon/dex_entries/gold/porygon2.asm	8	0	page	space exploration.	
data.pokemon.dex_entries.gold.porygon2:9:0	text	data/pokemon/dex_entries/gold/porygon2.asm	9	0	next	It can't fly,	
data.pokemon.dex_entries.gold.porygon2:10:0	text	data/pokemon/dex_entries/gold/porygon2.asm	10	0	next	though.@	
data.pokemon.dex_entries.gold.primeape:1:0	text	data/pokemon/dex_entries/gold/primeape.asm	1	0	db	PIG MONKEY@	
data.pokemon.dex_entries.gold.primeape:4:0	text	data/pokemon/dex_entries/gold/primeape.asm	4	0	db	If approached	
data.pokemon.dex_entries.gold.primeape:5:0	text	data/pokemon/dex_entries/gold/primeape.asm	5	0	next	while asleep, it	
data.pokemon.dex_entries.gold.primeape:6:0	text	data/pokemon/dex_entries/gold/primeape.asm	6	0	next	may awaken and	
data.pokemon.dex_entries.gold.primeape:8:0	text	data/pokemon/dex_entries/gold/primeape.asm	8	0	page	angrily give chase	
data.pokemon.dex_entries.gold.primeape:9:0	text	data/pokemon/dex_entries/gold/primeape.asm	9	0	next	in a groggy state	
data.pokemon.dex_entries.gold.primeape:10:0	text	data/pokemon/dex_entries/gold/primeape.asm	10	0	next	of semi-sleep.@	
data.pokemon.dex_entries.gold.psyduck:1:0	text	data/pokemon/dex_entries/gold/psyduck.asm	1	0	db	DUCK@	
data.pokemon.dex_entries.gold.psyduck:4:0	text	data/pokemon/dex_entries/gold/psyduck.asm	4	0	db	It has mystical	
data.pokemon.dex_entries.gold.psyduck:5:0	text	data/pokemon/dex_entries/gold/psyduck.asm	5	0	next	powers but doesn't	
data.pokemon.dex_entries.gold.psyduck:6:0	text	data/pokemon/dex_entries/gold/psyduck.asm	6	0	next	recall that it has	
data.pokemon.dex_entries.gold.psyduck:8:0	text	data/pokemon/dex_entries/gold/psyduck.asm	8	0	page	used them. That is	
data.pokemon.dex_entries.gold.psyduck:9:0	text	data/pokemon/dex_entries/gold/psyduck.asm	9	0	next	why it always	
data.pokemon.dex_entries.gold.psyduck:10:0	text	data/pokemon/dex_entries/gold/psyduck.asm	10	0	next	looks puzzled.@	
data.pokemon.dex_entries.gold.pupitar:1:0	text	data/pokemon/dex_entries/gold/pupitar.asm	1	0	db	HARD SHELL@	
data.pokemon.dex_entries.gold.pupitar:4:0	text	data/pokemon/dex_entries/gold/pupitar.asm	4	0	db	Its shell is as	
data.pokemon.dex_entries.gold.pupitar:5:0	text	data/pokemon/dex_entries/gold/pupitar.asm	5	0	next	hard as sheet	
data.pokemon.dex_entries.gold.pupitar:6:0	text	data/pokemon/dex_entries/gold/pupitar.asm	6	0	next	rock, and it is	
data.pokemon.dex_entries.gold.pupitar:8:0	text	data/pokemon/dex_entries/gold/pupitar.asm	8	0	page	also very strong.	
data.pokemon.dex_entries.gold.pupitar:9:0	text	data/pokemon/dex_entries/gold/pupitar.asm	9	0	next	Its THRASHING can	
data.pokemon.dex_entries.gold.pupitar:10:0	text	data/pokemon/dex_entries/gold/pupitar.asm	10	0	next	topple a mountain.@	
data.pokemon.dex_entries.gold.quagsire:1:0	text	data/pokemon/dex_entries/gold/quagsire.asm	1	0	db	WATER FISH@	
data.pokemon.dex_entries.gold.quagsire:4:0	text	data/pokemon/dex_entries/gold/quagsire.asm	4	0	db	This carefree	
data.pokemon.dex_entries.gold.quagsire:5:0	text	data/pokemon/dex_entries/gold/quagsire.asm	5	0	next	#MON has an	
data.pokemon.dex_entries.gold.quagsire:6:0	text	data/pokemon/dex_entries/gold/quagsire.asm	6	0	next	easy-going nature.	
data.pokemon.dex_entries.gold.quagsire:8:0	text	data/pokemon/dex_entries/gold/quagsire.asm	8	0	page	While swimming, it	
data.pokemon.dex_entries.gold.quagsire:9:0	text	data/pokemon/dex_entries/gold/quagsire.asm	9	0	next	always bumps into	
data.pokemon.dex_entries.gold.quagsire:10:0	text	data/pokemon/dex_entries/gold/quagsire.asm	10	0	next	boat hulls.@	
data.pokemon.dex_entries.gold.quilava:1:0	text	data/pokemon/dex_entries/gold/quilava.asm	1	0	db	VOLCANO@	
data.pokemon.dex_entries.gold.quilava:4:0	text	data/pokemon/dex_entries/gold/quilava.asm	4	0	db	Be careful if it	
data.pokemon.dex_entries.gold.quilava:5:0	text	data/pokemon/dex_entries/gold/quilava.asm	5	0	next	turns its back	
data.pokemon.dex_entries.gold.quilava:6:0	text	data/pokemon/dex_entries/gold/quilava.asm	6	0	next	during battle. It	
data.pokemon.dex_entries.gold.quilava:8:0	text	data/pokemon/dex_entries/gold/quilava.asm	8	0	page	means that it will	
data.pokemon.dex_entries.gold.quilava:9:0	text	data/pokemon/dex_entries/gold/quilava.asm	9	0	next	attack with the	
data.pokemon.dex_entries.gold.quilava:10:0	text	data/pokemon/dex_entries/gold/quilava.asm	10	0	next	fire on its back.@	
data.pokemon.dex_entries.gold.qwilfish:1:0	text	data/pokemon/dex_entries/gold/qwilfish.asm	1	0	db	BALLOON@	
data.pokemon.dex_entries.gold.qwilfish:4:0	text	data/pokemon/dex_entries/gold/qwilfish.asm	4	0	db	To fire its poison	
data.pokemon.dex_entries.gold.qwilfish:5:0	text	data/pokemon/dex_entries/gold/qwilfish.asm	5	0	next	spikes, it must	
data.pokemon.dex_entries.gold.qwilfish:6:0	text	data/pokemon/dex_entries/gold/qwilfish.asm	6	0	next	inflate its body	
data.pokemon.dex_entries.gold.qwilfish:8:0	text	data/pokemon/dex_entries/gold/qwilfish.asm	8	0	page	by drinking over	
data.pokemon.dex_entries.gold.qwilfish:9:0	text	data/pokemon/dex_entries/gold/qwilfish.asm	9	0	next	2.6 gallons of	
data.pokemon.dex_entries.gold.qwilfish:10:0	text	data/pokemon/dex_entries/gold/qwilfish.asm	10	0	next	water all at once.@	
data.pokemon.dex_entries.gold.raichu:1:0	text	data/pokemon/dex_entries/gold/raichu.asm	1	0	db	MOUSE@	
data.pokemon.dex_entries.gold.raichu:4:0	text	data/pokemon/dex_entries/gold/raichu.asm	4	0	db	When its electric-	
data.pokemon.dex_entries.gold.raichu:5:0	text	data/pokemon/dex_entries/gold/raichu.asm	5	0	next	ity builds, its	
data.pokemon.dex_entries.gold.raichu:6:0	text	data/pokemon/dex_entries/gold/raichu.asm	6	0	next	muscles are stimu-	
data.pokemon.dex_entries.gold.raichu:8:0	text	data/pokemon/dex_entries/gold/raichu.asm	8	0	page	lated, and it be-	
data.pokemon.dex_entries.gold.raichu:9:0	text	data/pokemon/dex_entries/gold/raichu.asm	9	0	next	comes more aggres-	
data.pokemon.dex_entries.gold.raichu:10:0	text	data/pokemon/dex_entries/gold/raichu.asm	10	0	next	sive than usual.@	
data.pokemon.dex_entries.gold.raikou:1:0	text	data/pokemon/dex_entries/gold/raikou.asm	1	0	db	THUNDER@	
data.pokemon.dex_entries.gold.raikou:4:0	text	data/pokemon/dex_entries/gold/raikou.asm	4	0	db	The rain clouds it	
data.pokemon.dex_entries.gold.raikou:5:0	text	data/pokemon/dex_entries/gold/raikou.asm	5	0	next	carries let it	
data.pokemon.dex_entries.gold.raikou:6:0	text	data/pokemon/dex_entries/gold/raikou.asm	6	0	next	fire thunderbolts	
data.pokemon.dex_entries.gold.raikou:8:0	text	data/pokemon/dex_entries/gold/raikou.asm	8	0	page	at will. They say	
data.pokemon.dex_entries.gold.raikou:9:0	text	data/pokemon/dex_entries/gold/raikou.asm	9	0	next	that it descended	
data.pokemon.dex_entries.gold.raikou:10:0	text	data/pokemon/dex_entries/gold/raikou.asm	10	0	next	with lightning.@	
data.pokemon.dex_entries.gold.rapidash:1:0	text	data/pokemon/dex_entries/gold/rapidash.asm	1	0	db	FIRE HORSE@	
data.pokemon.dex_entries.gold.rapidash:4:0	text	data/pokemon/dex_entries/gold/rapidash.asm	4	0	db	At full gallop,	
data.pokemon.dex_entries.gold.rapidash:5:0	text	data/pokemon/dex_entries/gold/rapidash.asm	5	0	next	its four hooves	
data.pokemon.dex_entries.gold.rapidash:6:0	text	data/pokemon/dex_entries/gold/rapidash.asm	6	0	next	barely touch the	
data.pokemon.dex_entries.gold.rapidash:8:0	text	data/pokemon/dex_entries/gold/rapidash.asm	8	0	page	ground because it	
data.pokemon.dex_entries.gold.rapidash:9:0	text	data/pokemon/dex_entries/gold/rapidash.asm	9	0	next	moves so incredi-	
data.pokemon.dex_entries.gold.rapidash:10:0	text	data/pokemon/dex_entries/gold/rapidash.asm	10	0	next	bly fast.@	
data.pokemon.dex_entries.gold.raticate:1:0	text	data/pokemon/dex_entries/gold/raticate.asm	1	0	db	RAT@	
data.pokemon.dex_entries.gold.raticate:4:0	text	data/pokemon/dex_entries/gold/raticate.asm	4	0	db	Gnaws on anything	
data.pokemon.dex_entries.gold.raticate:5:0	text	data/pokemon/dex_entries/gold/raticate.asm	5	0	next	with its tough	
data.pokemon.dex_entries.gold.raticate:6:0	text	data/pokemon/dex_entries/gold/raticate.asm	6	0	next	fangs. It can even	
data.pokemon.dex_entries.gold.raticate:8:0	text	data/pokemon/dex_entries/gold/raticate.asm	8	0	page	topple concrete	
data.pokemon.dex_entries.gold.raticate:9:0	text	data/pokemon/dex_entries/gold/raticate.asm	9	0	next	buildings by gnaw-	
data.pokemon.dex_entries.gold.raticate:10:0	text	data/pokemon/dex_entries/gold/raticate.asm	10	0	next	ing on them.@	
data.pokemon.dex_entries.gold.rattata:1:0	text	data/pokemon/dex_entries/gold/rattata.asm	1	0	db	RAT@	
data.pokemon.dex_entries.gold.rattata:4:0	text	data/pokemon/dex_entries/gold/rattata.asm	4	0	db	It eats anything.	
data.pokemon.dex_entries.gold.rattata:5:0	text	data/pokemon/dex_entries/gold/rattata.asm	5	0	next	Wherever food is	
data.pokemon.dex_entries.gold.rattata:6:0	text	data/pokemon/dex_entries/gold/rattata.asm	6	0	next	available, it will	
data.pokemon.dex_entries.gold.rattata:8:0	text	data/pokemon/dex_entries/gold/rattata.asm	8	0	page	settle down and	
data.pokemon.dex_entries.gold.rattata:9:0	text	data/pokemon/dex_entries/gold/rattata.asm	9	0	next	produce offspring	
data.pokemon.dex_entries.gold.rattata:10:0	text	data/pokemon/dex_entries/gold/rattata.asm	10	0	next	continuously.@	
data.pokemon.dex_entries.gold.remoraid:1:0	text	data/pokemon/dex_entries/gold/remoraid.asm	1	0	db	JET@	
data.pokemon.dex_entries.gold.remoraid:4:0	text	data/pokemon/dex_entries/gold/remoraid.asm	4	0	db	It has superb ac-	
data.pokemon.dex_entries.gold.remoraid:5:0	text	data/pokemon/dex_entries/gold/remoraid.asm	5	0	next	curacy. The water	
data.pokemon.dex_entries.gold.remoraid:6:0	text	data/pokemon/dex_entries/gold/remoraid.asm	6	0	next	it shoots out can	
data.pokemon.dex_entries.gold.remoraid:8:0	text	data/pokemon/dex_entries/gold/remoraid.asm	8	0	page	strike even moving	
data.pokemon.dex_entries.gold.remoraid:9:0	text	data/pokemon/dex_entries/gold/remoraid.asm	9	0	next	prey from more	
data.pokemon.dex_entries.gold.remoraid:10:0	text	data/pokemon/dex_entries/gold/remoraid.asm	10	0	next	than 300 feet.@	
data.pokemon.dex_entries.gold.rhydon:1:0	text	data/pokemon/dex_entries/gold/rhydon.asm	1	0	db	DRILL@	
data.pokemon.dex_entries.gold.rhydon:4:0	text	data/pokemon/dex_entries/gold/rhydon.asm	4	0	db	Its rugged hide	
data.pokemon.dex_entries.gold.rhydon:5:0	text	data/pokemon/dex_entries/gold/rhydon.asm	5	0	next	protects it from	
data.pokemon.dex_entries.gold.rhydon:6:0	text	data/pokemon/dex_entries/gold/rhydon.asm	6	0	next	even the heat of	
data.pokemon.dex_entries.gold.rhydon:8:0	text	data/pokemon/dex_entries/gold/rhydon.asm	8	0	page	lava. However, the	
data.pokemon.dex_entries.gold.rhydon:9:0	text	data/pokemon/dex_entries/gold/rhydon.asm	9	0	next	hide also makes it	
data.pokemon.dex_entries.gold.rhydon:10:0	text	data/pokemon/dex_entries/gold/rhydon.asm	10	0	next	insensitive.@	
data.pokemon.dex_entries.gold.rhyhorn:1:0	text	data/pokemon/dex_entries/gold/rhyhorn.asm	1	0	db	SPIKES@	
data.pokemon.dex_entries.gold.rhyhorn:4:0	text	data/pokemon/dex_entries/gold/rhyhorn.asm	4	0	db	It is inept at	
data.pokemon.dex_entries.gold.rhyhorn:5:0	text	data/pokemon/dex_entries/gold/rhyhorn.asm	5	0	next	turning because of	
data.pokemon.dex_entries.gold.rhyhorn:6:0	text	data/pokemon/dex_entries/gold/rhyhorn.asm	6	0	next	its four short	
data.pokemon.dex_entries.gold.rhyhorn:8:0	text	data/pokemon/dex_entries/gold/rhyhorn.asm	8	0	page	legs. It can only	
data.pokemon.dex_entries.gold.rhyhorn:9:0	text	data/pokemon/dex_entries/gold/rhyhorn.asm	9	0	next	charge and run in	
data.pokemon.dex_entries.gold.rhyhorn:10:0	text	data/pokemon/dex_entries/gold/rhyhorn.asm	10	0	next	one direction.@	
data.pokemon.dex_entries.gold.sandshrew:1:0	text	data/pokemon/dex_entries/gold/sandshrew.asm	1	0	db	MOUSE@	
data.pokemon.dex_entries.gold.sandshrew:4:0	text	data/pokemon/dex_entries/gold/sandshrew.asm	4	0	db	If it fell from a	
data.pokemon.dex_entries.gold.sandshrew:5:0	text	data/pokemon/dex_entries/gold/sandshrew.asm	5	0	next	great height, this	
data.pokemon.dex_entries.gold.sandshrew:6:0	text	data/pokemon/dex_entries/gold/sandshrew.asm	6	0	next	#MON could save	
data.pokemon.dex_entries.gold.sandshrew:8:0	text	data/pokemon/dex_entries/gold/sandshrew.asm	8	0	page	itself by rolling	
data.pokemon.dex_entries.gold.sandshrew:9:0	text	data/pokemon/dex_entries/gold/sandshrew.asm	9	0	next	into a ball and	
data.pokemon.dex_entries.gold.sandshrew:10:0	text	data/pokemon/dex_entries/gold/sandshrew.asm	10	0	next	bouncing.@	
data.pokemon.dex_entries.gold.sandslash:1:0	text	data/pokemon/dex_entries/gold/sandslash.asm	1	0	db	MOUSE@	
data.pokemon.dex_entries.gold.sandslash:4:0	text	data/pokemon/dex_entries/gold/sandslash.asm	4	0	db	In an attempt to	
data.pokemon.dex_entries.gold.sandslash:5:0	text	data/pokemon/dex_entries/gold/sandslash.asm	5	0	next	hide itself, it	
data.pokemon.dex_entries.gold.sandslash:6:0	text	data/pokemon/dex_entries/gold/sandslash.asm	6	0	next	will run around	
data.pokemon.dex_entries.gold.sandslash:8:0	text	data/pokemon/dex_entries/gold/sandslash.asm	8	0	page	at top speed to	
data.pokemon.dex_entries.gold.sandslash:9:0	text	data/pokemon/dex_entries/gold/sandslash.asm	9	0	next	kick up a blinding	
data.pokemon.dex_entries.gold.sandslash:10:0	text	data/pokemon/dex_entries/gold/sandslash.asm	10	0	next	dust storm.@	
data.pokemon.dex_entries.gold.scizor:1:0	text	data/pokemon/dex_entries/gold/scizor.asm	1	0	db	SCISSORS@	
data.pokemon.dex_entries.gold.scizor:4:0	text	data/pokemon/dex_entries/gold/scizor.asm	4	0	db	It swings its eye-	
data.pokemon.dex_entries.gold.scizor:5:0	text	data/pokemon/dex_entries/gold/scizor.asm	5	0	next	patterned pincers	
data.pokemon.dex_entries.gold.scizor:6:0	text	data/pokemon/dex_entries/gold/scizor.asm	6	0	next	up to scare its	
data.pokemon.dex_entries.gold.scizor:8:0	text	data/pokemon/dex_entries/gold/scizor.asm	8	0	page	foes. This makes	
data.pokemon.dex_entries.gold.scizor:9:0	text	data/pokemon/dex_entries/gold/scizor.asm	9	0	next	it look like it	
data.pokemon.dex_entries.gold.scizor:10:0	text	data/pokemon/dex_entries/gold/scizor.asm	10	0	next	has three heads.@	
data.pokemon.dex_entries.gold.scyther:1:0	text	data/pokemon/dex_entries/gold/scyther.asm	1	0	db	MANTIS@	
data.pokemon.dex_entries.gold.scyther:4:0	text	data/pokemon/dex_entries/gold/scyther.asm	4	0	db	It slashes through	
data.pokemon.dex_entries.gold.scyther:5:0	text	data/pokemon/dex_entries/gold/scyther.asm	5	0	next	grass with its	
data.pokemon.dex_entries.gold.scyther:6:0	text	data/pokemon/dex_entries/gold/scyther.asm	6	0	next	sharp scythes,	
data.pokemon.dex_entries.gold.scyther:8:0	text	data/pokemon/dex_entries/gold/scyther.asm	8	0	page	moving too fast	
data.pokemon.dex_entries.gold.scyther:9:0	text	data/pokemon/dex_entries/gold/scyther.asm	9	0	next	for the human eye	
data.pokemon.dex_entries.gold.scyther:10:0	text	data/pokemon/dex_entries/gold/scyther.asm	10	0	next	to track.@	
data.pokemon.dex_entries.gold.seadra:1:0	text	data/pokemon/dex_entries/gold/seadra.asm	1	0	db	DRAGON@	
data.pokemon.dex_entries.gold.seadra:4:0	text	data/pokemon/dex_entries/gold/seadra.asm	4	0	db	An examination of	
data.pokemon.dex_entries.gold.seadra:5:0	text	data/pokemon/dex_entries/gold/seadra.asm	5	0	next	its cells revealed	
data.pokemon.dex_entries.gold.seadra:6:0	text	data/pokemon/dex_entries/gold/seadra.asm	6	0	next	the presence of a	
data.pokemon.dex_entries.gold.seadra:8:0	text	data/pokemon/dex_entries/gold/seadra.asm	8	0	page	gene not found in	
data.pokemon.dex_entries.gold.seadra:9:0	text	data/pokemon/dex_entries/gold/seadra.asm	9	0	next	HORSEA. It became	
data.pokemon.dex_entries.gold.seadra:10:0	text	data/pokemon/dex_entries/gold/seadra.asm	10	0	next	a hot topic.@	
data.pokemon.dex_entries.gold.seaking:1:0	text	data/pokemon/dex_entries/gold/seaking.asm	1	0	db	GOLDFISH@	
data.pokemon.dex_entries.gold.seaking:4:0	text	data/pokemon/dex_entries/gold/seaking.asm	4	0	db	During spawning	
data.pokemon.dex_entries.gold.seaking:5:0	text	data/pokemon/dex_entries/gold/seaking.asm	5	0	next	season, SEAKING	
data.pokemon.dex_entries.gold.seaking:6:0	text	data/pokemon/dex_entries/gold/seaking.asm	6	0	next	gather from all	
data.pokemon.dex_entries.gold.seaking:8:0	text	data/pokemon/dex_entries/gold/seaking.asm	8	0	page	over, coloring	
data.pokemon.dex_entries.gold.seaking:9:0	text	data/pokemon/dex_entries/gold/seaking.asm	9	0	next	the rivers a	
data.pokemon.dex_entries.gold.seaking:10:0	text	data/pokemon/dex_entries/gold/seaking.asm	10	0	next	brilliant red.@	
data.pokemon.dex_entries.gold.seel:1:0	text	data/pokemon/dex_entries/gold/seel.asm	1	0	db	SEA LION@	
data.pokemon.dex_entries.gold.seel:4:0	text	data/pokemon/dex_entries/gold/seel.asm	4	0	db	Although it can't	
data.pokemon.dex_entries.gold.seel:5:0	text	data/pokemon/dex_entries/gold/seel.asm	5	0	next	walk well on land,	
data.pokemon.dex_entries.gold.seel:6:0	text	data/pokemon/dex_entries/gold/seel.asm	6	0	next	it is a graceful	
data.pokemon.dex_entries.gold.seel:8:0	text	data/pokemon/dex_entries/gold/seel.asm	8	0	page	swimmer. It espe-	
data.pokemon.dex_entries.gold.seel:9:0	text	data/pokemon/dex_entries/gold/seel.asm	9	0	next	cially loves being	
data.pokemon.dex_entries.gold.seel:10:0	text	data/pokemon/dex_entries/gold/seel.asm	10	0	next	in frigid seas.@	
data.pokemon.dex_entries.gold.sentret:1:0	text	data/pokemon/dex_entries/gold/sentret.asm	1	0	db	SCOUT@	
data.pokemon.dex_entries.gold.sentret:4:0	text	data/pokemon/dex_entries/gold/sentret.asm	4	0	db	A very cautious	
data.pokemon.dex_entries.gold.sentret:5:0	text	data/pokemon/dex_entries/gold/sentret.asm	5	0	next	#MON, it raises	
data.pokemon.dex_entries.gold.sentret:6:0	text	data/pokemon/dex_entries/gold/sentret.asm	6	0	next	itself up using	
data.pokemon.dex_entries.gold.sentret:8:0	text	data/pokemon/dex_entries/gold/sentret.asm	8	0	page	its tail to get a	
data.pokemon.dex_entries.gold.sentret:9:0	text	data/pokemon/dex_entries/gold/sentret.asm	9	0	next	better view of its	
data.pokemon.dex_entries.gold.sentret:10:0	text	data/pokemon/dex_entries/gold/sentret.asm	10	0	next	surroundings.@	
data.pokemon.dex_entries.gold.shellder:1:0	text	data/pokemon/dex_entries/gold/shellder.asm	1	0	db	BIVALVE@	
data.pokemon.dex_entries.gold.shellder:4:0	text	data/pokemon/dex_entries/gold/shellder.asm	4	0	db	It swims facing	
data.pokemon.dex_entries.gold.shellder:5:0	text	data/pokemon/dex_entries/gold/shellder.asm	5	0	next	backward by open-	
data.pokemon.dex_entries.gold.shellder:6:0	text	data/pokemon/dex_entries/gold/shellder.asm	6	0	next	ing and closing	
data.pokemon.dex_entries.gold.shellder:8:0	text	data/pokemon/dex_entries/gold/shellder.asm	8	0	page	its two-piece	
data.pokemon.dex_entries.gold.shellder:9:0	text	data/pokemon/dex_entries/gold/shellder.asm	9	0	next	shell. It is	
data.pokemon.dex_entries.gold.shellder:10:0	text	data/pokemon/dex_entries/gold/shellder.asm	10	0	next	surprisingly fast.@	
data.pokemon.dex_entries.gold.shuckle:1:0	text	data/pokemon/dex_entries/gold/shuckle.asm	1	0	db	MOLD@	
data.pokemon.dex_entries.gold.shuckle:4:0	text	data/pokemon/dex_entries/gold/shuckle.asm	4	0	db	The BERRIES it	
data.pokemon.dex_entries.gold.shuckle:5:0	text	data/pokemon/dex_entries/gold/shuckle.asm	5	0	next	stores in its	
data.pokemon.dex_entries.gold.shuckle:6:0	text	data/pokemon/dex_entries/gold/shuckle.asm	6	0	next	vase-like shell	
data.pokemon.dex_entries.gold.shuckle:8:0	text	data/pokemon/dex_entries/gold/shuckle.asm	8	0	page	decompose and	
data.pokemon.dex_entries.gold.shuckle:9:0	text	data/pokemon/dex_entries/gold/shuckle.asm	9	0	next	become a gooey	
data.pokemon.dex_entries.gold.shuckle:10:0	text	data/pokemon/dex_entries/gold/shuckle.asm	10	0	next	liquid.@	
data.pokemon.dex_entries.gold.skarmory:1:0	text	data/pokemon/dex_entries/gold/skarmory.asm	1	0	db	ARMOR BIRD@	
data.pokemon.dex_entries.gold.skarmory:4:0	text	data/pokemon/dex_entries/gold/skarmory.asm	4	0	db	Its sturdy wings	
data.pokemon.dex_entries.gold.skarmory:5:0	text	data/pokemon/dex_entries/gold/skarmory.asm	5	0	next	look heavy, but	
data.pokemon.dex_entries.gold.skarmory:6:0	text	data/pokemon/dex_entries/gold/skarmory.asm	6	0	next	they are actually	
data.pokemon.dex_entries.gold.skarmory:8:0	text	data/pokemon/dex_entries/gold/skarmory.asm	8	0	page	hollow and light,	
data.pokemon.dex_entries.gold.skarmory:9:0	text	data/pokemon/dex_entries/gold/skarmory.asm	9	0	next	allowing it to fly	
data.pokemon.dex_entries.gold.skarmory:10:0	text	data/pokemon/dex_entries/gold/skarmory.asm	10	0	next	freely in the sky.@	
data.pokemon.dex_entries.gold.skiploom:1:0	text	data/pokemon/dex_entries/gold/skiploom.asm	1	0	db	COTTONWEED@	
data.pokemon.dex_entries.gold.skiploom:4:0	text	data/pokemon/dex_entries/gold/skiploom.asm	4	0	db	The bloom on top	
data.pokemon.dex_entries.gold.skiploom:5:0	text	data/pokemon/dex_entries/gold/skiploom.asm	5	0	next	of its head opens	
data.pokemon.dex_entries.gold.skiploom:6:0	text	data/pokemon/dex_entries/gold/skiploom.asm	6	0	next	and closes as the	
data.pokemon.dex_entries.gold.skiploom:8:0	text	data/pokemon/dex_entries/gold/skiploom.asm	8	0	page	temperature fluc-	
data.pokemon.dex_entries.gold.skiploom:9:0	text	data/pokemon/dex_entries/gold/skiploom.asm	9	0	next	tuates up and	
data.pokemon.dex_entries.gold.skiploom:10:0	text	data/pokemon/dex_entries/gold/skiploom.asm	10	0	next	down.@	
data.pokemon.dex_entries.gold.slowbro:1:0	text	data/pokemon/dex_entries/gold/slowbro.asm	1	0	db	HERMITCRAB@	
data.pokemon.dex_entries.gold.slowbro:4:0	text	data/pokemon/dex_entries/gold/slowbro.asm	4	0	db	If the tail-biting	
data.pokemon.dex_entries.gold.slowbro:5:0	text	data/pokemon/dex_entries/gold/slowbro.asm	5	0	next	SHELLDER is thrown	
data.pokemon.dex_entries.gold.slowbro:6:0	text	data/pokemon/dex_entries/gold/slowbro.asm	6	0	next	off in a harsh	
data.pokemon.dex_entries.gold.slowbro:8:0	text	data/pokemon/dex_entries/gold/slowbro.asm	8	0	page	battle, it reverts	
data.pokemon.dex_entries.gold.slowbro:9:0	text	data/pokemon/dex_entries/gold/slowbro.asm	9	0	next	to being an ordi-	
data.pokemon.dex_entries.gold.slowbro:10:0	text	data/pokemon/dex_entries/gold/slowbro.asm	10	0	next	nary SLOWPOKE.@	
data.pokemon.dex_entries.gold.slowking:1:0	text	data/pokemon/dex_entries/gold/slowking.asm	1	0	db	ROYAL@	
data.pokemon.dex_entries.gold.slowking:4:0	text	data/pokemon/dex_entries/gold/slowking.asm	4	0	db	It has incredible	
data.pokemon.dex_entries.gold.slowking:5:0	text	data/pokemon/dex_entries/gold/slowking.asm	5	0	next	intellect and in-	
data.pokemon.dex_entries.gold.slowking:6:0	text	data/pokemon/dex_entries/gold/slowking.asm	6	0	next	tuition. Whatever	
data.pokemon.dex_entries.gold.slowking:8:0	text	data/pokemon/dex_entries/gold/slowking.asm	8	0	page	the situation, it	
data.pokemon.dex_entries.gold.slowking:9:0	text	data/pokemon/dex_entries/gold/slowking.asm	9	0	next	remains calm and	
data.pokemon.dex_entries.gold.slowking:10:0	text	data/pokemon/dex_entries/gold/slowking.asm	10	0	next	collected.@	
data.pokemon.dex_entries.gold.slowpoke:1:0	text	data/pokemon/dex_entries/gold/slowpoke.asm	1	0	db	DOPEY@	
data.pokemon.dex_entries.gold.slowpoke:4:0	text	data/pokemon/dex_entries/gold/slowpoke.asm	4	0	db	It lazes vacantly	
data.pokemon.dex_entries.gold.slowpoke:5:0	text	data/pokemon/dex_entries/gold/slowpoke.asm	5	0	next	near water. If	
data.pokemon.dex_entries.gold.slowpoke:6:0	text	data/pokemon/dex_entries/gold/slowpoke.asm	6	0	next	something bites	
data.pokemon.dex_entries.gold.slowpoke:8:0	text	data/pokemon/dex_entries/gold/slowpoke.asm	8	0	page	its tail, it won't	
data.pokemon.dex_entries.gold.slowpoke:9:0	text	data/pokemon/dex_entries/gold/slowpoke.asm	9	0	next	even notice for a	
data.pokemon.dex_entries.gold.slowpoke:10:0	text	data/pokemon/dex_entries/gold/slowpoke.asm	10	0	next	whole day.@	
data.pokemon.dex_entries.gold.slugma:1:0	text	data/pokemon/dex_entries/gold/slugma.asm	1	0	db	LAVA@	
data.pokemon.dex_entries.gold.slugma:4:0	text	data/pokemon/dex_entries/gold/slugma.asm	4	0	db	It never sleeps.	
data.pokemon.dex_entries.gold.slugma:5:0	text	data/pokemon/dex_entries/gold/slugma.asm	5	0	next	It has to keep	
data.pokemon.dex_entries.gold.slugma:6:0	text	data/pokemon/dex_entries/gold/slugma.asm	6	0	next	moving because if	
data.pokemon.dex_entries.gold.slugma:8:0	text	data/pokemon/dex_entries/gold/slugma.asm	8	0	page	it stopped, its	
data.pokemon.dex_entries.gold.slugma:9:0	text	data/pokemon/dex_entries/gold/slugma.asm	9	0	next	magma body would	
data.pokemon.dex_entries.gold.slugma:10:0	text	data/pokemon/dex_entries/gold/slugma.asm	10	0	next	cool and harden.@	
data.pokemon.dex_entries.gold.smeargle:1:0	text	data/pokemon/dex_entries/gold/smeargle.asm	1	0	db	PAINTER@	
data.pokemon.dex_entries.gold.smeargle:4:0	text	data/pokemon/dex_entries/gold/smeargle.asm	4	0	db	A special fluid	
data.pokemon.dex_entries.gold.smeargle:5:0	text	data/pokemon/dex_entries/gold/smeargle.asm	5	0	next	oozes from the tip	
data.pokemon.dex_entries.gold.smeargle:6:0	text	data/pokemon/dex_entries/gold/smeargle.asm	6	0	next	of its tail. It	
data.pokemon.dex_entries.gold.smeargle:8:0	text	data/pokemon/dex_entries/gold/smeargle.asm	8	0	page	paints the fluid	
data.pokemon.dex_entries.gold.smeargle:9:0	text	data/pokemon/dex_entries/gold/smeargle.asm	9	0	next	everywhere to mark	
data.pokemon.dex_entries.gold.smeargle:10:0	text	data/pokemon/dex_entries/gold/smeargle.asm	10	0	next	its territory.@	
data.pokemon.dex_entries.gold.smoochum:1:0	text	data/pokemon/dex_entries/gold/smoochum.asm	1	0	db	KISS@	
data.pokemon.dex_entries.gold.smoochum:4:0	text	data/pokemon/dex_entries/gold/smoochum.asm	4	0	db	Its lips are the	
data.pokemon.dex_entries.gold.smoochum:5:0	text	data/pokemon/dex_entries/gold/smoochum.asm	5	0	next	most sensitive	
data.pokemon.dex_entries.gold.smoochum:6:0	text	data/pokemon/dex_entries/gold/smoochum.asm	6	0	next	parts on its body.	
data.pokemon.dex_entries.gold.smoochum:8:0	text	data/pokemon/dex_entries/gold/smoochum.asm	8	0	page	It always uses its	
data.pokemon.dex_entries.gold.smoochum:9:0	text	data/pokemon/dex_entries/gold/smoochum.asm	9	0	next	lips first to	
data.pokemon.dex_entries.gold.smoochum:10:0	text	data/pokemon/dex_entries/gold/smoochum.asm	10	0	next	examine things.@	
data.pokemon.dex_entries.gold.sneasel:1:0	text	data/pokemon/dex_entries/gold/sneasel.asm	1	0	db	SHARP CLAW@	
data.pokemon.dex_entries.gold.sneasel:4:0	text	data/pokemon/dex_entries/gold/sneasel.asm	4	0	db	Its paws conceal	
data.pokemon.dex_entries.gold.sneasel:5:0	text	data/pokemon/dex_entries/gold/sneasel.asm	5	0	next	sharp claws. If	
data.pokemon.dex_entries.gold.sneasel:6:0	text	data/pokemon/dex_entries/gold/sneasel.asm	6	0	next	attacked, it sud-	
data.pokemon.dex_entries.gold.sneasel:8:0	text	data/pokemon/dex_entries/gold/sneasel.asm	8	0	page	denly extends the	
data.pokemon.dex_entries.gold.sneasel:9:0	text	data/pokemon/dex_entries/gold/sneasel.asm	9	0	next	claws and startles	
data.pokemon.dex_entries.gold.sneasel:10:0	text	data/pokemon/dex_entries/gold/sneasel.asm	10	0	next	its enemy.@	
data.pokemon.dex_entries.gold.snorlax:1:0	text	data/pokemon/dex_entries/gold/snorlax.asm	1	0	db	SLEEPING@	
data.pokemon.dex_entries.gold.snorlax:4:0	text	data/pokemon/dex_entries/gold/snorlax.asm	4	0	db	What sounds like	
data.pokemon.dex_entries.gold.snorlax:5:0	text	data/pokemon/dex_entries/gold/snorlax.asm	5	0	next	its cry may ac-	
data.pokemon.dex_entries.gold.snorlax:6:0	text	data/pokemon/dex_entries/gold/snorlax.asm	6	0	next	tually be its	
data.pokemon.dex_entries.gold.snorlax:8:0	text	data/pokemon/dex_entries/gold/snorlax.asm	8	0	page	snores or the	
data.pokemon.dex_entries.gold.snorlax:9:0	text	data/pokemon/dex_entries/gold/snorlax.asm	9	0	next	rumblings of its	
data.pokemon.dex_entries.gold.snorlax:10:0	text	data/pokemon/dex_entries/gold/snorlax.asm	10	0	next	hungry belly.@	
data.pokemon.dex_entries.gold.snubbull:1:0	text	data/pokemon/dex_entries/gold/snubbull.asm	1	0	db	FAIRY@	
data.pokemon.dex_entries.gold.snubbull:4:0	text	data/pokemon/dex_entries/gold/snubbull.asm	4	0	db	Although it looks	
data.pokemon.dex_entries.gold.snubbull:5:0	text	data/pokemon/dex_entries/gold/snubbull.asm	5	0	next	frightening, it is	
data.pokemon.dex_entries.gold.snubbull:6:0	text	data/pokemon/dex_entries/gold/snubbull.asm	6	0	next	actually kind and	
data.pokemon.dex_entries.gold.snubbull:8:0	text	data/pokemon/dex_entries/gold/snubbull.asm	8	0	page	affectionate. It	
data.pokemon.dex_entries.gold.snubbull:9:0	text	data/pokemon/dex_entries/gold/snubbull.asm	9	0	next	is very popular	
data.pokemon.dex_entries.gold.snubbull:10:0	text	data/pokemon/dex_entries/gold/snubbull.asm	10	0	next	among women.@	
data.pokemon.dex_entries.gold.spearow:1:0	text	data/pokemon/dex_entries/gold/spearow.asm	1	0	db	TINY BIRD@	
data.pokemon.dex_entries.gold.spearow:4:0	text	data/pokemon/dex_entries/gold/spearow.asm	4	0	db	It flaps its short	
data.pokemon.dex_entries.gold.spearow:5:0	text	data/pokemon/dex_entries/gold/spearow.asm	5	0	next	wings to flush out	
data.pokemon.dex_entries.gold.spearow:6:0	text	data/pokemon/dex_entries/gold/spearow.asm	6	0	next	insects from tall	
data.pokemon.dex_entries.gold.spearow:8:0	text	data/pokemon/dex_entries/gold/spearow.asm	8	0	page	grass. It then	
data.pokemon.dex_entries.gold.spearow:9:0	text	data/pokemon/dex_entries/gold/spearow.asm	9	0	next	plucks them with	
data.pokemon.dex_entries.gold.spearow:10:0	text	data/pokemon/dex_entries/gold/spearow.asm	10	0	next	its stubby beak.@	
data.pokemon.dex_entries.gold.spinarak:1:0	text	data/pokemon/dex_entries/gold/spinarak.asm	1	0	db	STRINGSPIT@	
data.pokemon.dex_entries.gold.spinarak:4:0	text	data/pokemon/dex_entries/gold/spinarak.asm	4	0	db	It lies still in	
data.pokemon.dex_entries.gold.spinarak:5:0	text	data/pokemon/dex_entries/gold/spinarak.asm	5	0	next	the same pose for	
data.pokemon.dex_entries.gold.spinarak:6:0	text	data/pokemon/dex_entries/gold/spinarak.asm	6	0	next	days in its web,	
data.pokemon.dex_entries.gold.spinarak:8:0	text	data/pokemon/dex_entries/gold/spinarak.asm	8	0	page	waiting for its	
data.pokemon.dex_entries.gold.spinarak:9:0	text	data/pokemon/dex_entries/gold/spinarak.asm	9	0	next	unsuspecting prey	
data.pokemon.dex_entries.gold.spinarak:10:0	text	data/pokemon/dex_entries/gold/spinarak.asm	10	0	next	to wander close.@	
data.pokemon.dex_entries.gold.squirtle:1:0	text	data/pokemon/dex_entries/gold/squirtle.asm	1	0	db	TINYTURTLE@	
data.pokemon.dex_entries.gold.squirtle:4:0	text	data/pokemon/dex_entries/gold/squirtle.asm	4	0	db	The shell is soft	
data.pokemon.dex_entries.gold.squirtle:5:0	text	data/pokemon/dex_entries/gold/squirtle.asm	5	0	next	when it is born.	
data.pokemon.dex_entries.gold.squirtle:6:0	text	data/pokemon/dex_entries/gold/squirtle.asm	6	0	next	It soon becomes so	
data.pokemon.dex_entries.gold.squirtle:8:0	text	data/pokemon/dex_entries/gold/squirtle.asm	8	0	page	resilient, prod-	
data.pokemon.dex_entries.gold.squirtle:9:0	text	data/pokemon/dex_entries/gold/squirtle.asm	9	0	next	ding fingers will	
data.pokemon.dex_entries.gold.squirtle:10:0	text	data/pokemon/dex_entries/gold/squirtle.asm	10	0	next	bounce off it.@	
data.pokemon.dex_entries.gold.stantler:1:0	text	data/pokemon/dex_entries/gold/stantler.asm	1	0	db	BIG HORN@	
data.pokemon.dex_entries.gold.stantler:4:0	text	data/pokemon/dex_entries/gold/stantler.asm	4	0	db	The curved antlers	
data.pokemon.dex_entries.gold.stantler:5:0	text	data/pokemon/dex_entries/gold/stantler.asm	5	0	next	subtly change the	
data.pokemon.dex_entries.gold.stantler:6:0	text	data/pokemon/dex_entries/gold/stantler.asm	6	0	next	flow of air to	
data.pokemon.dex_entries.gold.stantler:8:0	text	data/pokemon/dex_entries/gold/stantler.asm	8	0	page	create a strange	
data.pokemon.dex_entries.gold.stantler:9:0	text	data/pokemon/dex_entries/gold/stantler.asm	9	0	next	space where real-	
data.pokemon.dex_entries.gold.stantler:10:0	text	data/pokemon/dex_entries/gold/stantler.asm	10	0	next	ity is distorted.@	
data.pokemon.dex_entries.gold.starmie:1:0	text	data/pokemon/dex_entries/gold/starmie.asm	1	0	db	MYSTERIOUS@	
data.pokemon.dex_entries.gold.starmie:4:0	text	data/pokemon/dex_entries/gold/starmie.asm	4	0	db	The center section	
data.pokemon.dex_entries.gold.starmie:5:0	text	data/pokemon/dex_entries/gold/starmie.asm	5	0	next	of its body is	
data.pokemon.dex_entries.gold.starmie:6:0	text	data/pokemon/dex_entries/gold/starmie.asm	6	0	next	called the core.	
data.pokemon.dex_entries.gold.starmie:8:0	text	data/pokemon/dex_entries/gold/starmie.asm	8	0	page	It glows in a dif-	
data.pokemon.dex_entries.gold.starmie:9:0	text	data/pokemon/dex_entries/gold/starmie.asm	9	0	next	ferent color each	
data.pokemon.dex_entries.gold.starmie:10:0	text	data/pokemon/dex_entries/gold/starmie.asm	10	0	next	time it is seen.@	
data.pokemon.dex_entries.gold.staryu:1:0	text	data/pokemon/dex_entries/gold/staryu.asm	1	0	db	STARSHAPE@	
data.pokemon.dex_entries.gold.staryu:4:0	text	data/pokemon/dex_entries/gold/staryu.asm	4	0	db	At night, the cen-	
data.pokemon.dex_entries.gold.staryu:5:0	text	data/pokemon/dex_entries/gold/staryu.asm	5	0	next	ter of its body	
data.pokemon.dex_entries.gold.staryu:6:0	text	data/pokemon/dex_entries/gold/staryu.asm	6	0	next	slowly flickers	
data.pokemon.dex_entries.gold.staryu:8:0	text	data/pokemon/dex_entries/gold/staryu.asm	8	0	page	with the same	
data.pokemon.dex_entries.gold.staryu:9:0	text	data/pokemon/dex_entries/gold/staryu.asm	9	0	next	rhythm as a human	
data.pokemon.dex_entries.gold.staryu:10:0	text	data/pokemon/dex_entries/gold/staryu.asm	10	0	next	heartbeat.@	
data.pokemon.dex_entries.gold.steelix:1:0	text	data/pokemon/dex_entries/gold/steelix.asm	1	0	db	IRON SNAKE@	
data.pokemon.dex_entries.gold.steelix:4:0	text	data/pokemon/dex_entries/gold/steelix.asm	4	0	db	Its body has been	
data.pokemon.dex_entries.gold.steelix:5:0	text	data/pokemon/dex_entries/gold/steelix.asm	5	0	next	compressed deep	
data.pokemon.dex_entries.gold.steelix:6:0	text	data/pokemon/dex_entries/gold/steelix.asm	6	0	next	under the ground.	
data.pokemon.dex_entries.gold.steelix:8:0	text	data/pokemon/dex_entries/gold/steelix.asm	8	0	page	As a result, it is	
data.pokemon.dex_entries.gold.steelix:9:0	text	data/pokemon/dex_entries/gold/steelix.asm	9	0	next	even harder than a	
data.pokemon.dex_entries.gold.steelix:10:0	text	data/pokemon/dex_entries/gold/steelix.asm	10	0	next	diamond.@	
data.pokemon.dex_entries.gold.sudowoodo:1:0	text	data/pokemon/dex_entries/gold/sudowoodo.asm	1	0	db	IMITATION@	
data.pokemon.dex_entries.gold.sudowoodo:4:0	text	data/pokemon/dex_entries/gold/sudowoodo.asm	4	0	db	Although it always	
data.pokemon.dex_entries.gold.sudowoodo:5:0	text	data/pokemon/dex_entries/gold/sudowoodo.asm	5	0	next	pretends to be a	
data.pokemon.dex_entries.gold.sudowoodo:6:0	text	data/pokemon/dex_entries/gold/sudowoodo.asm	6	0	next	tree, its composi-	
data.pokemon.dex_entries.gold.sudowoodo:8:0	text	data/pokemon/dex_entries/gold/sudowoodo.asm	8	0	page	tion appears to be	
data.pokemon.dex_entries.gold.sudowoodo:9:0	text	data/pokemon/dex_entries/gold/sudowoodo.asm	9	0	next	closer to a rock	
data.pokemon.dex_entries.gold.sudowoodo:10:0	text	data/pokemon/dex_entries/gold/sudowoodo.asm	10	0	next	than a plant.@	
data.pokemon.dex_entries.gold.suicune:1:0	text	data/pokemon/dex_entries/gold/suicune.asm	1	0	db	AURORA@	
data.pokemon.dex_entries.gold.suicune:4:0	text	data/pokemon/dex_entries/gold/suicune.asm	4	0	db	Said to be the	
data.pokemon.dex_entries.gold.suicune:5:0	text	data/pokemon/dex_entries/gold/suicune.asm	5	0	next	reincarnation of	
data.pokemon.dex_entries.gold.suicune:6:0	text	data/pokemon/dex_entries/gold/suicune.asm	6	0	next	north winds, it	
data.pokemon.dex_entries.gold.suicune:8:0	text	data/pokemon/dex_entries/gold/suicune.asm	8	0	page	can instantly	
data.pokemon.dex_entries.gold.suicune:9:0	text	data/pokemon/dex_entries/gold/suicune.asm	9	0	next	purify filthy,	
data.pokemon.dex_entries.gold.suicune:10:0	text	data/pokemon/dex_entries/gold/suicune.asm	10	0	next	murky water.@	
data.pokemon.dex_entries.gold.sunflora:1:0	text	data/pokemon/dex_entries/gold/sunflora.asm	1	0	db	SUN@	
data.pokemon.dex_entries.gold.sunflora:4:0	text	data/pokemon/dex_entries/gold/sunflora.asm	4	0	db	It converts sun-	
data.pokemon.dex_entries.gold.sunflora:5:0	text	data/pokemon/dex_entries/gold/sunflora.asm	5	0	next	light into energy.	
data.pokemon.dex_entries.gold.sunflora:6:0	text	data/pokemon/dex_entries/gold/sunflora.asm	6	0	next	In the darkness	
data.pokemon.dex_entries.gold.sunflora:8:0	text	data/pokemon/dex_entries/gold/sunflora.asm	8	0	page	after sunset, it	
data.pokemon.dex_entries.gold.sunflora:9:0	text	data/pokemon/dex_entries/gold/sunflora.asm	9	0	next	closes its petals	
data.pokemon.dex_entries.gold.sunflora:10:0	text	data/pokemon/dex_entries/gold/sunflora.asm	10	0	next	and becomes still.@	
data.pokemon.dex_entries.gold.sunkern:1:0	text	data/pokemon/dex_entries/gold/sunkern.asm	1	0	db	SEED@	
data.pokemon.dex_entries.gold.sunkern:4:0	text	data/pokemon/dex_entries/gold/sunkern.asm	4	0	db	It may drop out of	
data.pokemon.dex_entries.gold.sunkern:5:0	text	data/pokemon/dex_entries/gold/sunkern.asm	5	0	next	the sky suddenly.	
data.pokemon.dex_entries.gold.sunkern:6:0	text	data/pokemon/dex_entries/gold/sunkern.asm	6	0	next	If attacked by a	
data.pokemon.dex_entries.gold.sunkern:8:0	text	data/pokemon/dex_entries/gold/sunkern.asm	8	0	page	SPEAROW, it will	
data.pokemon.dex_entries.gold.sunkern:9:0	text	data/pokemon/dex_entries/gold/sunkern.asm	9	0	next	violently shake	
data.pokemon.dex_entries.gold.sunkern:10:0	text	data/pokemon/dex_entries/gold/sunkern.asm	10	0	next	its leaves.@	
data.pokemon.dex_entries.gold.swinub:1:0	text	data/pokemon/dex_entries/gold/swinub.asm	1	0	db	PIG@	
data.pokemon.dex_entries.gold.swinub:4:0	text	data/pokemon/dex_entries/gold/swinub.asm	4	0	db	It rubs its snout	
data.pokemon.dex_entries.gold.swinub:5:0	text	data/pokemon/dex_entries/gold/swinub.asm	5	0	next	on the ground to	
data.pokemon.dex_entries.gold.swinub:6:0	text	data/pokemon/dex_entries/gold/swinub.asm	6	0	next	find and dig up	
data.pokemon.dex_entries.gold.swinub:8:0	text	data/pokemon/dex_entries/gold/swinub.asm	8	0	page	food. It sometimes	
data.pokemon.dex_entries.gold.swinub:9:0	text	data/pokemon/dex_entries/gold/swinub.asm	9	0	next	discovers hot	
data.pokemon.dex_entries.gold.swinub:10:0	text	data/pokemon/dex_entries/gold/swinub.asm	10	0	next	springs.@	
data.pokemon.dex_entries.gold.tangela:1:0	text	data/pokemon/dex_entries/gold/tangela.asm	1	0	db	VINE@	
data.pokemon.dex_entries.gold.tangela:4:0	text	data/pokemon/dex_entries/gold/tangela.asm	4	0	db	The vines that	
data.pokemon.dex_entries.gold.tangela:5:0	text	data/pokemon/dex_entries/gold/tangela.asm	5	0	next	cloak its entire	
data.pokemon.dex_entries.gold.tangela:6:0	text	data/pokemon/dex_entries/gold/tangela.asm	6	0	next	body are always	
data.pokemon.dex_entries.gold.tangela:8:0	text	data/pokemon/dex_entries/gold/tangela.asm	8	0	page	jiggling. They	
data.pokemon.dex_entries.gold.tangela:9:0	text	data/pokemon/dex_entries/gold/tangela.asm	9	0	next	effectively un-	
data.pokemon.dex_entries.gold.tangela:10:0	text	data/pokemon/dex_entries/gold/tangela.asm	10	0	next	nerve its foes.@	
data.pokemon.dex_entries.gold.tauros:1:0	text	data/pokemon/dex_entries/gold/tauros.asm	1	0	db	WILD BULL@	
data.pokemon.dex_entries.gold.tauros:4:0	text	data/pokemon/dex_entries/gold/tauros.asm	4	0	db	They fight each	
data.pokemon.dex_entries.gold.tauros:5:0	text	data/pokemon/dex_entries/gold/tauros.asm	5	0	next	other by locking	
data.pokemon.dex_entries.gold.tauros:6:0	text	data/pokemon/dex_entries/gold/tauros.asm	6	0	next	horns. The herd's	
data.pokemon.dex_entries.gold.tauros:8:0	text	data/pokemon/dex_entries/gold/tauros.asm	8	0	page	protector takes	
data.pokemon.dex_entries.gold.tauros:9:0	text	data/pokemon/dex_entries/gold/tauros.asm	9	0	next	pride in its bat-	
data.pokemon.dex_entries.gold.tauros:10:0	text	data/pokemon/dex_entries/gold/tauros.asm	10	0	next	tle-scarred horns.@	
data.pokemon.dex_entries.gold.teddiursa:1:0	text	data/pokemon/dex_entries/gold/teddiursa.asm	1	0	db	LITTLEBEAR@	
data.pokemon.dex_entries.gold.teddiursa:4:0	text	data/pokemon/dex_entries/gold/teddiursa.asm	4	0	db	If it finds honey,	
data.pokemon.dex_entries.gold.teddiursa:5:0	text	data/pokemon/dex_entries/gold/teddiursa.asm	5	0	next	its crescent mark	
data.pokemon.dex_entries.gold.teddiursa:6:0	text	data/pokemon/dex_entries/gold/teddiursa.asm	6	0	next	glows. It always	
data.pokemon.dex_entries.gold.teddiursa:8:0	text	data/pokemon/dex_entries/gold/teddiursa.asm	8	0	page	licks its paws	
data.pokemon.dex_entries.gold.teddiursa:9:0	text	data/pokemon/dex_entries/gold/teddiursa.asm	9	0	next	because they are	
data.pokemon.dex_entries.gold.teddiursa:10:0	text	data/pokemon/dex_entries/gold/teddiursa.asm	10	0	next	soaked with honey.@	
data.pokemon.dex_entries.gold.tentacool:1:0	text	data/pokemon/dex_entries/gold/tentacool.asm	1	0	db	JELLYFISH@	
data.pokemon.dex_entries.gold.tentacool:4:0	text	data/pokemon/dex_entries/gold/tentacool.asm	4	0	db	When the tide goes	
data.pokemon.dex_entries.gold.tentacool:5:0	text	data/pokemon/dex_entries/gold/tentacool.asm	5	0	next	out, dehydrated	
data.pokemon.dex_entries.gold.tentacool:6:0	text	data/pokemon/dex_entries/gold/tentacool.asm	6	0	next	TENTACOOL remains	
data.pokemon.dex_entries.gold.tentacool:8:0	text	data/pokemon/dex_entries/gold/tentacool.asm	8	0	page	can be found	
data.pokemon.dex_entries.gold.tentacool:9:0	text	data/pokemon/dex_entries/gold/tentacool.asm	9	0	next	washed up on the	
data.pokemon.dex_entries.gold.tentacool:10:0	text	data/pokemon/dex_entries/gold/tentacool.asm	10	0	next	shore.@	
data.pokemon.dex_entries.gold.tentacruel:1:0	text	data/pokemon/dex_entries/gold/tentacruel.asm	1	0	db	JELLYFISH@	
data.pokemon.dex_entries.gold.tentacruel:4:0	text	data/pokemon/dex_entries/gold/tentacruel.asm	4	0	db	Its 80 tentacles	
data.pokemon.dex_entries.gold.tentacruel:5:0	text	data/pokemon/dex_entries/gold/tentacruel.asm	5	0	next	absorb water and	
data.pokemon.dex_entries.gold.tentacruel:6:0	text	data/pokemon/dex_entries/gold/tentacruel.asm	6	0	next	stretch almost	
data.pokemon.dex_entries.gold.tentacruel:8:0	text	data/pokemon/dex_entries/gold/tentacruel.asm	8	0	page	endlessly to CON-	
data.pokemon.dex_entries.gold.tentacruel:9:0	text	data/pokemon/dex_entries/gold/tentacruel.asm	9	0	next	STRICT its prey	
data.pokemon.dex_entries.gold.tentacruel:10:0	text	data/pokemon/dex_entries/gold/tentacruel.asm	10	0	next	and enemies.@	
data.pokemon.dex_entries.gold.togepi:1:0	text	data/pokemon/dex_entries/gold/togepi.asm	1	0	db	SPIKE BALL@	
data.pokemon.dex_entries.gold.togepi:4:0	text	data/pokemon/dex_entries/gold/togepi.asm	4	0	db	The shell seems to	
data.pokemon.dex_entries.gold.togepi:5:0	text	data/pokemon/dex_entries/gold/togepi.asm	5	0	next	be filled with	
data.pokemon.dex_entries.gold.togepi:6:0	text	data/pokemon/dex_entries/gold/togepi.asm	6	0	next	joy. It is said	
data.pokemon.dex_entries.gold.togepi:8:0	text	data/pokemon/dex_entries/gold/togepi.asm	8	0	page	that it will share	
data.pokemon.dex_entries.gold.togepi:9:0	text	data/pokemon/dex_entries/gold/togepi.asm	9	0	next	good luck when	
data.pokemon.dex_entries.gold.togepi:10:0	text	data/pokemon/dex_entries/gold/togepi.asm	10	0	next	treated kindly.@	
data.pokemon.dex_entries.gold.togetic:1:0	text	data/pokemon/dex_entries/gold/togetic.asm	1	0	db	HAPPINESS@	
data.pokemon.dex_entries.gold.togetic:4:0	text	data/pokemon/dex_entries/gold/togetic.asm	4	0	db	They say that it	
data.pokemon.dex_entries.gold.togetic:5:0	text	data/pokemon/dex_entries/gold/togetic.asm	5	0	next	will appear before	
data.pokemon.dex_entries.gold.togetic:6:0	text	data/pokemon/dex_entries/gold/togetic.asm	6	0	next	kindhearted, car-	
data.pokemon.dex_entries.gold.togetic:8:0	text	data/pokemon/dex_entries/gold/togetic.asm	8	0	page	ing people and	
data.pokemon.dex_entries.gold.togetic:9:0	text	data/pokemon/dex_entries/gold/togetic.asm	9	0	next	shower them with	
data.pokemon.dex_entries.gold.togetic:10:0	text	data/pokemon/dex_entries/gold/togetic.asm	10	0	next	happiness.@	
data.pokemon.dex_entries.gold.totodile:1:0	text	data/pokemon/dex_entries/gold/totodile.asm	1	0	db	BIG JAW@	
data.pokemon.dex_entries.gold.totodile:4:0	text	data/pokemon/dex_entries/gold/totodile.asm	4	0	db	Its well-developed	
data.pokemon.dex_entries.gold.totodile:5:0	text	data/pokemon/dex_entries/gold/totodile.asm	5	0	next	jaws are powerful	
data.pokemon.dex_entries.gold.totodile:6:0	text	data/pokemon/dex_entries/gold/totodile.asm	6	0	next	and capable of	
data.pokemon.dex_entries.gold.totodile:8:0	text	data/pokemon/dex_entries/gold/totodile.asm	8	0	page	crushing anything.	
data.pokemon.dex_entries.gold.totodile:9:0	text	data/pokemon/dex_entries/gold/totodile.asm	9	0	next	Even its trainer	
data.pokemon.dex_entries.gold.totodile:10:0	text	data/pokemon/dex_entries/gold/totodile.asm	10	0	next	must be careful.@	
data.pokemon.dex_entries.gold.typhlosion:1:0	text	data/pokemon/dex_entries/gold/typhlosion.asm	1	0	db	VOLCANO@	
data.pokemon.dex_entries.gold.typhlosion:4:0	text	data/pokemon/dex_entries/gold/typhlosion.asm	4	0	db	If its rage peaks,	
data.pokemon.dex_entries.gold.typhlosion:5:0	text	data/pokemon/dex_entries/gold/typhlosion.asm	5	0	next	it becomes so hot	
data.pokemon.dex_entries.gold.typhlosion:6:0	text	data/pokemon/dex_entries/gold/typhlosion.asm	6	0	next	that anything that	
data.pokemon.dex_entries.gold.typhlosion:8:0	text	data/pokemon/dex_entries/gold/typhlosion.asm	8	0	page	touches it will	
data.pokemon.dex_entries.gold.typhlosion:9:0	text	data/pokemon/dex_entries/gold/typhlosion.asm	9	0	next	instantly go	
data.pokemon.dex_entries.gold.typhlosion:10:0	text	data/pokemon/dex_entries/gold/typhlosion.asm	10	0	next	up in flames.@	
data.pokemon.dex_entries.gold.tyranitar:1:0	text	data/pokemon/dex_entries/gold/tyranitar.asm	1	0	db	ARMOR@	
data.pokemon.dex_entries.gold.tyranitar:4:0	text	data/pokemon/dex_entries/gold/tyranitar.asm	4	0	db	Its body can't be	
data.pokemon.dex_entries.gold.tyranitar:5:0	text	data/pokemon/dex_entries/gold/tyranitar.asm	5	0	next	harmed by any sort	
data.pokemon.dex_entries.gold.tyranitar:6:0	text	data/pokemon/dex_entries/gold/tyranitar.asm	6	0	next	of attack, so it	
data.pokemon.dex_entries.gold.tyranitar:8:0	text	data/pokemon/dex_entries/gold/tyranitar.asm	8	0	page	is very eager to	
data.pokemon.dex_entries.gold.tyranitar:9:0	text	data/pokemon/dex_entries/gold/tyranitar.asm	9	0	next	make challenges	
data.pokemon.dex_entries.gold.tyranitar:10:0	text	data/pokemon/dex_entries/gold/tyranitar.asm	10	0	next	against enemies.@	
data.pokemon.dex_entries.gold.tyrogue:1:0	text	data/pokemon/dex_entries/gold/tyrogue.asm	1	0	db	SCUFFLE@	
data.pokemon.dex_entries.gold.tyrogue:4:0	text	data/pokemon/dex_entries/gold/tyrogue.asm	4	0	db	It is always	
data.pokemon.dex_entries.gold.tyrogue:5:0	text	data/pokemon/dex_entries/gold/tyrogue.asm	5	0	next	bursting with en-	
data.pokemon.dex_entries.gold.tyrogue:6:0	text	data/pokemon/dex_entries/gold/tyrogue.asm	6	0	next	ergy. To make it-	
data.pokemon.dex_entries.gold.tyrogue:8:0	text	data/pokemon/dex_entries/gold/tyrogue.asm	8	0	page	self stronger, it	
data.pokemon.dex_entries.gold.tyrogue:9:0	text	data/pokemon/dex_entries/gold/tyrogue.asm	9	0	next	keeps on fighting	
data.pokemon.dex_entries.gold.tyrogue:10:0	text	data/pokemon/dex_entries/gold/tyrogue.asm	10	0	next	even if it loses.@	
data.pokemon.dex_entries.gold.umbreon:1:0	text	data/pokemon/dex_entries/gold/umbreon.asm	1	0	db	MOONLIGHT@	
data.pokemon.dex_entries.gold.umbreon:4:0	text	data/pokemon/dex_entries/gold/umbreon.asm	4	0	db	When agitated,	
data.pokemon.dex_entries.gold.umbreon:5:0	text	data/pokemon/dex_entries/gold/umbreon.asm	5	0	next	this #MON pro-	
data.pokemon.dex_entries.gold.umbreon:6:0	text	data/pokemon/dex_entries/gold/umbreon.asm	6	0	next	tects itself by	
data.pokemon.dex_entries.gold.umbreon:8:0	text	data/pokemon/dex_entries/gold/umbreon.asm	8	0	page	spraying poisonous	
data.pokemon.dex_entries.gold.umbreon:9:0	text	data/pokemon/dex_entries/gold/umbreon.asm	9	0	next	sweat from its	
data.pokemon.dex_entries.gold.umbreon:10:0	text	data/pokemon/dex_entries/gold/umbreon.asm	10	0	next	pores.@	
data.pokemon.dex_entries.gold.unown:1:0	text	data/pokemon/dex_entries/gold/unown.asm	1	0	db	SYMBOL@	
data.pokemon.dex_entries.gold.unown:4:0	text	data/pokemon/dex_entries/gold/unown.asm	4	0	db	Their shapes look	
data.pokemon.dex_entries.gold.unown:5:0	text	data/pokemon/dex_entries/gold/unown.asm	5	0	next	like hieroglyphs	
data.pokemon.dex_entries.gold.unown:6:0	text	data/pokemon/dex_entries/gold/unown.asm	6	0	next	on ancient tab-	
data.pokemon.dex_entries.gold.unown:8:0	text	data/pokemon/dex_entries/gold/unown.asm	8	0	page	lets. It is said	
data.pokemon.dex_entries.gold.unown:9:0	text	data/pokemon/dex_entries/gold/unown.asm	9	0	next	that the two are	
data.pokemon.dex_entries.gold.unown:10:0	text	data/pokemon/dex_entries/gold/unown.asm	10	0	next	somehow related.@	
data.pokemon.dex_entries.gold.ursaring:1:0	text	data/pokemon/dex_entries/gold/ursaring.asm	1	0	db	HIBERNANT@	
data.pokemon.dex_entries.gold.ursaring:4:0	text	data/pokemon/dex_entries/gold/ursaring.asm	4	0	db	Although it is a	
data.pokemon.dex_entries.gold.ursaring:5:0	text	data/pokemon/dex_entries/gold/ursaring.asm	5	0	next	good climber, it	
data.pokemon.dex_entries.gold.ursaring:6:0	text	data/pokemon/dex_entries/gold/ursaring.asm	6	0	next	prefers to snap	
data.pokemon.dex_entries.gold.ursaring:8:0	text	data/pokemon/dex_entries/gold/ursaring.asm	8	0	page	trees with its	
data.pokemon.dex_entries.gold.ursaring:9:0	text	data/pokemon/dex_entries/gold/ursaring.asm	9	0	next	forelegs and eat	
data.pokemon.dex_entries.gold.ursaring:10:0	text	data/pokemon/dex_entries/gold/ursaring.asm	10	0	next	fallen BERRIES.@	
data.pokemon.dex_entries.gold.vaporeon:1:0	text	data/pokemon/dex_entries/gold/vaporeon.asm	1	0	db	BUBBLE JET@	
data.pokemon.dex_entries.gold.vaporeon:4:0	text	data/pokemon/dex_entries/gold/vaporeon.asm	4	0	db	When VAPOREON's	
data.pokemon.dex_entries.gold.vaporeon:5:0	text	data/pokemon/dex_entries/gold/vaporeon.asm	5	0	next	fins begin to vi-	
data.pokemon.dex_entries.gold.vaporeon:6:0	text	data/pokemon/dex_entries/gold/vaporeon.asm	6	0	next	brate, it is a	
data.pokemon.dex_entries.gold.vaporeon:8:0	text	data/pokemon/dex_entries/gold/vaporeon.asm	8	0	page	sign that rain	
data.pokemon.dex_entries.gold.vaporeon:9:0	text	data/pokemon/dex_entries/gold/vaporeon.asm	9	0	next	will come within a	
data.pokemon.dex_entries.gold.vaporeon:10:0	text	data/pokemon/dex_entries/gold/vaporeon.asm	10	0	next	few hours.@	
data.pokemon.dex_entries.gold.venomoth:1:0	text	data/pokemon/dex_entries/gold/venomoth.asm	1	0	db	POISONMOTH@	
data.pokemon.dex_entries.gold.venomoth:4:0	text	data/pokemon/dex_entries/gold/venomoth.asm	4	0	db	When it attacks,	
data.pokemon.dex_entries.gold.venomoth:5:0	text	data/pokemon/dex_entries/gold/venomoth.asm	5	0	next	it flaps its large	
data.pokemon.dex_entries.gold.venomoth:6:0	text	data/pokemon/dex_entries/gold/venomoth.asm	6	0	next	wings violently to	
data.pokemon.dex_entries.gold.venomoth:8:0	text	data/pokemon/dex_entries/gold/venomoth.asm	8	0	page	scatter its poi-	
data.pokemon.dex_entries.gold.venomoth:9:0	text	data/pokemon/dex_entries/gold/venomoth.asm	9	0	next	sonous powder all	
data.pokemon.dex_entries.gold.venomoth:10:0	text	data/pokemon/dex_entries/gold/venomoth.asm	10	0	next	around.@	
data.pokemon.dex_entries.gold.venonat:1:0	text	data/pokemon/dex_entries/gold/venonat.asm	1	0	db	INSECT@	
data.pokemon.dex_entries.gold.venonat:4:0	text	data/pokemon/dex_entries/gold/venonat.asm	4	0	db	Its eyes also	
data.pokemon.dex_entries.gold.venonat:5:0	text	data/pokemon/dex_entries/gold/venonat.asm	5	0	next	function as radar	
data.pokemon.dex_entries.gold.venonat:6:0	text	data/pokemon/dex_entries/gold/venonat.asm	6	0	next	units. It catches	
data.pokemon.dex_entries.gold.venonat:8:0	text	data/pokemon/dex_entries/gold/venonat.asm	8	0	page	and eats small	
data.pokemon.dex_entries.gold.venonat:9:0	text	data/pokemon/dex_entries/gold/venonat.asm	9	0	next	bugs that hide in	
data.pokemon.dex_entries.gold.venonat:10:0	text	data/pokemon/dex_entries/gold/venonat.asm	10	0	next	darkness.@	
data.pokemon.dex_entries.gold.venusaur:1:0	text	data/pokemon/dex_entries/gold/venusaur.asm	1	0	db	SEED@	
data.pokemon.dex_entries.gold.venusaur:4:0	text	data/pokemon/dex_entries/gold/venusaur.asm	4	0	db	By spreading the	
data.pokemon.dex_entries.gold.venusaur:5:0	text	data/pokemon/dex_entries/gold/venusaur.asm	5	0	next	broad petals of	
data.pokemon.dex_entries.gold.venusaur:6:0	text	data/pokemon/dex_entries/gold/venusaur.asm	6	0	next	its flower and	
data.pokemon.dex_entries.gold.venusaur:8:0	text	data/pokemon/dex_entries/gold/venusaur.asm	8	0	page	catching the sun's	
data.pokemon.dex_entries.gold.venusaur:9:0	text	data/pokemon/dex_entries/gold/venusaur.asm	9	0	next	rays, it fills its	
data.pokemon.dex_entries.gold.venusaur:10:0	text	data/pokemon/dex_entries/gold/venusaur.asm	10	0	next	body with power.@	
data.pokemon.dex_entries.gold.victreebel:1:0	text	data/pokemon/dex_entries/gold/victreebel.asm	1	0	db	FLYCATCHER@	
data.pokemon.dex_entries.gold.victreebel:4:0	text	data/pokemon/dex_entries/gold/victreebel.asm	4	0	db	ACID that has dis-	
data.pokemon.dex_entries.gold.victreebel:5:0	text	data/pokemon/dex_entries/gold/victreebel.asm	5	0	next	solved many prey	
data.pokemon.dex_entries.gold.victreebel:6:0	text	data/pokemon/dex_entries/gold/victreebel.asm	6	0	next	becomes sweeter,	
data.pokemon.dex_entries.gold.victreebel:8:0	text	data/pokemon/dex_entries/gold/victreebel.asm	8	0	page	making it even	
data.pokemon.dex_entries.gold.victreebel:9:0	text	data/pokemon/dex_entries/gold/victreebel.asm	9	0	next	more effective at	
data.pokemon.dex_entries.gold.victreebel:10:0	text	data/pokemon/dex_entries/gold/victreebel.asm	10	0	next	attracting prey.@	
data.pokemon.dex_entries.gold.vileplume:1:0	text	data/pokemon/dex_entries/gold/vileplume.asm	1	0	db	FLOWER@	
data.pokemon.dex_entries.gold.vileplume:4:0	text	data/pokemon/dex_entries/gold/vileplume.asm	4	0	db	It has the world's	
data.pokemon.dex_entries.gold.vileplume:5:0	text	data/pokemon/dex_entries/gold/vileplume.asm	5	0	next	largest petals.	
data.pokemon.dex_entries.gold.vileplume:6:0	text	data/pokemon/dex_entries/gold/vileplume.asm	6	0	next	With every step,	
data.pokemon.dex_entries.gold.vileplume:8:0	text	data/pokemon/dex_entries/gold/vileplume.asm	8	0	page	the petals shake	
data.pokemon.dex_entries.gold.vileplume:9:0	text	data/pokemon/dex_entries/gold/vileplume.asm	9	0	next	out heavy clouds	
data.pokemon.dex_entries.gold.vileplume:10:0	text	data/pokemon/dex_entries/gold/vileplume.asm	10	0	next	of toxic pollen.@	
data.pokemon.dex_entries.gold.voltorb:1:0	text	data/pokemon/dex_entries/gold/voltorb.asm	1	0	db	BALL@	
data.pokemon.dex_entries.gold.voltorb:4:0	text	data/pokemon/dex_entries/gold/voltorb.asm	4	0	db	It rolls to move.	
data.pokemon.dex_entries.gold.voltorb:5:0	text	data/pokemon/dex_entries/gold/voltorb.asm	5	0	next	If the ground is	
data.pokemon.dex_entries.gold.voltorb:6:0	text	data/pokemon/dex_entries/gold/voltorb.asm	6	0	next	uneven, a sudden	
data.pokemon.dex_entries.gold.voltorb:8:0	text	data/pokemon/dex_entries/gold/voltorb.asm	8	0	page	jolt from hitting	
data.pokemon.dex_entries.gold.voltorb:9:0	text	data/pokemon/dex_entries/gold/voltorb.asm	9	0	next	a bump can cause	
data.pokemon.dex_entries.gold.voltorb:10:0	text	data/pokemon/dex_entries/gold/voltorb.asm	10	0	next	it to explode.@	
data.pokemon.dex_entries.gold.vulpix:1:0	text	data/pokemon/dex_entries/gold/vulpix.asm	1	0	db	FOX@	
data.pokemon.dex_entries.gold.vulpix:4:0	text	data/pokemon/dex_entries/gold/vulpix.asm	4	0	db	As it develops, 	
data.pokemon.dex_entries.gold.vulpix:5:0	text	data/pokemon/dex_entries/gold/vulpix.asm	5	0	next	its single white	
data.pokemon.dex_entries.gold.vulpix:6:0	text	data/pokemon/dex_entries/gold/vulpix.asm	6	0	next	tail gains color	
data.pokemon.dex_entries.gold.vulpix:8:0	text	data/pokemon/dex_entries/gold/vulpix.asm	8	0	page	and splits into	
data.pokemon.dex_entries.gold.vulpix:9:0	text	data/pokemon/dex_entries/gold/vulpix.asm	9	0	next	six. It is quite	
data.pokemon.dex_entries.gold.vulpix:10:0	text	data/pokemon/dex_entries/gold/vulpix.asm	10	0	next	warm and cuddly.@	
data.pokemon.dex_entries.gold.wartortle:1:0	text	data/pokemon/dex_entries/gold/wartortle.asm	1	0	db	TURTLE@	
data.pokemon.dex_entries.gold.wartortle:4:0	text	data/pokemon/dex_entries/gold/wartortle.asm	4	0	db	It is recognized	
data.pokemon.dex_entries.gold.wartortle:5:0	text	data/pokemon/dex_entries/gold/wartortle.asm	5	0	next	as a symbol of	
data.pokemon.dex_entries.gold.wartortle:6:0	text	data/pokemon/dex_entries/gold/wartortle.asm	6	0	next	longevity. If its	
data.pokemon.dex_entries.gold.wartortle:8:0	text	data/pokemon/dex_entries/gold/wartortle.asm	8	0	page	shell has algae on	
data.pokemon.dex_entries.gold.wartortle:9:0	text	data/pokemon/dex_entries/gold/wartortle.asm	9	0	next	it, that WARTORTLE	
data.pokemon.dex_entries.gold.wartortle:10:0	text	data/pokemon/dex_entries/gold/wartortle.asm	10	0	next	is very old.@	
data.pokemon.dex_entries.gold.weedle:1:0	text	data/pokemon/dex_entries/gold/weedle.asm	1	0	db	HAIRY BUG@	
data.pokemon.dex_entries.gold.weedle:4:0	text	data/pokemon/dex_entries/gold/weedle.asm	4	0	db	Its poison stinger	
data.pokemon.dex_entries.gold.weedle:5:0	text	data/pokemon/dex_entries/gold/weedle.asm	5	0	next	is very powerful.	
data.pokemon.dex_entries.gold.weedle:6:0	text	data/pokemon/dex_entries/gold/weedle.asm	6	0	next	Its bright-colored	
data.pokemon.dex_entries.gold.weedle:8:0	text	data/pokemon/dex_entries/gold/weedle.asm	8	0	page	body is intended	
data.pokemon.dex_entries.gold.weedle:9:0	text	data/pokemon/dex_entries/gold/weedle.asm	9	0	next	to warn off its	
data.pokemon.dex_entries.gold.weedle:10:0	text	data/pokemon/dex_entries/gold/weedle.asm	10	0	next	enemies.@	
data.pokemon.dex_entries.gold.weepinbell:1:0	text	data/pokemon/dex_entries/gold/weepinbell.asm	1	0	db	FLYCATCHER@	
data.pokemon.dex_entries.gold.weepinbell:4:0	text	data/pokemon/dex_entries/gold/weepinbell.asm	4	0	db	Even though it is	
data.pokemon.dex_entries.gold.weepinbell:5:0	text	data/pokemon/dex_entries/gold/weepinbell.asm	5	0	next	filled with ACID,	
data.pokemon.dex_entries.gold.weepinbell:6:0	text	data/pokemon/dex_entries/gold/weepinbell.asm	6	0	next	it does not melt	
data.pokemon.dex_entries.gold.weepinbell:8:0	text	data/pokemon/dex_entries/gold/weepinbell.asm	8	0	page	because it also	
data.pokemon.dex_entries.gold.weepinbell:9:0	text	data/pokemon/dex_entries/gold/weepinbell.asm	9	0	next	oozes a neutral-	
data.pokemon.dex_entries.gold.weepinbell:10:0	text	data/pokemon/dex_entries/gold/weepinbell.asm	10	0	next	izing fluid.@	
data.pokemon.dex_entries.gold.weezing:1:0	text	data/pokemon/dex_entries/gold/weezing.asm	1	0	db	POISON GAS@	
data.pokemon.dex_entries.gold.weezing:4:0	text	data/pokemon/dex_entries/gold/weezing.asm	4	0	db	If one of the twin	
data.pokemon.dex_entries.gold.weezing:5:0	text	data/pokemon/dex_entries/gold/weezing.asm	5	0	next	KOFFING inflates,	
data.pokemon.dex_entries.gold.weezing:6:0	text	data/pokemon/dex_entries/gold/weezing.asm	6	0	next	the other one	
data.pokemon.dex_entries.gold.weezing:8:0	text	data/pokemon/dex_entries/gold/weezing.asm	8	0	page	deflates. It con-	
data.pokemon.dex_entries.gold.weezing:9:0	text	data/pokemon/dex_entries/gold/weezing.asm	9	0	next	stantly mixes its	
data.pokemon.dex_entries.gold.weezing:10:0	text	data/pokemon/dex_entries/gold/weezing.asm	10	0	next	poisonous gases.@	
data.pokemon.dex_entries.gold.wigglytuff:1:0	text	data/pokemon/dex_entries/gold/wigglytuff.asm	1	0	db	BALLOON@	
data.pokemon.dex_entries.gold.wigglytuff:4:0	text	data/pokemon/dex_entries/gold/wigglytuff.asm	4	0	db	Their fur feels so	
data.pokemon.dex_entries.gold.wigglytuff:5:0	text	data/pokemon/dex_entries/gold/wigglytuff.asm	5	0	next	good that if two	
data.pokemon.dex_entries.gold.wigglytuff:6:0	text	data/pokemon/dex_entries/gold/wigglytuff.asm	6	0	next	of them snuggle	
data.pokemon.dex_entries.gold.wigglytuff:8:0	text	data/pokemon/dex_entries/gold/wigglytuff.asm	8	0	page	together, they	
data.pokemon.dex_entries.gold.wigglytuff:9:0	text	data/pokemon/dex_entries/gold/wigglytuff.asm	9	0	next	won't want to be	
data.pokemon.dex_entries.gold.wigglytuff:10:0	text	data/pokemon/dex_entries/gold/wigglytuff.asm	10	0	next	separated.@	
data.pokemon.dex_entries.gold.wobbuffet:1:0	text	data/pokemon/dex_entries/gold/wobbuffet.asm	1	0	db	PATIENT@	
data.pokemon.dex_entries.gold.wobbuffet:4:0	text	data/pokemon/dex_entries/gold/wobbuffet.asm	4	0	db	It hates light and	
data.pokemon.dex_entries.gold.wobbuffet:5:0	text	data/pokemon/dex_entries/gold/wobbuffet.asm	5	0	next	shock. If attack-	
data.pokemon.dex_entries.gold.wobbuffet:6:0	text	data/pokemon/dex_entries/gold/wobbuffet.asm	6	0	next	ed, it inflates	
data.pokemon.dex_entries.gold.wobbuffet:8:0	text	data/pokemon/dex_entries/gold/wobbuffet.asm	8	0	page	its body to pump	
data.pokemon.dex_entries.gold.wobbuffet:9:0	text	data/pokemon/dex_entries/gold/wobbuffet.asm	9	0	next	up its counter-	
data.pokemon.dex_entries.gold.wobbuffet:10:0	text	data/pokemon/dex_entries/gold/wobbuffet.asm	10	0	next	strike.@	
data.pokemon.dex_entries.gold.wooper:1:0	text	data/pokemon/dex_entries/gold/wooper.asm	1	0	db	WATER FISH@	
data.pokemon.dex_entries.gold.wooper:4:0	text	data/pokemon/dex_entries/gold/wooper.asm	4	0	db	This #MON lives	
data.pokemon.dex_entries.gold.wooper:5:0	text	data/pokemon/dex_entries/gold/wooper.asm	5	0	next	in cold water. It	
data.pokemon.dex_entries.gold.wooper:6:0	text	data/pokemon/dex_entries/gold/wooper.asm	6	0	next	will leave the	
data.pokemon.dex_entries.gold.wooper:8:0	text	data/pokemon/dex_entries/gold/wooper.asm	8	0	page	water to search	
data.pokemon.dex_entries.gold.wooper:9:0	text	data/pokemon/dex_entries/gold/wooper.asm	9	0	next	for food when it	
data.pokemon.dex_entries.gold.wooper:10:0	text	data/pokemon/dex_entries/gold/wooper.asm	10	0	next	gets cold outside.@	
data.pokemon.dex_entries.gold.xatu:1:0	text	data/pokemon/dex_entries/gold/xatu.asm	1	0	db	MYSTIC@	
data.pokemon.dex_entries.gold.xatu:4:0	text	data/pokemon/dex_entries/gold/xatu.asm	4	0	db	They say that it	
data.pokemon.dex_entries.gold.xatu:5:0	text	data/pokemon/dex_entries/gold/xatu.asm	5	0	next	stays still and	
data.pokemon.dex_entries.gold.xatu:6:0	text	data/pokemon/dex_entries/gold/xatu.asm	6	0	next	quiet because it	
data.pokemon.dex_entries.gold.xatu:8:0	text	data/pokemon/dex_entries/gold/xatu.asm	8	0	page	is seeing both the	
data.pokemon.dex_entries.gold.xatu:9:0	text	data/pokemon/dex_entries/gold/xatu.asm	9	0	next	past and future at	
data.pokemon.dex_entries.gold.xatu:10:0	text	data/pokemon/dex_entries/gold/xatu.asm	10	0	next	the same time.@	
data.pokemon.dex_entries.gold.yanma:1:0	text	data/pokemon/dex_entries/gold/yanma.asm	1	0	db	CLEAR WING@	
data.pokemon.dex_entries.gold.yanma:4:0	text	data/pokemon/dex_entries/gold/yanma.asm	4	0	db	If it flaps its	
data.pokemon.dex_entries.gold.yanma:5:0	text	data/pokemon/dex_entries/gold/yanma.asm	5	0	next	wings really fast,	
data.pokemon.dex_entries.gold.yanma:6:0	text	data/pokemon/dex_entries/gold/yanma.asm	6	0	next	it can generate	
data.pokemon.dex_entries.gold.yanma:8:0	text	data/pokemon/dex_entries/gold/yanma.asm	8	0	page	shock waves that	
data.pokemon.dex_entries.gold.yanma:9:0	text	data/pokemon/dex_entries/gold/yanma.asm	9	0	next	will shatter win-	
data.pokemon.dex_entries.gold.yanma:10:0	text	data/pokemon/dex_entries/gold/yanma.asm	10	0	next	dows in the area.@	
data.pokemon.dex_entries.gold.zapdos:1:0	text	data/pokemon/dex_entries/gold/zapdos.asm	1	0	db	ELECTRIC@	
data.pokemon.dex_entries.gold.zapdos:4:0	text	data/pokemon/dex_entries/gold/zapdos.asm	4	0	db	This legendary	
data.pokemon.dex_entries.gold.zapdos:5:0	text	data/pokemon/dex_entries/gold/zapdos.asm	5	0	next	bird #MON	
data.pokemon.dex_entries.gold.zapdos:6:0	text	data/pokemon/dex_entries/gold/zapdos.asm	6	0	next	causes savage	
data.pokemon.dex_entries.gold.zapdos:8:0	text	data/pokemon/dex_entries/gold/zapdos.asm	8	0	page	thunderstorms by	
data.pokemon.dex_entries.gold.zapdos:9:0	text	data/pokemon/dex_entries/gold/zapdos.asm	9	0	next	flapping its glit-	
data.pokemon.dex_entries.gold.zapdos:10:0	text	data/pokemon/dex_entries/gold/zapdos.asm	10	0	next	tering wings.@	
data.pokemon.dex_entries.gold.zubat:1:0	text	data/pokemon/dex_entries/gold/zubat.asm	1	0	db	BAT@	
data.pokemon.dex_entries.gold.zubat:4:0	text	data/pokemon/dex_entries/gold/zubat.asm	4	0	db	While flying, it	
data.pokemon.dex_entries.gold.zubat:5:0	text	data/pokemon/dex_entries/gold/zubat.asm	5	0	next	constantly emits	
data.pokemon.dex_entries.gold.zubat:6:0	text	data/pokemon/dex_entries/gold/zubat.asm	6	0	next	ultrasonic waves	
data.pokemon.dex_entries.gold.zubat:8:0	text	data/pokemon/dex_entries/gold/zubat.asm	8	0	page	from its mouth to	
data.pokemon.dex_entries.gold.zubat:9:0	text	data/pokemon/dex_entries/gold/zubat.asm	9	0	next	check its sur-	
data.pokemon.dex_entries.gold.zubat:10:0	text	data/pokemon/dex_entries/gold/zubat.asm	10	0	next	roundings.@	
data.pokemon.dex_entries.silver.abra:1:0	text	data/pokemon/dex_entries/silver/abra.asm	1	0	db	PSI@	
data.pokemon.dex_entries.silver.abra:4:0	text	data/pokemon/dex_entries/silver/abra.asm	4	0	db	If it decides to	
data.pokemon.dex_entries.silver.abra:5:0	text	data/pokemon/dex_entries/silver/abra.asm	5	0	next	TELEPORT randomly,	
data.pokemon.dex_entries.silver.abra:6:0	text	data/pokemon/dex_entries/silver/abra.asm	6	0	next	it creates the	
data.pokemon.dex_entries.silver.abra:8:0	text	data/pokemon/dex_entries/silver/abra.asm	8	0	page	illusion that it	
data.pokemon.dex_entries.silver.abra:9:0	text	data/pokemon/dex_entries/silver/abra.asm	9	0	next	has created copies	
data.pokemon.dex_entries.silver.abra:10:0	text	data/pokemon/dex_entries/silver/abra.asm	10	0	next	of itself.@	
data.pokemon.dex_entries.silver.aerodactyl:1:0	text	data/pokemon/dex_entries/silver/aerodactyl.asm	1	0	db	FOSSIL@	
data.pokemon.dex_entries.silver.aerodactyl:4:0	text	data/pokemon/dex_entries/silver/aerodactyl.asm	4	0	db	This vicious #-	
data.pokemon.dex_entries.silver.aerodactyl:5:0	text	data/pokemon/dex_entries/silver/aerodactyl.asm	5	0	next	MON is said to	
data.pokemon.dex_entries.silver.aerodactyl:6:0	text	data/pokemon/dex_entries/silver/aerodactyl.asm	6	0	next	have flown in an-	
data.pokemon.dex_entries.silver.aerodactyl:8:0	text	data/pokemon/dex_entries/silver/aerodactyl.asm	8	0	page	cient skies while	
data.pokemon.dex_entries.silver.aerodactyl:9:0	text	data/pokemon/dex_entries/silver/aerodactyl.asm	9	0	next	shrieking high-	
data.pokemon.dex_entries.silver.aerodactyl:10:0	text	data/pokemon/dex_entries/silver/aerodactyl.asm	10	0	next	pitched cries.@	
data.pokemon.dex_entries.silver.aipom:1:0	text	data/pokemon/dex_entries/silver/aipom.asm	1	0	db	LONG TAIL@	
data.pokemon.dex_entries.silver.aipom:4:0	text	data/pokemon/dex_entries/silver/aipom.asm	4	0	db	It lives atop tall	
data.pokemon.dex_entries.silver.aipom:5:0	text	data/pokemon/dex_entries/silver/aipom.asm	5	0	next	trees. When leap-	
data.pokemon.dex_entries.silver.aipom:6:0	text	data/pokemon/dex_entries/silver/aipom.asm	6	0	next	ing from branch	
data.pokemon.dex_entries.silver.aipom:8:0	text	data/pokemon/dex_entries/silver/aipom.asm	8	0	page	to branch, it	
data.pokemon.dex_entries.silver.aipom:9:0	text	data/pokemon/dex_entries/silver/aipom.asm	9	0	next	deftly uses its	
data.pokemon.dex_entries.silver.aipom:10:0	text	data/pokemon/dex_entries/silver/aipom.asm	10	0	next	tail for balance.@	
data.pokemon.dex_entries.silver.alakazam:1:0	text	data/pokemon/dex_entries/silver/alakazam.asm	1	0	db	PSI@	
data.pokemon.dex_entries.silver.alakazam:4:0	text	data/pokemon/dex_entries/silver/alakazam.asm	4	0	db	Its brain cells	
data.pokemon.dex_entries.silver.alakazam:5:0	text	data/pokemon/dex_entries/silver/alakazam.asm	5	0	next	multiply continu-	
data.pokemon.dex_entries.silver.alakazam:6:0	text	data/pokemon/dex_entries/silver/alakazam.asm	6	0	next	ally until it	
data.pokemon.dex_entries.silver.alakazam:8:0	text	data/pokemon/dex_entries/silver/alakazam.asm	8	0	page	dies. As a result,	
data.pokemon.dex_entries.silver.alakazam:9:0	text	data/pokemon/dex_entries/silver/alakazam.asm	9	0	next	it remembers	
data.pokemon.dex_entries.silver.alakazam:10:0	text	data/pokemon/dex_entries/silver/alakazam.asm	10	0	next	everything.@	
data.pokemon.dex_entries.silver.ampharos:1:0	text	data/pokemon/dex_entries/silver/ampharos.asm	1	0	db	LIGHT@	
data.pokemon.dex_entries.silver.ampharos:4:0	text	data/pokemon/dex_entries/silver/ampharos.asm	4	0	db	The bright light	
data.pokemon.dex_entries.silver.ampharos:5:0	text	data/pokemon/dex_entries/silver/ampharos.asm	5	0	next	on its tail can be	
data.pokemon.dex_entries.silver.ampharos:6:0	text	data/pokemon/dex_entries/silver/ampharos.asm	6	0	next	seen far away. It	
data.pokemon.dex_entries.silver.ampharos:8:0	text	data/pokemon/dex_entries/silver/ampharos.asm	8	0	page	has been treasured	
data.pokemon.dex_entries.silver.ampharos:9:0	text	data/pokemon/dex_entries/silver/ampharos.asm	9	0	next	since ancient	
data.pokemon.dex_entries.silver.ampharos:10:0	text	data/pokemon/dex_entries/silver/ampharos.asm	10	0	next	times as a beacon.@	
data.pokemon.dex_entries.silver.arbok:1:0	text	data/pokemon/dex_entries/silver/arbok.asm	1	0	db	COBRA@	
data.pokemon.dex_entries.silver.arbok:4:0	text	data/pokemon/dex_entries/silver/arbok.asm	4	0	db	With a very venge-	
data.pokemon.dex_entries.silver.arbok:5:0	text	data/pokemon/dex_entries/silver/arbok.asm	5	0	next	ful nature, it	
data.pokemon.dex_entries.silver.arbok:6:0	text	data/pokemon/dex_entries/silver/arbok.asm	6	0	next	won't give up the	
data.pokemon.dex_entries.silver.arbok:8:0	text	data/pokemon/dex_entries/silver/arbok.asm	8	0	page	chase, no matter	
data.pokemon.dex_entries.silver.arbok:9:0	text	data/pokemon/dex_entries/silver/arbok.asm	9	0	next	how far, once it	
data.pokemon.dex_entries.silver.arbok:10:0	text	data/pokemon/dex_entries/silver/arbok.asm	10	0	next	targets its prey.@	
data.pokemon.dex_entries.silver.arcanine:1:0	text	data/pokemon/dex_entries/silver/arcanine.asm	1	0	db	LEGENDARY@	
data.pokemon.dex_entries.silver.arcanine:4:0	text	data/pokemon/dex_entries/silver/arcanine.asm	4	0	db	Its magnificent	
data.pokemon.dex_entries.silver.arcanine:5:0	text	data/pokemon/dex_entries/silver/arcanine.asm	5	0	next	bark conveys a	
data.pokemon.dex_entries.silver.arcanine:6:0	text	data/pokemon/dex_entries/silver/arcanine.asm	6	0	next	sense of majesty.	
data.pokemon.dex_entries.silver.arcanine:8:0	text	data/pokemon/dex_entries/silver/arcanine.asm	8	0	page	Anyone hearing it	
data.pokemon.dex_entries.silver.arcanine:9:0	text	data/pokemon/dex_entries/silver/arcanine.asm	9	0	next	can't help but	
data.pokemon.dex_entries.silver.arcanine:10:0	text	data/pokemon/dex_entries/silver/arcanine.asm	10	0	next	grovel before it.@	
data.pokemon.dex_entries.silver.ariados:1:0	text	data/pokemon/dex_entries/silver/ariados.asm	1	0	db	LONG LEG@	
data.pokemon.dex_entries.silver.ariados:4:0	text	data/pokemon/dex_entries/silver/ariados.asm	4	0	db	A single strand of	
data.pokemon.dex_entries.silver.ariados:5:0	text	data/pokemon/dex_entries/silver/ariados.asm	5	0	next	a special string	
data.pokemon.dex_entries.silver.ariados:6:0	text	data/pokemon/dex_entries/silver/ariados.asm	6	0	next	is endlessly spun	
data.pokemon.dex_entries.silver.ariados:8:0	text	data/pokemon/dex_entries/silver/ariados.asm	8	0	page	out of its rear.	
data.pokemon.dex_entries.silver.ariados:9:0	text	data/pokemon/dex_entries/silver/ariados.asm	9	0	next	The string leads	
data.pokemon.dex_entries.silver.ariados:10:0	text	data/pokemon/dex_entries/silver/ariados.asm	10	0	next	back to its nest.@	
data.pokemon.dex_entries.silver.articuno:1:0	text	data/pokemon/dex_entries/silver/articuno.asm	1	0	db	FREEZE@	
data.pokemon.dex_entries.silver.articuno:4:0	text	data/pokemon/dex_entries/silver/articuno.asm	4	0	db	One of the legen-	
data.pokemon.dex_entries.silver.articuno:5:0	text	data/pokemon/dex_entries/silver/articuno.asm	5	0	next	dary bird #MON,	
data.pokemon.dex_entries.silver.articuno:6:0	text	data/pokemon/dex_entries/silver/articuno.asm	6	0	next	it chills moisture	
data.pokemon.dex_entries.silver.articuno:8:0	text	data/pokemon/dex_entries/silver/articuno.asm	8	0	page	in the atmosphere	
data.pokemon.dex_entries.silver.articuno:9:0	text	data/pokemon/dex_entries/silver/articuno.asm	9	0	next	to create snow	
data.pokemon.dex_entries.silver.articuno:10:0	text	data/pokemon/dex_entries/silver/articuno.asm	10	0	next	while flying.@	
data.pokemon.dex_entries.silver.azumarill:1:0	text	data/pokemon/dex_entries/silver/azumarill.asm	1	0	db	AQUARABBIT@	
data.pokemon.dex_entries.silver.azumarill:4:0	text	data/pokemon/dex_entries/silver/azumarill.asm	4	0	db	When it plays in	
data.pokemon.dex_entries.silver.azumarill:5:0	text	data/pokemon/dex_entries/silver/azumarill.asm	5	0	next	water, it rolls up	
data.pokemon.dex_entries.silver.azumarill:6:0	text	data/pokemon/dex_entries/silver/azumarill.asm	6	0	next	its elongated ears	
data.pokemon.dex_entries.silver.azumarill:8:0	text	data/pokemon/dex_entries/silver/azumarill.asm	8	0	page	to prevent their	
data.pokemon.dex_entries.silver.azumarill:9:0	text	data/pokemon/dex_entries/silver/azumarill.asm	9	0	next	insides from get-	
data.pokemon.dex_entries.silver.azumarill:10:0	text	data/pokemon/dex_entries/silver/azumarill.asm	10	0	next	ting wet.@	
data.pokemon.dex_entries.silver.bayleef:1:0	text	data/pokemon/dex_entries/silver/bayleef.asm	1	0	db	LEAF@	
data.pokemon.dex_entries.silver.bayleef:4:0	text	data/pokemon/dex_entries/silver/bayleef.asm	4	0	db	A spicy aroma ema-	
data.pokemon.dex_entries.silver.bayleef:5:0	text	data/pokemon/dex_entries/silver/bayleef.asm	5	0	next	nates from around	
data.pokemon.dex_entries.silver.bayleef:6:0	text	data/pokemon/dex_entries/silver/bayleef.asm	6	0	next	its neck. The	
data.pokemon.dex_entries.silver.bayleef:8:0	text	data/pokemon/dex_entries/silver/bayleef.asm	8	0	page	aroma acts as a	
data.pokemon.dex_entries.silver.bayleef:9:0	text	data/pokemon/dex_entries/silver/bayleef.asm	9	0	next	stimulant to re-	
data.pokemon.dex_entries.silver.bayleef:10:0	text	data/pokemon/dex_entries/silver/bayleef.asm	10	0	next	store health.@	
data.pokemon.dex_entries.silver.beedrill:1:0	text	data/pokemon/dex_entries/silver/beedrill.asm	1	0	db	POISON BEE@	
data.pokemon.dex_entries.silver.beedrill:4:0	text	data/pokemon/dex_entries/silver/beedrill.asm	4	0	db	It has three	
data.pokemon.dex_entries.silver.beedrill:5:0	text	data/pokemon/dex_entries/silver/beedrill.asm	5	0	next	poison barbs.	
data.pokemon.dex_entries.silver.beedrill:6:0	text	data/pokemon/dex_entries/silver/beedrill.asm	6	0	next	The barb on its	
data.pokemon.dex_entries.silver.beedrill:8:0	text	data/pokemon/dex_entries/silver/beedrill.asm	8	0	page	tail secretes the	
data.pokemon.dex_entries.silver.beedrill:9:0	text	data/pokemon/dex_entries/silver/beedrill.asm	9	0	next	most powerful	
data.pokemon.dex_entries.silver.beedrill:10:0	text	data/pokemon/dex_entries/silver/beedrill.asm	10	0	next	poison.@	
data.pokemon.dex_entries.silver.bellossom:1:0	text	data/pokemon/dex_entries/silver/bellossom.asm	1	0	db	FLOWER@	
data.pokemon.dex_entries.silver.bellossom:4:0	text	data/pokemon/dex_entries/silver/bellossom.asm	4	0	db	Plentiful in the	
data.pokemon.dex_entries.silver.bellossom:5:0	text	data/pokemon/dex_entries/silver/bellossom.asm	5	0	next	tropics. When it	
data.pokemon.dex_entries.silver.bellossom:6:0	text	data/pokemon/dex_entries/silver/bellossom.asm	6	0	next	dances, its petals	
data.pokemon.dex_entries.silver.bellossom:8:0	text	data/pokemon/dex_entries/silver/bellossom.asm	8	0	page	rub together and	
data.pokemon.dex_entries.silver.bellossom:9:0	text	data/pokemon/dex_entries/silver/bellossom.asm	9	0	next	make a pleasant	
data.pokemon.dex_entries.silver.bellossom:10:0	text	data/pokemon/dex_entries/silver/bellossom.asm	10	0	next	ringing sound.@	
data.pokemon.dex_entries.silver.bellsprout:1:0	text	data/pokemon/dex_entries/silver/bellsprout.asm	1	0	db	FLOWER@	
data.pokemon.dex_entries.silver.bellsprout:4:0	text	data/pokemon/dex_entries/silver/bellsprout.asm	4	0	db	It plants its feet	
data.pokemon.dex_entries.silver.bellsprout:5:0	text	data/pokemon/dex_entries/silver/bellsprout.asm	5	0	next	deep underground	
data.pokemon.dex_entries.silver.bellsprout:6:0	text	data/pokemon/dex_entries/silver/bellsprout.asm	6	0	next	to replenish wa-	
data.pokemon.dex_entries.silver.bellsprout:8:0	text	data/pokemon/dex_entries/silver/bellsprout.asm	8	0	page	ter. It can't es-	
data.pokemon.dex_entries.silver.bellsprout:9:0	text	data/pokemon/dex_entries/silver/bellsprout.asm	9	0	next	cape its enemy	
data.pokemon.dex_entries.silver.bellsprout:10:0	text	data/pokemon/dex_entries/silver/bellsprout.asm	10	0	next	while it's rooted.@	
data.pokemon.dex_entries.silver.blastoise:1:0	text	data/pokemon/dex_entries/silver/blastoise.asm	1	0	db	SHELLFISH@	
data.pokemon.dex_entries.silver.blastoise:4:0	text	data/pokemon/dex_entries/silver/blastoise.asm	4	0	db	The rocket cannons	
data.pokemon.dex_entries.silver.blastoise:5:0	text	data/pokemon/dex_entries/silver/blastoise.asm	5	0	next	on its shell fire	
data.pokemon.dex_entries.silver.blastoise:6:0	text	data/pokemon/dex_entries/silver/blastoise.asm	6	0	next	jets of water	
data.pokemon.dex_entries.silver.blastoise:8:0	text	data/pokemon/dex_entries/silver/blastoise.asm	8	0	page	capable of punch-	
data.pokemon.dex_entries.silver.blastoise:9:0	text	data/pokemon/dex_entries/silver/blastoise.asm	9	0	next	ing holes through	
data.pokemon.dex_entries.silver.blastoise:10:0	text	data/pokemon/dex_entries/silver/blastoise.asm	10	0	next	thick steel.@	
data.pokemon.dex_entries.silver.blissey:1:0	text	data/pokemon/dex_entries/silver/blissey.asm	1	0	db	HAPPINESS@	
data.pokemon.dex_entries.silver.blissey:4:0	text	data/pokemon/dex_entries/silver/blissey.asm	4	0	db	It has a very com-	
data.pokemon.dex_entries.silver.blissey:5:0	text	data/pokemon/dex_entries/silver/blissey.asm	5	0	next	passionate nature.	
data.pokemon.dex_entries.silver.blissey:6:0	text	data/pokemon/dex_entries/silver/blissey.asm	6	0	next	If it sees a sick	
data.pokemon.dex_entries.silver.blissey:8:0	text	data/pokemon/dex_entries/silver/blissey.asm	8	0	page	#MON, it will	
data.pokemon.dex_entries.silver.blissey:9:0	text	data/pokemon/dex_entries/silver/blissey.asm	9	0	next	nurse the sufferer	
data.pokemon.dex_entries.silver.blissey:10:0	text	data/pokemon/dex_entries/silver/blissey.asm	10	0	next	back to health.@	
data.pokemon.dex_entries.silver.bulbasaur:1:0	text	data/pokemon/dex_entries/silver/bulbasaur.asm	1	0	db	SEED@	
data.pokemon.dex_entries.silver.bulbasaur:4:0	text	data/pokemon/dex_entries/silver/bulbasaur.asm	4	0	db	It carries a seed	
data.pokemon.dex_entries.silver.bulbasaur:5:0	text	data/pokemon/dex_entries/silver/bulbasaur.asm	5	0	next	on its back right	
data.pokemon.dex_entries.silver.bulbasaur:6:0	text	data/pokemon/dex_entries/silver/bulbasaur.asm	6	0	next	from birth. As it	
data.pokemon.dex_entries.silver.bulbasaur:8:0	text	data/pokemon/dex_entries/silver/bulbasaur.asm	8	0	page	grows older, the	
data.pokemon.dex_entries.silver.bulbasaur:9:0	text	data/pokemon/dex_entries/silver/bulbasaur.asm	9	0	next	seed also grows	
data.pokemon.dex_entries.silver.bulbasaur:10:0	text	data/pokemon/dex_entries/silver/bulbasaur.asm	10	0	next	larger.@	
data.pokemon.dex_entries.silver.butterfree:1:0	text	data/pokemon/dex_entries/silver/butterfree.asm	1	0	db	BUTTERFLY@	
data.pokemon.dex_entries.silver.butterfree:4:0	text	data/pokemon/dex_entries/silver/butterfree.asm	4	0	db	Water-repellent	
data.pokemon.dex_entries.silver.butterfree:5:0	text	data/pokemon/dex_entries/silver/butterfree.asm	5	0	next	powder on its	
data.pokemon.dex_entries.silver.butterfree:6:0	text	data/pokemon/dex_entries/silver/butterfree.asm	6	0	next	wings enables it	
data.pokemon.dex_entries.silver.butterfree:8:0	text	data/pokemon/dex_entries/silver/butterfree.asm	8	0	page	to collect honey,	
data.pokemon.dex_entries.silver.butterfree:9:0	text	data/pokemon/dex_entries/silver/butterfree.asm	9	0	next	even in the heav-	
data.pokemon.dex_entries.silver.butterfree:10:0	text	data/pokemon/dex_entries/silver/butterfree.asm	10	0	next	iest of rains.@	
data.pokemon.dex_entries.silver.caterpie:1:0	text	data/pokemon/dex_entries/silver/caterpie.asm	1	0	db	WORM@	
data.pokemon.dex_entries.silver.caterpie:4:0	text	data/pokemon/dex_entries/silver/caterpie.asm	4	0	db	Its feet have	
data.pokemon.dex_entries.silver.caterpie:5:0	text	data/pokemon/dex_entries/silver/caterpie.asm	5	0	next	suction cups	
data.pokemon.dex_entries.silver.caterpie:6:0	text	data/pokemon/dex_entries/silver/caterpie.asm	6	0	next	designed to stick	
data.pokemon.dex_entries.silver.caterpie:8:0	text	data/pokemon/dex_entries/silver/caterpie.asm	8	0	page	to any surface. It	
data.pokemon.dex_entries.silver.caterpie:9:0	text	data/pokemon/dex_entries/silver/caterpie.asm	9	0	next	tenaciously climbs	
data.pokemon.dex_entries.silver.caterpie:10:0	text	data/pokemon/dex_entries/silver/caterpie.asm	10	0	next	trees to forage.@	
data.pokemon.dex_entries.silver.celebi:1:0	text	data/pokemon/dex_entries/silver/celebi.asm	1	0	db	TIMETRAVEL@	
data.pokemon.dex_entries.silver.celebi:4:0	text	data/pokemon/dex_entries/silver/celebi.asm	4	0	db	When CELEBI disap-	
data.pokemon.dex_entries.silver.celebi:5:0	text	data/pokemon/dex_entries/silver/celebi.asm	5	0	next	pears deep in a	
data.pokemon.dex_entries.silver.celebi:6:0	text	data/pokemon/dex_entries/silver/celebi.asm	6	0	next	forest, it is said	
data.pokemon.dex_entries.silver.celebi:8:0	text	data/pokemon/dex_entries/silver/celebi.asm	8	0	page	to leave behind an	
data.pokemon.dex_entries.silver.celebi:9:0	text	data/pokemon/dex_entries/silver/celebi.asm	9	0	next	egg it brought	
data.pokemon.dex_entries.silver.celebi:10:0	text	data/pokemon/dex_entries/silver/celebi.asm	10	0	next	from the future.@	
data.pokemon.dex_entries.silver.chansey:1:0	text	data/pokemon/dex_entries/silver/chansey.asm	1	0	db	EGG@	
data.pokemon.dex_entries.silver.chansey:4:0	text	data/pokemon/dex_entries/silver/chansey.asm	4	0	db	Few in number and	
data.pokemon.dex_entries.silver.chansey:5:0	text	data/pokemon/dex_entries/silver/chansey.asm	5	0	next	difficult to cap-	
data.pokemon.dex_entries.silver.chansey:6:0	text	data/pokemon/dex_entries/silver/chansey.asm	6	0	next	ture, it is said	
data.pokemon.dex_entries.silver.chansey:8:0	text	data/pokemon/dex_entries/silver/chansey.asm	8	0	page	to bring happiness	
data.pokemon.dex_entries.silver.chansey:9:0	text	data/pokemon/dex_entries/silver/chansey.asm	9	0	next	to the trainer who	
data.pokemon.dex_entries.silver.chansey:10:0	text	data/pokemon/dex_entries/silver/chansey.asm	10	0	next	catches it.@	
data.pokemon.dex_entries.silver.charizard:1:0	text	data/pokemon/dex_entries/silver/charizard.asm	1	0	db	FLAME@	
data.pokemon.dex_entries.silver.charizard:4:0	text	data/pokemon/dex_entries/silver/charizard.asm	4	0	db	Breathing intense,	
data.pokemon.dex_entries.silver.charizard:5:0	text	data/pokemon/dex_entries/silver/charizard.asm	5	0	next	hot flames, it can	
data.pokemon.dex_entries.silver.charizard:6:0	text	data/pokemon/dex_entries/silver/charizard.asm	6	0	next	melt almost any-	
data.pokemon.dex_entries.silver.charizard:8:0	text	data/pokemon/dex_entries/silver/charizard.asm	8	0	page	thing. Its breath	
data.pokemon.dex_entries.silver.charizard:9:0	text	data/pokemon/dex_entries/silver/charizard.asm	9	0	next	inflicts terrible	
data.pokemon.dex_entries.silver.charizard:10:0	text	data/pokemon/dex_entries/silver/charizard.asm	10	0	next	pain on enemies.@	
data.pokemon.dex_entries.silver.charmander:1:0	text	data/pokemon/dex_entries/silver/charmander.asm	1	0	db	LIZARD@	
data.pokemon.dex_entries.silver.charmander:4:0	text	data/pokemon/dex_entries/silver/charmander.asm	4	0	db	The flame on its	
data.pokemon.dex_entries.silver.charmander:5:0	text	data/pokemon/dex_entries/silver/charmander.asm	5	0	next	tail indicates	
data.pokemon.dex_entries.silver.charmander:6:0	text	data/pokemon/dex_entries/silver/charmander.asm	6	0	next	CHARMANDER's life	
data.pokemon.dex_entries.silver.charmander:8:0	text	data/pokemon/dex_entries/silver/charmander.asm	8	0	page	force. If it is	
data.pokemon.dex_entries.silver.charmander:9:0	text	data/pokemon/dex_entries/silver/charmander.asm	9	0	next	healthy, the flame	
data.pokemon.dex_entries.silver.charmander:10:0	text	data/pokemon/dex_entries/silver/charmander.asm	10	0	next	burns brightly.@	
data.pokemon.dex_entries.silver.charmeleon:1:0	text	data/pokemon/dex_entries/silver/charmeleon.asm	1	0	db	FLAME@	
data.pokemon.dex_entries.silver.charmeleon:4:0	text	data/pokemon/dex_entries/silver/charmeleon.asm	4	0	db	It has a barbaric	
data.pokemon.dex_entries.silver.charmeleon:5:0	text	data/pokemon/dex_entries/silver/charmeleon.asm	5	0	next	nature. In battle,	
data.pokemon.dex_entries.silver.charmeleon:6:0	text	data/pokemon/dex_entries/silver/charmeleon.asm	6	0	next	it whips its	
data.pokemon.dex_entries.silver.charmeleon:8:0	text	data/pokemon/dex_entries/silver/charmeleon.asm	8	0	page	fiery tail around	
data.pokemon.dex_entries.silver.charmeleon:9:0	text	data/pokemon/dex_entries/silver/charmeleon.asm	9	0	next	and slashes away	
data.pokemon.dex_entries.silver.charmeleon:10:0	text	data/pokemon/dex_entries/silver/charmeleon.asm	10	0	next	with sharp claws.@	
data.pokemon.dex_entries.silver.chikorita:1:0	text	data/pokemon/dex_entries/silver/chikorita.asm	1	0	db	LEAF@	
data.pokemon.dex_entries.silver.chikorita:4:0	text	data/pokemon/dex_entries/silver/chikorita.asm	4	0	db	Its pleasantly	
data.pokemon.dex_entries.silver.chikorita:5:0	text	data/pokemon/dex_entries/silver/chikorita.asm	5	0	next	aromatic leaves	
data.pokemon.dex_entries.silver.chikorita:6:0	text	data/pokemon/dex_entries/silver/chikorita.asm	6	0	next	have the ability	
data.pokemon.dex_entries.silver.chikorita:8:0	text	data/pokemon/dex_entries/silver/chikorita.asm	8	0	page	to check the hu-	
data.pokemon.dex_entries.silver.chikorita:9:0	text	data/pokemon/dex_entries/silver/chikorita.asm	9	0	next	midity and tem-	
data.pokemon.dex_entries.silver.chikorita:10:0	text	data/pokemon/dex_entries/silver/chikorita.asm	10	0	next	perature.@	
data.pokemon.dex_entries.silver.chinchou:1:0	text	data/pokemon/dex_entries/silver/chinchou.asm	1	0	db	ANGLER@	
data.pokemon.dex_entries.silver.chinchou:4:0	text	data/pokemon/dex_entries/silver/chinchou.asm	4	0	db	On the dark ocean	
data.pokemon.dex_entries.silver.chinchou:5:0	text	data/pokemon/dex_entries/silver/chinchou.asm	5	0	next	floor, its only	
data.pokemon.dex_entries.silver.chinchou:6:0	text	data/pokemon/dex_entries/silver/chinchou.asm	6	0	next	means of communi-	
data.pokemon.dex_entries.silver.chinchou:8:0	text	data/pokemon/dex_entries/silver/chinchou.asm	8	0	page	cation is its	
data.pokemon.dex_entries.silver.chinchou:9:0	text	data/pokemon/dex_entries/silver/chinchou.asm	9	0	next	constantly flash-	
data.pokemon.dex_entries.silver.chinchou:10:0	text	data/pokemon/dex_entries/silver/chinchou.asm	10	0	next	ing lights.@	
data.pokemon.dex_entries.silver.clefable:1:0	text	data/pokemon/dex_entries/silver/clefable.asm	1	0	db	FAIRY@	
data.pokemon.dex_entries.silver.clefable:4:0	text	data/pokemon/dex_entries/silver/clefable.asm	4	0	db	Its very sensitive	
data.pokemon.dex_entries.silver.clefable:5:0	text	data/pokemon/dex_entries/silver/clefable.asm	5	0	next	ears lets it dis-	
data.pokemon.dex_entries.silver.clefable:6:0	text	data/pokemon/dex_entries/silver/clefable.asm	6	0	next	tinguish distant	
data.pokemon.dex_entries.silver.clefable:8:0	text	data/pokemon/dex_entries/silver/clefable.asm	8	0	page	sounds. As a re-	
data.pokemon.dex_entries.silver.clefable:9:0	text	data/pokemon/dex_entries/silver/clefable.asm	9	0	next	sult, it prefers	
data.pokemon.dex_entries.silver.clefable:10:0	text	data/pokemon/dex_entries/silver/clefable.asm	10	0	next	quiet places.@	
data.pokemon.dex_entries.silver.clefairy:1:0	text	data/pokemon/dex_entries/silver/clefairy.asm	1	0	db	FAIRY@	
data.pokemon.dex_entries.silver.clefairy:4:0	text	data/pokemon/dex_entries/silver/clefairy.asm	4	0	db	Its adorable be-	
data.pokemon.dex_entries.silver.clefairy:5:0	text	data/pokemon/dex_entries/silver/clefairy.asm	5	0	next	havior and cry	
data.pokemon.dex_entries.silver.clefairy:6:0	text	data/pokemon/dex_entries/silver/clefairy.asm	6	0	next	make it highly	
data.pokemon.dex_entries.silver.clefairy:8:0	text	data/pokemon/dex_entries/silver/clefairy.asm	8	0	page	popular. However,	
data.pokemon.dex_entries.silver.clefairy:9:0	text	data/pokemon/dex_entries/silver/clefairy.asm	9	0	next	this cute #MON	
data.pokemon.dex_entries.silver.clefairy:10:0	text	data/pokemon/dex_entries/silver/clefairy.asm	10	0	next	is rarely found.@	
data.pokemon.dex_entries.silver.cleffa:1:0	text	data/pokemon/dex_entries/silver/cleffa.asm	1	0	db	STARSHAPE@	
data.pokemon.dex_entries.silver.cleffa:4:0	text	data/pokemon/dex_entries/silver/cleffa.asm	4	0	db	When numerous me-	
data.pokemon.dex_entries.silver.cleffa:5:0	text	data/pokemon/dex_entries/silver/cleffa.asm	5	0	next	teors illuminate	
data.pokemon.dex_entries.silver.cleffa:6:0	text	data/pokemon/dex_entries/silver/cleffa.asm	6	0	next	the night sky,	
data.pokemon.dex_entries.silver.cleffa:8:0	text	data/pokemon/dex_entries/silver/cleffa.asm	8	0	page	sightings of	
data.pokemon.dex_entries.silver.cleffa:9:0	text	data/pokemon/dex_entries/silver/cleffa.asm	9	0	next	CLEFFA strangely	
data.pokemon.dex_entries.silver.cleffa:10:0	text	data/pokemon/dex_entries/silver/cleffa.asm	10	0	next	increase.@	
data.pokemon.dex_entries.silver.cloyster:1:0	text	data/pokemon/dex_entries/silver/cloyster.asm	1	0	db	BIVALVE@	
data.pokemon.dex_entries.silver.cloyster:4:0	text	data/pokemon/dex_entries/silver/cloyster.asm	4	0	db	CLOYSTER that live	
data.pokemon.dex_entries.silver.cloyster:5:0	text	data/pokemon/dex_entries/silver/cloyster.asm	5	0	next	in seas with harsh	
data.pokemon.dex_entries.silver.cloyster:6:0	text	data/pokemon/dex_entries/silver/cloyster.asm	6	0	next	tidal currents	
data.pokemon.dex_entries.silver.cloyster:8:0	text	data/pokemon/dex_entries/silver/cloyster.asm	8	0	page	grow large, sharp	
data.pokemon.dex_entries.silver.cloyster:9:0	text	data/pokemon/dex_entries/silver/cloyster.asm	9	0	next	spikes on their	
data.pokemon.dex_entries.silver.cloyster:10:0	text	data/pokemon/dex_entries/silver/cloyster.asm	10	0	next	shells.@	
data.pokemon.dex_entries.silver.corsola:1:0	text	data/pokemon/dex_entries/silver/corsola.asm	1	0	db	CORAL@	
data.pokemon.dex_entries.silver.corsola:4:0	text	data/pokemon/dex_entries/silver/corsola.asm	4	0	db	In a south sea	
data.pokemon.dex_entries.silver.corsola:5:0	text	data/pokemon/dex_entries/silver/corsola.asm	5	0	next	nation, the people	
data.pokemon.dex_entries.silver.corsola:6:0	text	data/pokemon/dex_entries/silver/corsola.asm	6	0	next	live in communi-	
data.pokemon.dex_entries.silver.corsola:8:0	text	data/pokemon/dex_entries/silver/corsola.asm	8	0	page	ties that are	
data.pokemon.dex_entries.silver.corsola:9:0	text	data/pokemon/dex_entries/silver/corsola.asm	9	0	next	built on groups of	
data.pokemon.dex_entries.silver.corsola:10:0	text	data/pokemon/dex_entries/silver/corsola.asm	10	0	next	these #MON.@	
data.pokemon.dex_entries.silver.crobat:1:0	text	data/pokemon/dex_entries/silver/crobat.asm	1	0	db	BAT@	
data.pokemon.dex_entries.silver.crobat:4:0	text	data/pokemon/dex_entries/silver/crobat.asm	4	0	db	The development of	
data.pokemon.dex_entries.silver.crobat:5:0	text	data/pokemon/dex_entries/silver/crobat.asm	5	0	next	wings on its legs	
data.pokemon.dex_entries.silver.crobat:6:0	text	data/pokemon/dex_entries/silver/crobat.asm	6	0	next	enables it to fly	
data.pokemon.dex_entries.silver.crobat:8:0	text	data/pokemon/dex_entries/silver/crobat.asm	8	0	page	fast but also	
data.pokemon.dex_entries.silver.crobat:9:0	text	data/pokemon/dex_entries/silver/crobat.asm	9	0	next	makes it tough to	
data.pokemon.dex_entries.silver.crobat:10:0	text	data/pokemon/dex_entries/silver/crobat.asm	10	0	next	stop and rest.@	
data.pokemon.dex_entries.silver.croconaw:1:0	text	data/pokemon/dex_entries/silver/croconaw.asm	1	0	db	BIG JAW@	
data.pokemon.dex_entries.silver.croconaw:4:0	text	data/pokemon/dex_entries/silver/croconaw.asm	4	0	db	It opens its huge	
data.pokemon.dex_entries.silver.croconaw:5:0	text	data/pokemon/dex_entries/silver/croconaw.asm	5	0	next	jaws wide when	
data.pokemon.dex_entries.silver.croconaw:6:0	text	data/pokemon/dex_entries/silver/croconaw.asm	6	0	next	attacking. If it	
data.pokemon.dex_entries.silver.croconaw:8:0	text	data/pokemon/dex_entries/silver/croconaw.asm	8	0	page	loses any fangs	
data.pokemon.dex_entries.silver.croconaw:9:0	text	data/pokemon/dex_entries/silver/croconaw.asm	9	0	next	while biting, they	
data.pokemon.dex_entries.silver.croconaw:10:0	text	data/pokemon/dex_entries/silver/croconaw.asm	10	0	next	grow back in.@	
data.pokemon.dex_entries.silver.cubone:1:0	text	data/pokemon/dex_entries/silver/cubone.asm	1	0	db	LONELY@	
data.pokemon.dex_entries.silver.cubone:4:0	text	data/pokemon/dex_entries/silver/cubone.asm	4	0	db	It always wears	
data.pokemon.dex_entries.silver.cubone:5:0	text	data/pokemon/dex_entries/silver/cubone.asm	5	0	next	the skull of its	
data.pokemon.dex_entries.silver.cubone:6:0	text	data/pokemon/dex_entries/silver/cubone.asm	6	0	next	dead mother, so no	
data.pokemon.dex_entries.silver.cubone:8:0	text	data/pokemon/dex_entries/silver/cubone.asm	8	0	page	one has any idea	
data.pokemon.dex_entries.silver.cubone:9:0	text	data/pokemon/dex_entries/silver/cubone.asm	9	0	next	what its hidden	
data.pokemon.dex_entries.silver.cubone:10:0	text	data/pokemon/dex_entries/silver/cubone.asm	10	0	next	face looks like.@	
data.pokemon.dex_entries.silver.cyndaquil:1:0	text	data/pokemon/dex_entries/silver/cyndaquil.asm	1	0	db	FIRE MOUSE@	
data.pokemon.dex_entries.silver.cyndaquil:4:0	text	data/pokemon/dex_entries/silver/cyndaquil.asm	4	0	db	It usually stays	
data.pokemon.dex_entries.silver.cyndaquil:5:0	text	data/pokemon/dex_entries/silver/cyndaquil.asm	5	0	next	hunched over.	
data.pokemon.dex_entries.silver.cyndaquil:6:0	text	data/pokemon/dex_entries/silver/cyndaquil.asm	6	0	next	If it is angry or	
data.pokemon.dex_entries.silver.cyndaquil:8:0	text	data/pokemon/dex_entries/silver/cyndaquil.asm	8	0	page	surprised, it	
data.pokemon.dex_entries.silver.cyndaquil:9:0	text	data/pokemon/dex_entries/silver/cyndaquil.asm	9	0	next	shoots flames out	
data.pokemon.dex_entries.silver.cyndaquil:10:0	text	data/pokemon/dex_entries/silver/cyndaquil.asm	10	0	next	of its back.@	
data.pokemon.dex_entries.silver.delibird:1:0	text	data/pokemon/dex_entries/silver/delibird.asm	1	0	db	DELIVERY@	
data.pokemon.dex_entries.silver.delibird:4:0	text	data/pokemon/dex_entries/silver/delibird.asm	4	0	db	It nests at the	
data.pokemon.dex_entries.silver.delibird:5:0	text	data/pokemon/dex_entries/silver/delibird.asm	5	0	next	edge of sharp	
data.pokemon.dex_entries.silver.delibird:6:0	text	data/pokemon/dex_entries/silver/delibird.asm	6	0	next	cliffs. It spends	
data.pokemon.dex_entries.silver.delibird:8:0	text	data/pokemon/dex_entries/silver/delibird.asm	8	0	page	all day carrying	
data.pokemon.dex_entries.silver.delibird:9:0	text	data/pokemon/dex_entries/silver/delibird.asm	9	0	next	food to its await-	
data.pokemon.dex_entries.silver.delibird:10:0	text	data/pokemon/dex_entries/silver/delibird.asm	10	0	next	ing chicks.@	
data.pokemon.dex_entries.silver.dewgong:1:0	text	data/pokemon/dex_entries/silver/dewgong.asm	1	0	db	SEA LION@	
data.pokemon.dex_entries.silver.dewgong:4:0	text	data/pokemon/dex_entries/silver/dewgong.asm	4	0	db	It loves frigid	
data.pokemon.dex_entries.silver.dewgong:5:0	text	data/pokemon/dex_entries/silver/dewgong.asm	5	0	next	seas with ice	
data.pokemon.dex_entries.silver.dewgong:6:0	text	data/pokemon/dex_entries/silver/dewgong.asm	6	0	next	floes. It uses its	
data.pokemon.dex_entries.silver.dewgong:8:0	text	data/pokemon/dex_entries/silver/dewgong.asm	8	0	page	long tail to	
data.pokemon.dex_entries.silver.dewgong:9:0	text	data/pokemon/dex_entries/silver/dewgong.asm	9	0	next	change swimming	
data.pokemon.dex_entries.silver.dewgong:10:0	text	data/pokemon/dex_entries/silver/dewgong.asm	10	0	next	direction quickly.@	
data.pokemon.dex_entries.silver.diglett:1:0	text	data/pokemon/dex_entries/silver/diglett.asm	1	0	db	MOLE@	
data.pokemon.dex_entries.silver.diglett:4:0	text	data/pokemon/dex_entries/silver/diglett.asm	4	0	db	If a DIGLETT DIGS	
data.pokemon.dex_entries.silver.diglett:5:0	text	data/pokemon/dex_entries/silver/diglett.asm	5	0	next	through a field,	
data.pokemon.dex_entries.silver.diglett:6:0	text	data/pokemon/dex_entries/silver/diglett.asm	6	0	next	it leaves the soil	
data.pokemon.dex_entries.silver.diglett:8:0	text	data/pokemon/dex_entries/silver/diglett.asm	8	0	page	perfectly tilled	
data.pokemon.dex_entries.silver.diglett:9:0	text	data/pokemon/dex_entries/silver/diglett.asm	9	0	next	and ideal for	
data.pokemon.dex_entries.silver.diglett:10:0	text	data/pokemon/dex_entries/silver/diglett.asm	10	0	next	planting crops.@	
data.pokemon.dex_entries.silver.ditto:1:0	text	data/pokemon/dex_entries/silver/ditto.asm	1	0	db	TRANSFORM@	
data.pokemon.dex_entries.silver.ditto:4:0	text	data/pokemon/dex_entries/silver/ditto.asm	4	0	db	Its transformation	
data.pokemon.dex_entries.silver.ditto:5:0	text	data/pokemon/dex_entries/silver/ditto.asm	5	0	next	ability is per-	
data.pokemon.dex_entries.silver.ditto:6:0	text	data/pokemon/dex_entries/silver/ditto.asm	6	0	next	fect. However, if	
data.pokemon.dex_entries.silver.ditto:8:0	text	data/pokemon/dex_entries/silver/ditto.asm	8	0	page	made to laugh, it	
data.pokemon.dex_entries.silver.ditto:9:0	text	data/pokemon/dex_entries/silver/ditto.asm	9	0	next	can't maintain its	
data.pokemon.dex_entries.silver.ditto:10:0	text	data/pokemon/dex_entries/silver/ditto.asm	10	0	next	disguise.@	
data.pokemon.dex_entries.silver.dodrio:1:0	text	data/pokemon/dex_entries/silver/dodrio.asm	1	0	db	TRIPLEBIRD@	
data.pokemon.dex_entries.silver.dodrio:4:0	text	data/pokemon/dex_entries/silver/dodrio.asm	4	0	db	If one of the	
data.pokemon.dex_entries.silver.dodrio:5:0	text	data/pokemon/dex_entries/silver/dodrio.asm	5	0	next	heads gets to eat,	
data.pokemon.dex_entries.silver.dodrio:6:0	text	data/pokemon/dex_entries/silver/dodrio.asm	6	0	next	the others will be	
data.pokemon.dex_entries.silver.dodrio:8:0	text	data/pokemon/dex_entries/silver/dodrio.asm	8	0	page	satisfied, too,	
data.pokemon.dex_entries.silver.dodrio:9:0	text	data/pokemon/dex_entries/silver/dodrio.asm	9	0	next	and they will stop	
data.pokemon.dex_entries.silver.dodrio:10:0	text	data/pokemon/dex_entries/silver/dodrio.asm	10	0	next	squabbling.@	
data.pokemon.dex_entries.silver.doduo:1:0	text	data/pokemon/dex_entries/silver/doduo.asm	1	0	db	TWIN BIRD@	
data.pokemon.dex_entries.silver.doduo:4:0	text	data/pokemon/dex_entries/silver/doduo.asm	4	0	db	It races through	
data.pokemon.dex_entries.silver.doduo:5:0	text	data/pokemon/dex_entries/silver/doduo.asm	5	0	next	grassy plains with	
data.pokemon.dex_entries.silver.doduo:6:0	text	data/pokemon/dex_entries/silver/doduo.asm	6	0	next	powerful strides,	
data.pokemon.dex_entries.silver.doduo:8:0	text	data/pokemon/dex_entries/silver/doduo.asm	8	0	page	leaving footprints	
data.pokemon.dex_entries.silver.doduo:9:0	text	data/pokemon/dex_entries/silver/doduo.asm	9	0	next	up to four inches	
data.pokemon.dex_entries.silver.doduo:10:0	text	data/pokemon/dex_entries/silver/doduo.asm	10	0	next	deep.@	
data.pokemon.dex_entries.silver.donphan:1:0	text	data/pokemon/dex_entries/silver/donphan.asm	1	0	db	ARMOR@	
data.pokemon.dex_entries.silver.donphan:4:0	text	data/pokemon/dex_entries/silver/donphan.asm	4	0	db	The longer and	
data.pokemon.dex_entries.silver.donphan:5:0	text	data/pokemon/dex_entries/silver/donphan.asm	5	0	next	bigger its tusks,	
data.pokemon.dex_entries.silver.donphan:6:0	text	data/pokemon/dex_entries/silver/donphan.asm	6	0	next	the higher its	
data.pokemon.dex_entries.silver.donphan:8:0	text	data/pokemon/dex_entries/silver/donphan.asm	8	0	page	rank in its herd.	
data.pokemon.dex_entries.silver.donphan:9:0	text	data/pokemon/dex_entries/silver/donphan.asm	9	0	next	The tusks take	
data.pokemon.dex_entries.silver.donphan:10:0	text	data/pokemon/dex_entries/silver/donphan.asm	10	0	next	long to grow.@	
data.pokemon.dex_entries.silver.dragonair:1:0	text	data/pokemon/dex_entries/silver/dragonair.asm	1	0	db	DRAGON@	
data.pokemon.dex_entries.silver.dragonair:4:0	text	data/pokemon/dex_entries/silver/dragonair.asm	4	0	db	Its crystalline	
data.pokemon.dex_entries.silver.dragonair:5:0	text	data/pokemon/dex_entries/silver/dragonair.asm	5	0	next	orbs appear to	
data.pokemon.dex_entries.silver.dragonair:6:0	text	data/pokemon/dex_entries/silver/dragonair.asm	6	0	next	give this #MON	
data.pokemon.dex_entries.silver.dragonair:8:0	text	data/pokemon/dex_entries/silver/dragonair.asm	8	0	page	the power to	
data.pokemon.dex_entries.silver.dragonair:9:0	text	data/pokemon/dex_entries/silver/dragonair.asm	9	0	next	freely control the	
data.pokemon.dex_entries.silver.dragonair:10:0	text	data/pokemon/dex_entries/silver/dragonair.asm	10	0	next	weather.@	
data.pokemon.dex_entries.silver.dragonite:1:0	text	data/pokemon/dex_entries/silver/dragonite.asm	1	0	db	DRAGON@	
data.pokemon.dex_entries.silver.dragonite:4:0	text	data/pokemon/dex_entries/silver/dragonite.asm	4	0	db	This marine #-	
data.pokemon.dex_entries.silver.dragonite:5:0	text	data/pokemon/dex_entries/silver/dragonite.asm	5	0	next	MON has an impres-	
data.pokemon.dex_entries.silver.dragonite:6:0	text	data/pokemon/dex_entries/silver/dragonite.asm	6	0	next	sive build that	
data.pokemon.dex_entries.silver.dragonite:8:0	text	data/pokemon/dex_entries/silver/dragonite.asm	8	0	page	lets it freely fly	
data.pokemon.dex_entries.silver.dragonite:9:0	text	data/pokemon/dex_entries/silver/dragonite.asm	9	0	next	over raging seas	
data.pokemon.dex_entries.silver.dragonite:10:0	text	data/pokemon/dex_entries/silver/dragonite.asm	10	0	next	without trouble.@	
data.pokemon.dex_entries.silver.dratini:1:0	text	data/pokemon/dex_entries/silver/dratini.asm	1	0	db	DRAGON@	
data.pokemon.dex_entries.silver.dratini:4:0	text	data/pokemon/dex_entries/silver/dratini.asm	4	0	db	This #MON is	
data.pokemon.dex_entries.silver.dratini:5:0	text	data/pokemon/dex_entries/silver/dratini.asm	5	0	next	full of life ener-	
data.pokemon.dex_entries.silver.dratini:6:0	text	data/pokemon/dex_entries/silver/dratini.asm	6	0	next	gy. It continually	
data.pokemon.dex_entries.silver.dratini:8:0	text	data/pokemon/dex_entries/silver/dratini.asm	8	0	page	sheds its skin and	
data.pokemon.dex_entries.silver.dratini:9:0	text	data/pokemon/dex_entries/silver/dratini.asm	9	0	next	grows steadily	
data.pokemon.dex_entries.silver.dratini:10:0	text	data/pokemon/dex_entries/silver/dratini.asm	10	0	next	larger.@	
data.pokemon.dex_entries.silver.drowzee:1:0	text	data/pokemon/dex_entries/silver/drowzee.asm	1	0	db	HYPNOSIS@	
data.pokemon.dex_entries.silver.drowzee:4:0	text	data/pokemon/dex_entries/silver/drowzee.asm	4	0	db	It remembers every	
data.pokemon.dex_entries.silver.drowzee:5:0	text	data/pokemon/dex_entries/silver/drowzee.asm	5	0	next	dream it eats. It	
data.pokemon.dex_entries.silver.drowzee:6:0	text	data/pokemon/dex_entries/silver/drowzee.asm	6	0	next	rarely eats the	
data.pokemon.dex_entries.silver.drowzee:8:0	text	data/pokemon/dex_entries/silver/drowzee.asm	8	0	page	dreams of adults	
data.pokemon.dex_entries.silver.drowzee:9:0	text	data/pokemon/dex_entries/silver/drowzee.asm	9	0	next	because children's	
data.pokemon.dex_entries.silver.drowzee:10:0	text	data/pokemon/dex_entries/silver/drowzee.asm	10	0	next	are much tastier.@	
data.pokemon.dex_entries.silver.dugtrio:1:0	text	data/pokemon/dex_entries/silver/dugtrio.asm	1	0	db	MOLE@	
data.pokemon.dex_entries.silver.dugtrio:4:0	text	data/pokemon/dex_entries/silver/dugtrio.asm	4	0	db	Extremely power-	
data.pokemon.dex_entries.silver.dugtrio:5:0	text	data/pokemon/dex_entries/silver/dugtrio.asm	5	0	next	ful, they can DIG	
data.pokemon.dex_entries.silver.dugtrio:6:0	text	data/pokemon/dex_entries/silver/dugtrio.asm	6	0	next	through even the	
data.pokemon.dex_entries.silver.dugtrio:8:0	text	data/pokemon/dex_entries/silver/dugtrio.asm	8	0	page	hardest ground to	
data.pokemon.dex_entries.silver.dugtrio:9:0	text	data/pokemon/dex_entries/silver/dugtrio.asm	9	0	next	a depth of over 60	
data.pokemon.dex_entries.silver.dugtrio:10:0	text	data/pokemon/dex_entries/silver/dugtrio.asm	10	0	next	miles.@	
data.pokemon.dex_entries.silver.dunsparce:1:0	text	data/pokemon/dex_entries/silver/dunsparce.asm	1	0	db	LAND SNAKE@	
data.pokemon.dex_entries.silver.dunsparce:4:0	text	data/pokemon/dex_entries/silver/dunsparce.asm	4	0	db	If spotted, it es-	
data.pokemon.dex_entries.silver.dunsparce:5:0	text	data/pokemon/dex_entries/silver/dunsparce.asm	5	0	next	capes by burrowing	
data.pokemon.dex_entries.silver.dunsparce:6:0	text	data/pokemon/dex_entries/silver/dunsparce.asm	6	0	next	with its tail.	
data.pokemon.dex_entries.silver.dunsparce:8:0	text	data/pokemon/dex_entries/silver/dunsparce.asm	8	0	page	It can float just	
data.pokemon.dex_entries.silver.dunsparce:9:0	text	data/pokemon/dex_entries/silver/dunsparce.asm	9	0	next	slightly using its	
data.pokemon.dex_entries.silver.dunsparce:10:0	text	data/pokemon/dex_entries/silver/dunsparce.asm	10	0	next	wings.@	
data.pokemon.dex_entries.silver.eevee:1:0	text	data/pokemon/dex_entries/silver/eevee.asm	1	0	db	EVOLUTION@	
data.pokemon.dex_entries.silver.eevee:4:0	text	data/pokemon/dex_entries/silver/eevee.asm	4	0	db	Its irregularly	
data.pokemon.dex_entries.silver.eevee:5:0	text	data/pokemon/dex_entries/silver/eevee.asm	5	0	next	configured DNA is	
data.pokemon.dex_entries.silver.eevee:6:0	text	data/pokemon/dex_entries/silver/eevee.asm	6	0	next	affected by its	
data.pokemon.dex_entries.silver.eevee:8:0	text	data/pokemon/dex_entries/silver/eevee.asm	8	0	page	surroundings. It	
data.pokemon.dex_entries.silver.eevee:9:0	text	data/pokemon/dex_entries/silver/eevee.asm	9	0	next	evolves if its en-	
data.pokemon.dex_entries.silver.eevee:10:0	text	data/pokemon/dex_entries/silver/eevee.asm	10	0	next	vironment changes.@	
data.pokemon.dex_entries.silver.ekans:1:0	text	data/pokemon/dex_entries/silver/ekans.asm	1	0	db	SNAKE@	
data.pokemon.dex_entries.silver.ekans:4:0	text	data/pokemon/dex_entries/silver/ekans.asm	4	0	db	It always hides in	
data.pokemon.dex_entries.silver.ekans:5:0	text	data/pokemon/dex_entries/silver/ekans.asm	5	0	next	grass. When first	
data.pokemon.dex_entries.silver.ekans:6:0	text	data/pokemon/dex_entries/silver/ekans.asm	6	0	next	born, it has no	
data.pokemon.dex_entries.silver.ekans:8:0	text	data/pokemon/dex_entries/silver/ekans.asm	8	0	page	poison, so its	
data.pokemon.dex_entries.silver.ekans:9:0	text	data/pokemon/dex_entries/silver/ekans.asm	9	0	next	bite is painful,	
data.pokemon.dex_entries.silver.ekans:10:0	text	data/pokemon/dex_entries/silver/ekans.asm	10	0	next	but harmless.@	
data.pokemon.dex_entries.silver.electabuzz:1:0	text	data/pokemon/dex_entries/silver/electabuzz.asm	1	0	db	ELECTRIC@	
data.pokemon.dex_entries.silver.electabuzz:4:0	text	data/pokemon/dex_entries/silver/electabuzz.asm	4	0	db	Its body constant-	
data.pokemon.dex_entries.silver.electabuzz:5:0	text	data/pokemon/dex_entries/silver/electabuzz.asm	5	0	next	ly discharges	
data.pokemon.dex_entries.silver.electabuzz:6:0	text	data/pokemon/dex_entries/silver/electabuzz.asm	6	0	next	electricity. Get-	
data.pokemon.dex_entries.silver.electabuzz:8:0	text	data/pokemon/dex_entries/silver/electabuzz.asm	8	0	page	ting close to it	
data.pokemon.dex_entries.silver.electabuzz:9:0	text	data/pokemon/dex_entries/silver/electabuzz.asm	9	0	next	will make your	
data.pokemon.dex_entries.silver.electabuzz:10:0	text	data/pokemon/dex_entries/silver/electabuzz.asm	10	0	next	hair stand on end.@	
data.pokemon.dex_entries.silver.electrode:1:0	text	data/pokemon/dex_entries/silver/electrode.asm	1	0	db	BALL@	
data.pokemon.dex_entries.silver.electrode:4:0	text	data/pokemon/dex_entries/silver/electrode.asm	4	0	db	It stores an over-	
data.pokemon.dex_entries.silver.electrode:5:0	text	data/pokemon/dex_entries/silver/electrode.asm	5	0	next	flowing amount of	
data.pokemon.dex_entries.silver.electrode:6:0	text	data/pokemon/dex_entries/silver/electrode.asm	6	0	next	electric energy	
data.pokemon.dex_entries.silver.electrode:8:0	text	data/pokemon/dex_entries/silver/electrode.asm	8	0	page	inside its body.	
data.pokemon.dex_entries.silver.electrode:9:0	text	data/pokemon/dex_entries/silver/electrode.asm	9	0	next	Even a small shock	
data.pokemon.dex_entries.silver.electrode:10:0	text	data/pokemon/dex_entries/silver/electrode.asm	10	0	next	makes it explode.@	
data.pokemon.dex_entries.silver.elekid:1:0	text	data/pokemon/dex_entries/silver/elekid.asm	1	0	db	ELECTRIC@	
data.pokemon.dex_entries.silver.elekid:4:0	text	data/pokemon/dex_entries/silver/elekid.asm	4	0	db	Even in the most	
data.pokemon.dex_entries.silver.elekid:5:0	text	data/pokemon/dex_entries/silver/elekid.asm	5	0	next	vicious storm,	
data.pokemon.dex_entries.silver.elekid:6:0	text	data/pokemon/dex_entries/silver/elekid.asm	6	0	next	this #MON plays	
data.pokemon.dex_entries.silver.elekid:8:0	text	data/pokemon/dex_entries/silver/elekid.asm	8	0	page	happily if thunder	
data.pokemon.dex_entries.silver.elekid:9:0	text	data/pokemon/dex_entries/silver/elekid.asm	9	0	next	rumbles in the	
data.pokemon.dex_entries.silver.elekid:10:0	text	data/pokemon/dex_entries/silver/elekid.asm	10	0	next	sky.@	
data.pokemon.dex_entries.silver.entei:1:0	text	data/pokemon/dex_entries/silver/entei.asm	1	0	db	VOLCANO@	
data.pokemon.dex_entries.silver.entei:4:0	text	data/pokemon/dex_entries/silver/entei.asm	4	0	db	A #MON that	
data.pokemon.dex_entries.silver.entei:5:0	text	data/pokemon/dex_entries/silver/entei.asm	5	0	next	races across the	
data.pokemon.dex_entries.silver.entei:6:0	text	data/pokemon/dex_entries/silver/entei.asm	6	0	next	land. It is said	
data.pokemon.dex_entries.silver.entei:8:0	text	data/pokemon/dex_entries/silver/entei.asm	8	0	page	that one is born	
data.pokemon.dex_entries.silver.entei:9:0	text	data/pokemon/dex_entries/silver/entei.asm	9	0	next	every time a new	
data.pokemon.dex_entries.silver.entei:10:0	text	data/pokemon/dex_entries/silver/entei.asm	10	0	next	volcano appears.@	
data.pokemon.dex_entries.silver.espeon:1:0	text	data/pokemon/dex_entries/silver/espeon.asm	1	0	db	SUN@	
data.pokemon.dex_entries.silver.espeon:4:0	text	data/pokemon/dex_entries/silver/espeon.asm	4	0	db	By reading air	
data.pokemon.dex_entries.silver.espeon:5:0	text	data/pokemon/dex_entries/silver/espeon.asm	5	0	next	currents, it can	
data.pokemon.dex_entries.silver.espeon:6:0	text	data/pokemon/dex_entries/silver/espeon.asm	6	0	next	predict things	
data.pokemon.dex_entries.silver.espeon:8:0	text	data/pokemon/dex_entries/silver/espeon.asm	8	0	page	such as the weath-	
data.pokemon.dex_entries.silver.espeon:9:0	text	data/pokemon/dex_entries/silver/espeon.asm	9	0	next	er or its foe's	
data.pokemon.dex_entries.silver.espeon:10:0	text	data/pokemon/dex_entries/silver/espeon.asm	10	0	next	next move.@	
data.pokemon.dex_entries.silver.exeggcute:1:0	text	data/pokemon/dex_entries/silver/exeggcute.asm	1	0	db	EGG@	
data.pokemon.dex_entries.silver.exeggcute:4:0	text	data/pokemon/dex_entries/silver/exeggcute.asm	4	0	db	Using telepathy	
data.pokemon.dex_entries.silver.exeggcute:5:0	text	data/pokemon/dex_entries/silver/exeggcute.asm	5	0	next	only they can	
data.pokemon.dex_entries.silver.exeggcute:6:0	text	data/pokemon/dex_entries/silver/exeggcute.asm	6	0	next	receive, they	
data.pokemon.dex_entries.silver.exeggcute:8:0	text	data/pokemon/dex_entries/silver/exeggcute.asm	8	0	page	always form a	
data.pokemon.dex_entries.silver.exeggcute:9:0	text	data/pokemon/dex_entries/silver/exeggcute.asm	9	0	next	cluster of six	
data.pokemon.dex_entries.silver.exeggcute:10:0	text	data/pokemon/dex_entries/silver/exeggcute.asm	10	0	next	EXEGGCUTE.@	
data.pokemon.dex_entries.silver.exeggutor:1:0	text	data/pokemon/dex_entries/silver/exeggutor.asm	1	0	db	COCONUT@	
data.pokemon.dex_entries.silver.exeggutor:4:0	text	data/pokemon/dex_entries/silver/exeggutor.asm	4	0	db	If a head drops	
data.pokemon.dex_entries.silver.exeggutor:5:0	text	data/pokemon/dex_entries/silver/exeggutor.asm	5	0	next	off, it emits a	
data.pokemon.dex_entries.silver.exeggutor:6:0	text	data/pokemon/dex_entries/silver/exeggutor.asm	6	0	next	telepathic call in	
data.pokemon.dex_entries.silver.exeggutor:8:0	text	data/pokemon/dex_entries/silver/exeggutor.asm	8	0	page	search of others	
data.pokemon.dex_entries.silver.exeggutor:9:0	text	data/pokemon/dex_entries/silver/exeggutor.asm	9	0	next	to form an	
data.pokemon.dex_entries.silver.exeggutor:10:0	text	data/pokemon/dex_entries/silver/exeggutor.asm	10	0	next	EXEGGCUTE cluster.@	
data.pokemon.dex_entries.silver.farfetch_d:1:0	text	data/pokemon/dex_entries/silver/farfetch_d.asm	1	0	db	WILD DUCK@	
data.pokemon.dex_entries.silver.farfetch_d:4:0	text	data/pokemon/dex_entries/silver/farfetch_d.asm	4	0	db	If it eats the	
data.pokemon.dex_entries.silver.farfetch_d:5:0	text	data/pokemon/dex_entries/silver/farfetch_d.asm	5	0	next	plant stick it	
data.pokemon.dex_entries.silver.farfetch_d:6:0	text	data/pokemon/dex_entries/silver/farfetch_d.asm	6	0	next	carries as emer-	
data.pokemon.dex_entries.silver.farfetch_d:8:0	text	data/pokemon/dex_entries/silver/farfetch_d.asm	8	0	page	gency rations, it	
data.pokemon.dex_entries.silver.farfetch_d:9:0	text	data/pokemon/dex_entries/silver/farfetch_d.asm	9	0	next	runs off in search	
data.pokemon.dex_entries.silver.farfetch_d:10:0	text	data/pokemon/dex_entries/silver/farfetch_d.asm	10	0	next	of a new stick.@	
data.pokemon.dex_entries.silver.fearow:1:0	text	data/pokemon/dex_entries/silver/fearow.asm	1	0	db	BEAK@	
data.pokemon.dex_entries.silver.fearow:4:0	text	data/pokemon/dex_entries/silver/fearow.asm	4	0	db	It cleverly uses	
data.pokemon.dex_entries.silver.fearow:5:0	text	data/pokemon/dex_entries/silver/fearow.asm	5	0	next	its thin, long	
data.pokemon.dex_entries.silver.fearow:6:0	text	data/pokemon/dex_entries/silver/fearow.asm	6	0	next	beak to pluck and	
data.pokemon.dex_entries.silver.fearow:8:0	text	data/pokemon/dex_entries/silver/fearow.asm	8	0	page	eat small insects	
data.pokemon.dex_entries.silver.fearow:9:0	text	data/pokemon/dex_entries/silver/fearow.asm	9	0	next	that hide under	
data.pokemon.dex_entries.silver.fearow:10:0	text	data/pokemon/dex_entries/silver/fearow.asm	10	0	next	the ground.@	
data.pokemon.dex_entries.silver.feraligatr:1:0	text	data/pokemon/dex_entries/silver/feraligatr.asm	1	0	db	BIG JAW@	
data.pokemon.dex_entries.silver.feraligatr:4:0	text	data/pokemon/dex_entries/silver/feraligatr.asm	4	0	db	It is hard for it	
data.pokemon.dex_entries.silver.feraligatr:5:0	text	data/pokemon/dex_entries/silver/feraligatr.asm	5	0	next	to support its own	
data.pokemon.dex_entries.silver.feraligatr:6:0	text	data/pokemon/dex_entries/silver/feraligatr.asm	6	0	next	weight out of	
data.pokemon.dex_entries.silver.feraligatr:8:0	text	data/pokemon/dex_entries/silver/feraligatr.asm	8	0	page	water, so it gets	
data.pokemon.dex_entries.silver.feraligatr:9:0	text	data/pokemon/dex_entries/silver/feraligatr.asm	9	0	next	down on all fours.	
data.pokemon.dex_entries.silver.feraligatr:10:0	text	data/pokemon/dex_entries/silver/feraligatr.asm	10	0	next	But it moves fast.@	
data.pokemon.dex_entries.silver.flaaffy:1:0	text	data/pokemon/dex_entries/silver/flaaffy.asm	1	0	db	WOOL@	
data.pokemon.dex_entries.silver.flaaffy:4:0	text	data/pokemon/dex_entries/silver/flaaffy.asm	4	0	db	Its fluffy fleece	
data.pokemon.dex_entries.silver.flaaffy:5:0	text	data/pokemon/dex_entries/silver/flaaffy.asm	5	0	next	easily stores	
data.pokemon.dex_entries.silver.flaaffy:6:0	text	data/pokemon/dex_entries/silver/flaaffy.asm	6	0	next	electricity. Its	
data.pokemon.dex_entries.silver.flaaffy:8:0	text	data/pokemon/dex_entries/silver/flaaffy.asm	8	0	page	rubbery hide keeps	
data.pokemon.dex_entries.silver.flaaffy:9:0	text	data/pokemon/dex_entries/silver/flaaffy.asm	9	0	next	it from being	
data.pokemon.dex_entries.silver.flaaffy:10:0	text	data/pokemon/dex_entries/silver/flaaffy.asm	10	0	next	electrocuted.@	
data.pokemon.dex_entries.silver.flareon:1:0	text	data/pokemon/dex_entries/silver/flareon.asm	1	0	db	FLAME@	
data.pokemon.dex_entries.silver.flareon:4:0	text	data/pokemon/dex_entries/silver/flareon.asm	4	0	db	It fluffs out its	
data.pokemon.dex_entries.silver.flareon:5:0	text	data/pokemon/dex_entries/silver/flareon.asm	5	0	next	fur collar to cool	
data.pokemon.dex_entries.silver.flareon:6:0	text	data/pokemon/dex_entries/silver/flareon.asm	6	0	next	down its body	
data.pokemon.dex_entries.silver.flareon:8:0	text	data/pokemon/dex_entries/silver/flareon.asm	8	0	page	temperature, which	
data.pokemon.dex_entries.silver.flareon:9:0	text	data/pokemon/dex_entries/silver/flareon.asm	9	0	next	can reach 1,650	
data.pokemon.dex_entries.silver.flareon:10:0	text	data/pokemon/dex_entries/silver/flareon.asm	10	0	next	degrees.@	
data.pokemon.dex_entries.silver.forretress:1:0	text	data/pokemon/dex_entries/silver/forretress.asm	1	0	db	BAGWORM@	
data.pokemon.dex_entries.silver.forretress:4:0	text	data/pokemon/dex_entries/silver/forretress.asm	4	0	db	It remains immova-	
data.pokemon.dex_entries.silver.forretress:5:0	text	data/pokemon/dex_entries/silver/forretress.asm	5	0	next	bly rooted to its	
data.pokemon.dex_entries.silver.forretress:6:0	text	data/pokemon/dex_entries/silver/forretress.asm	6	0	next	tree. It scatters	
data.pokemon.dex_entries.silver.forretress:8:0	text	data/pokemon/dex_entries/silver/forretress.asm	8	0	page	pieces of its hard	
data.pokemon.dex_entries.silver.forretress:9:0	text	data/pokemon/dex_entries/silver/forretress.asm	9	0	next	shell to drive its	
data.pokemon.dex_entries.silver.forretress:10:0	text	data/pokemon/dex_entries/silver/forretress.asm	10	0	next	enemies away.@	
data.pokemon.dex_entries.silver.furret:1:0	text	data/pokemon/dex_entries/silver/furret.asm	1	0	db	LONG BODY@	
data.pokemon.dex_entries.silver.furret:4:0	text	data/pokemon/dex_entries/silver/furret.asm	4	0	db	There is no tell-	
data.pokemon.dex_entries.silver.furret:5:0	text	data/pokemon/dex_entries/silver/furret.asm	5	0	next	ing where the tail	
data.pokemon.dex_entries.silver.furret:6:0	text	data/pokemon/dex_entries/silver/furret.asm	6	0	next	begins. Despite	
data.pokemon.dex_entries.silver.furret:8:0	text	data/pokemon/dex_entries/silver/furret.asm	8	0	page	its short legs, it	
data.pokemon.dex_entries.silver.furret:9:0	text	data/pokemon/dex_entries/silver/furret.asm	9	0	next	is quick at hunt-	
data.pokemon.dex_entries.silver.furret:10:0	text	data/pokemon/dex_entries/silver/furret.asm	10	0	next	ing RATTATA.@	
data.pokemon.dex_entries.silver.gastly:1:0	text	data/pokemon/dex_entries/silver/gastly.asm	1	0	db	GAS@	
data.pokemon.dex_entries.silver.gastly:4:0	text	data/pokemon/dex_entries/silver/gastly.asm	4	0	db	Its thin body is	
data.pokemon.dex_entries.silver.gastly:5:0	text	data/pokemon/dex_entries/silver/gastly.asm	5	0	next	made of gas. It	
data.pokemon.dex_entries.silver.gastly:6:0	text	data/pokemon/dex_entries/silver/gastly.asm	6	0	next	can envelop an	
data.pokemon.dex_entries.silver.gastly:8:0	text	data/pokemon/dex_entries/silver/gastly.asm	8	0	page	opponent of any	
data.pokemon.dex_entries.silver.gastly:9:0	text	data/pokemon/dex_entries/silver/gastly.asm	9	0	next	size and cause	
data.pokemon.dex_entries.silver.gastly:10:0	text	data/pokemon/dex_entries/silver/gastly.asm	10	0	next	suffocation.@	
data.pokemon.dex_entries.silver.gengar:1:0	text	data/pokemon/dex_entries/silver/gengar.asm	1	0	db	SHADOW@	
data.pokemon.dex_entries.silver.gengar:4:0	text	data/pokemon/dex_entries/silver/gengar.asm	4	0	db	To steal the life	
data.pokemon.dex_entries.silver.gengar:5:0	text	data/pokemon/dex_entries/silver/gengar.asm	5	0	next	of its target, it	
data.pokemon.dex_entries.silver.gengar:6:0	text	data/pokemon/dex_entries/silver/gengar.asm	6	0	next	slips into the	
data.pokemon.dex_entries.silver.gengar:8:0	text	data/pokemon/dex_entries/silver/gengar.asm	8	0	page	prey's shadow and	
data.pokemon.dex_entries.silver.gengar:9:0	text	data/pokemon/dex_entries/silver/gengar.asm	9	0	next	silently waits for	
data.pokemon.dex_entries.silver.gengar:10:0	text	data/pokemon/dex_entries/silver/gengar.asm	10	0	next	an opportunity.@	
data.pokemon.dex_entries.silver.geodude:1:0	text	data/pokemon/dex_entries/silver/geodude.asm	1	0	db	ROCK@	
data.pokemon.dex_entries.silver.geodude:4:0	text	data/pokemon/dex_entries/silver/geodude.asm	4	0	db	It uses its arms	
data.pokemon.dex_entries.silver.geodude:5:0	text	data/pokemon/dex_entries/silver/geodude.asm	5	0	next	to steadily climb	
data.pokemon.dex_entries.silver.geodude:6:0	text	data/pokemon/dex_entries/silver/geodude.asm	6	0	next	steep mountain	
data.pokemon.dex_entries.silver.geodude:8:0	text	data/pokemon/dex_entries/silver/geodude.asm	8	0	page	paths. It swings	
data.pokemon.dex_entries.silver.geodude:9:0	text	data/pokemon/dex_entries/silver/geodude.asm	9	0	next	its fists around	
data.pokemon.dex_entries.silver.geodude:10:0	text	data/pokemon/dex_entries/silver/geodude.asm	10	0	next	if angered.@	
data.pokemon.dex_entries.silver.girafarig:1:0	text	data/pokemon/dex_entries/silver/girafarig.asm	1	0	db	LONG NECK@	
data.pokemon.dex_entries.silver.girafarig:4:0	text	data/pokemon/dex_entries/silver/girafarig.asm	4	0	db	Its tail, which	
data.pokemon.dex_entries.silver.girafarig:5:0	text	data/pokemon/dex_entries/silver/girafarig.asm	5	0	next	also contains a	
data.pokemon.dex_entries.silver.girafarig:6:0	text	data/pokemon/dex_entries/silver/girafarig.asm	6	0	next	small brain, may	
data.pokemon.dex_entries.silver.girafarig:8:0	text	data/pokemon/dex_entries/silver/girafarig.asm	8	0	page	bite on its own if	
data.pokemon.dex_entries.silver.girafarig:9:0	text	data/pokemon/dex_entries/silver/girafarig.asm	9	0	next	it notices an	
data.pokemon.dex_entries.silver.girafarig:10:0	text	data/pokemon/dex_entries/silver/girafarig.asm	10	0	next	alluring smell.@	
data.pokemon.dex_entries.silver.gligar:1:0	text	data/pokemon/dex_entries/silver/gligar.asm	1	0	db	FLYSCORPIO@	
data.pokemon.dex_entries.silver.gligar:4:0	text	data/pokemon/dex_entries/silver/gligar.asm	4	0	db	It usually clings	
data.pokemon.dex_entries.silver.gligar:5:0	text	data/pokemon/dex_entries/silver/gligar.asm	5	0	next	to cliffs. When it	
data.pokemon.dex_entries.silver.gligar:6:0	text	data/pokemon/dex_entries/silver/gligar.asm	6	0	next	spots its prey, it	
data.pokemon.dex_entries.silver.gligar:8:0	text	data/pokemon/dex_entries/silver/gligar.asm	8	0	page	spreads its wings	
data.pokemon.dex_entries.silver.gligar:9:0	text	data/pokemon/dex_entries/silver/gligar.asm	9	0	next	and glides down to	
data.pokemon.dex_entries.silver.gligar:10:0	text	data/pokemon/dex_entries/silver/gligar.asm	10	0	next	attack.@	
data.pokemon.dex_entries.silver.gloom:1:0	text	data/pokemon/dex_entries/silver/gloom.asm	1	0	db	WEED@	
data.pokemon.dex_entries.silver.gloom:4:0	text	data/pokemon/dex_entries/silver/gloom.asm	4	0	db	It secretes a	
data.pokemon.dex_entries.silver.gloom:5:0	text	data/pokemon/dex_entries/silver/gloom.asm	5	0	next	sticky, drool-like	
data.pokemon.dex_entries.silver.gloom:6:0	text	data/pokemon/dex_entries/silver/gloom.asm	6	0	next	honey. Although	
data.pokemon.dex_entries.silver.gloom:8:0	text	data/pokemon/dex_entries/silver/gloom.asm	8	0	page	sweet, it smells	
data.pokemon.dex_entries.silver.gloom:9:0	text	data/pokemon/dex_entries/silver/gloom.asm	9	0	next	too repulsive to	
data.pokemon.dex_entries.silver.gloom:10:0	text	data/pokemon/dex_entries/silver/gloom.asm	10	0	next	get very close.@	
data.pokemon.dex_entries.silver.golbat:1:0	text	data/pokemon/dex_entries/silver/golbat.asm	1	0	db	BAT@	
data.pokemon.dex_entries.silver.golbat:4:0	text	data/pokemon/dex_entries/silver/golbat.asm	4	0	db	It can drink more	
data.pokemon.dex_entries.silver.golbat:5:0	text	data/pokemon/dex_entries/silver/golbat.asm	5	0	next	than 10 ounces of	
data.pokemon.dex_entries.silver.golbat:6:0	text	data/pokemon/dex_entries/silver/golbat.asm	6	0	next	blood at once. If	
data.pokemon.dex_entries.silver.golbat:8:0	text	data/pokemon/dex_entries/silver/golbat.asm	8	0	page	it has too much,	
data.pokemon.dex_entries.silver.golbat:9:0	text	data/pokemon/dex_entries/silver/golbat.asm	9	0	next	it gets heavy and	
data.pokemon.dex_entries.silver.golbat:10:0	text	data/pokemon/dex_entries/silver/golbat.asm	10	0	next	flies clumsily.@	
data.pokemon.dex_entries.silver.goldeen:1:0	text	data/pokemon/dex_entries/silver/goldeen.asm	1	0	db	GOLDFISH@	
data.pokemon.dex_entries.silver.goldeen:4:0	text	data/pokemon/dex_entries/silver/goldeen.asm	4	0	db	A strong swimmer,	
data.pokemon.dex_entries.silver.goldeen:5:0	text	data/pokemon/dex_entries/silver/goldeen.asm	5	0	next	it is capable of	
data.pokemon.dex_entries.silver.goldeen:6:0	text	data/pokemon/dex_entries/silver/goldeen.asm	6	0	next	swimming nonstop	
data.pokemon.dex_entries.silver.goldeen:8:0	text	data/pokemon/dex_entries/silver/goldeen.asm	8	0	page	up fast streams at	
data.pokemon.dex_entries.silver.goldeen:9:0	text	data/pokemon/dex_entries/silver/goldeen.asm	9	0	next	a steady speed of	
data.pokemon.dex_entries.silver.goldeen:10:0	text	data/pokemon/dex_entries/silver/goldeen.asm	10	0	next	five knots.@	
data.pokemon.dex_entries.silver.golduck:1:0	text	data/pokemon/dex_entries/silver/golduck.asm	1	0	db	DUCK@	
data.pokemon.dex_entries.silver.golduck:4:0	text	data/pokemon/dex_entries/silver/golduck.asm	4	0	db	It appears by	
data.pokemon.dex_entries.silver.golduck:5:0	text	data/pokemon/dex_entries/silver/golduck.asm	5	0	next	waterways at dusk.	
data.pokemon.dex_entries.silver.golduck:6:0	text	data/pokemon/dex_entries/silver/golduck.asm	6	0	next	It may use tele-	
data.pokemon.dex_entries.silver.golduck:8:0	text	data/pokemon/dex_entries/silver/golduck.asm	8	0	page	kinetic powers if	
data.pokemon.dex_entries.silver.golduck:9:0	text	data/pokemon/dex_entries/silver/golduck.asm	9	0	next	its forehead glows	
data.pokemon.dex_entries.silver.golduck:10:0	text	data/pokemon/dex_entries/silver/golduck.asm	10	0	next	mysteriously.@	
data.pokemon.dex_entries.silver.golem:1:0	text	data/pokemon/dex_entries/silver/golem.asm	1	0	db	MEGATON@	
data.pokemon.dex_entries.silver.golem:4:0	text	data/pokemon/dex_entries/silver/golem.asm	4	0	db	It is capable of	
data.pokemon.dex_entries.silver.golem:5:0	text	data/pokemon/dex_entries/silver/golem.asm	5	0	next	blowing itself up.	
data.pokemon.dex_entries.silver.golem:6:0	text	data/pokemon/dex_entries/silver/golem.asm	6	0	next	It uses this	
data.pokemon.dex_entries.silver.golem:8:0	text	data/pokemon/dex_entries/silver/golem.asm	8	0	page	explosive force to	
data.pokemon.dex_entries.silver.golem:9:0	text	data/pokemon/dex_entries/silver/golem.asm	9	0	next	jump from mountain	
data.pokemon.dex_entries.silver.golem:10:0	text	data/pokemon/dex_entries/silver/golem.asm	10	0	next	to mountain.@	
data.pokemon.dex_entries.silver.granbull:1:0	text	data/pokemon/dex_entries/silver/granbull.asm	1	0	db	FAIRY@	
data.pokemon.dex_entries.silver.granbull:4:0	text	data/pokemon/dex_entries/silver/granbull.asm	4	0	db	Because its fangs	
data.pokemon.dex_entries.silver.granbull:5:0	text	data/pokemon/dex_entries/silver/granbull.asm	5	0	next	are too heavy, it	
data.pokemon.dex_entries.silver.granbull:6:0	text	data/pokemon/dex_entries/silver/granbull.asm	6	0	next	always keeps its	
data.pokemon.dex_entries.silver.granbull:8:0	text	data/pokemon/dex_entries/silver/granbull.asm	8	0	page	head tilted down.	
data.pokemon.dex_entries.silver.granbull:9:0	text	data/pokemon/dex_entries/silver/granbull.asm	9	0	next	However, its BITE	
data.pokemon.dex_entries.silver.granbull:10:0	text	data/pokemon/dex_entries/silver/granbull.asm	10	0	next	is powerful.@	
data.pokemon.dex_entries.silver.graveler:1:0	text	data/pokemon/dex_entries/silver/graveler.asm	1	0	db	ROCK@	
data.pokemon.dex_entries.silver.graveler:4:0	text	data/pokemon/dex_entries/silver/graveler.asm	4	0	db	A slow walker, it	
data.pokemon.dex_entries.silver.graveler:5:0	text	data/pokemon/dex_entries/silver/graveler.asm	5	0	next	rolls to move. It	
data.pokemon.dex_entries.silver.graveler:6:0	text	data/pokemon/dex_entries/silver/graveler.asm	6	0	next	pays no attention	
data.pokemon.dex_entries.silver.graveler:8:0	text	data/pokemon/dex_entries/silver/graveler.asm	8	0	page	to any object that	
data.pokemon.dex_entries.silver.graveler:9:0	text	data/pokemon/dex_entries/silver/graveler.asm	9	0	next	happens to be in	
data.pokemon.dex_entries.silver.graveler:10:0	text	data/pokemon/dex_entries/silver/graveler.asm	10	0	next	its path.@	
data.pokemon.dex_entries.silver.grimer:1:0	text	data/pokemon/dex_entries/silver/grimer.asm	1	0	db	SLUDGE@	
data.pokemon.dex_entries.silver.grimer:4:0	text	data/pokemon/dex_entries/silver/grimer.asm	4	0	db	Wherever GRIMER	
data.pokemon.dex_entries.silver.grimer:5:0	text	data/pokemon/dex_entries/silver/grimer.asm	5	0	next	has passed, so	
data.pokemon.dex_entries.silver.grimer:6:0	text	data/pokemon/dex_entries/silver/grimer.asm	6	0	next	many germs are	
data.pokemon.dex_entries.silver.grimer:8:0	text	data/pokemon/dex_entries/silver/grimer.asm	8	0	page	left behind that	
data.pokemon.dex_entries.silver.grimer:9:0	text	data/pokemon/dex_entries/silver/grimer.asm	9	0	next	no plants will	
data.pokemon.dex_entries.silver.grimer:10:0	text	data/pokemon/dex_entries/silver/grimer.asm	10	0	next	ever grow again.@	
data.pokemon.dex_entries.silver.growlithe:1:0	text	data/pokemon/dex_entries/silver/growlithe.asm	1	0	db	PUPPY@	
data.pokemon.dex_entries.silver.growlithe:4:0	text	data/pokemon/dex_entries/silver/growlithe.asm	4	0	db	Extremely loyal,	
data.pokemon.dex_entries.silver.growlithe:5:0	text	data/pokemon/dex_entries/silver/growlithe.asm	5	0	next	it will fearlessly	
data.pokemon.dex_entries.silver.growlithe:6:0	text	data/pokemon/dex_entries/silver/growlithe.asm	6	0	next	bark at any oppo-	
data.pokemon.dex_entries.silver.growlithe:8:0	text	data/pokemon/dex_entries/silver/growlithe.asm	8	0	page	nent to protect	
data.pokemon.dex_entries.silver.growlithe:9:0	text	data/pokemon/dex_entries/silver/growlithe.asm	9	0	next	its own trainer	
data.pokemon.dex_entries.silver.growlithe:10:0	text	data/pokemon/dex_entries/silver/growlithe.asm	10	0	next	from harm.@	
data.pokemon.dex_entries.silver.gyarados:1:0	text	data/pokemon/dex_entries/silver/gyarados.asm	1	0	db	ATROCIOUS@	
data.pokemon.dex_entries.silver.gyarados:4:0	text	data/pokemon/dex_entries/silver/gyarados.asm	4	0	db	Once it appears,	
data.pokemon.dex_entries.silver.gyarados:5:0	text	data/pokemon/dex_entries/silver/gyarados.asm	5	0	next	it goes on a ram-	
data.pokemon.dex_entries.silver.gyarados:6:0	text	data/pokemon/dex_entries/silver/gyarados.asm	6	0	next	page. It remains	
data.pokemon.dex_entries.silver.gyarados:8:0	text	data/pokemon/dex_entries/silver/gyarados.asm	8	0	page	enraged until it	
data.pokemon.dex_entries.silver.gyarados:9:0	text	data/pokemon/dex_entries/silver/gyarados.asm	9	0	next	demolishes every-	
data.pokemon.dex_entries.silver.gyarados:10:0	text	data/pokemon/dex_entries/silver/gyarados.asm	10	0	next	thing around it.@	
data.pokemon.dex_entries.silver.haunter:1:0	text	data/pokemon/dex_entries/silver/haunter.asm	1	0	db	GAS@	
data.pokemon.dex_entries.silver.haunter:4:0	text	data/pokemon/dex_entries/silver/haunter.asm	4	0	db	Its tongue is made	
data.pokemon.dex_entries.silver.haunter:5:0	text	data/pokemon/dex_entries/silver/haunter.asm	5	0	next	of gas. If licked,	
data.pokemon.dex_entries.silver.haunter:6:0	text	data/pokemon/dex_entries/silver/haunter.asm	6	0	next	its victim starts	
data.pokemon.dex_entries.silver.haunter:8:0	text	data/pokemon/dex_entries/silver/haunter.asm	8	0	page	shaking constantly	
data.pokemon.dex_entries.silver.haunter:9:0	text	data/pokemon/dex_entries/silver/haunter.asm	9	0	next	until death even-	
data.pokemon.dex_entries.silver.haunter:10:0	text	data/pokemon/dex_entries/silver/haunter.asm	10	0	next	tually comes.@	
data.pokemon.dex_entries.silver.heracross:1:0	text	data/pokemon/dex_entries/silver/heracross.asm	1	0	db	SINGLEHORN@	
data.pokemon.dex_entries.silver.heracross:4:0	text	data/pokemon/dex_entries/silver/heracross.asm	4	0	db	Usually docile,	
data.pokemon.dex_entries.silver.heracross:5:0	text	data/pokemon/dex_entries/silver/heracross.asm	5	0	next	but if disturbed	
data.pokemon.dex_entries.silver.heracross:6:0	text	data/pokemon/dex_entries/silver/heracross.asm	6	0	next	while sipping	
data.pokemon.dex_entries.silver.heracross:8:0	text	data/pokemon/dex_entries/silver/heracross.asm	8	0	page	honey, it chases	
data.pokemon.dex_entries.silver.heracross:9:0	text	data/pokemon/dex_entries/silver/heracross.asm	9	0	next	off the intruder	
data.pokemon.dex_entries.silver.heracross:10:0	text	data/pokemon/dex_entries/silver/heracross.asm	10	0	next	with its horn.@	
data.pokemon.dex_entries.silver.hitmonchan:1:0	text	data/pokemon/dex_entries/silver/hitmonchan.asm	1	0	db	PUNCHING@	
data.pokemon.dex_entries.silver.hitmonchan:4:0	text	data/pokemon/dex_entries/silver/hitmonchan.asm	4	0	db	Its punches slice	
data.pokemon.dex_entries.silver.hitmonchan:5:0	text	data/pokemon/dex_entries/silver/hitmonchan.asm	5	0	next	the air. They are	
data.pokemon.dex_entries.silver.hitmonchan:6:0	text	data/pokemon/dex_entries/silver/hitmonchan.asm	6	0	next	launched at such	
data.pokemon.dex_entries.silver.hitmonchan:8:0	text	data/pokemon/dex_entries/silver/hitmonchan.asm	8	0	page	high speed, even a	
data.pokemon.dex_entries.silver.hitmonchan:9:0	text	data/pokemon/dex_entries/silver/hitmonchan.asm	9	0	next	slight graze could	
data.pokemon.dex_entries.silver.hitmonchan:10:0	text	data/pokemon/dex_entries/silver/hitmonchan.asm	10	0	next	cause a burn.@	
data.pokemon.dex_entries.silver.hitmonlee:1:0	text	data/pokemon/dex_entries/silver/hitmonlee.asm	1	0	db	KICKING@	
data.pokemon.dex_entries.silver.hitmonlee:4:0	text	data/pokemon/dex_entries/silver/hitmonlee.asm	4	0	db	If it starts kick-	
data.pokemon.dex_entries.silver.hitmonlee:5:0	text	data/pokemon/dex_entries/silver/hitmonlee.asm	5	0	next	ing repeatedly,	
data.pokemon.dex_entries.silver.hitmonlee:6:0	text	data/pokemon/dex_entries/silver/hitmonlee.asm	6	0	next	both legs will	
data.pokemon.dex_entries.silver.hitmonlee:8:0	text	data/pokemon/dex_entries/silver/hitmonlee.asm	8	0	page	stretch even long-	
data.pokemon.dex_entries.silver.hitmonlee:9:0	text	data/pokemon/dex_entries/silver/hitmonlee.asm	9	0	next	er to strike a	
data.pokemon.dex_entries.silver.hitmonlee:10:0	text	data/pokemon/dex_entries/silver/hitmonlee.asm	10	0	next	fleeing foe.@	
data.pokemon.dex_entries.silver.hitmontop:1:0	text	data/pokemon/dex_entries/silver/hitmontop.asm	1	0	db	HANDSTAND@	
data.pokemon.dex_entries.silver.hitmontop:4:0	text	data/pokemon/dex_entries/silver/hitmontop.asm	4	0	db	It launches kicks	
data.pokemon.dex_entries.silver.hitmontop:5:0	text	data/pokemon/dex_entries/silver/hitmontop.asm	5	0	next	while spinning. If	
data.pokemon.dex_entries.silver.hitmontop:6:0	text	data/pokemon/dex_entries/silver/hitmontop.asm	6	0	next	it spins at high	
data.pokemon.dex_entries.silver.hitmontop:8:0	text	data/pokemon/dex_entries/silver/hitmontop.asm	8	0	page	speed, it may bore	
data.pokemon.dex_entries.silver.hitmontop:9:0	text	data/pokemon/dex_entries/silver/hitmontop.asm	9	0	next	its way into the	
data.pokemon.dex_entries.silver.hitmontop:10:0	text	data/pokemon/dex_entries/silver/hitmontop.asm	10	0	next	ground.@	
data.pokemon.dex_entries.silver.ho_oh:1:0	text	data/pokemon/dex_entries/silver/ho_oh.asm	1	0	db	RAINBOW@	
data.pokemon.dex_entries.silver.ho_oh:4:0	text	data/pokemon/dex_entries/silver/ho_oh.asm	4	0	db	A legend says that	
data.pokemon.dex_entries.silver.ho_oh:5:0	text	data/pokemon/dex_entries/silver/ho_oh.asm	5	0	next	its body glows in	
data.pokemon.dex_entries.silver.ho_oh:6:0	text	data/pokemon/dex_entries/silver/ho_oh.asm	6	0	next	seven colors. A	
data.pokemon.dex_entries.silver.ho_oh:8:0	text	data/pokemon/dex_entries/silver/ho_oh.asm	8	0	page	rainbow is said to	
data.pokemon.dex_entries.silver.ho_oh:9:0	text	data/pokemon/dex_entries/silver/ho_oh.asm	9	0	next	form behind it	
data.pokemon.dex_entries.silver.ho_oh:10:0	text	data/pokemon/dex_entries/silver/ho_oh.asm	10	0	next	when it flies.@	
data.pokemon.dex_entries.silver.hoothoot:1:0	text	data/pokemon/dex_entries/silver/hoothoot.asm	1	0	db	OWL@	
data.pokemon.dex_entries.silver.hoothoot:4:0	text	data/pokemon/dex_entries/silver/hoothoot.asm	4	0	db	It has a perfect	
data.pokemon.dex_entries.silver.hoothoot:5:0	text	data/pokemon/dex_entries/silver/hoothoot.asm	5	0	next	sense of time.	
data.pokemon.dex_entries.silver.hoothoot:6:0	text	data/pokemon/dex_entries/silver/hoothoot.asm	6	0	next	Whatever happens,	
data.pokemon.dex_entries.silver.hoothoot:8:0	text	data/pokemon/dex_entries/silver/hoothoot.asm	8	0	page	it keeps rhythm by	
data.pokemon.dex_entries.silver.hoothoot:9:0	text	data/pokemon/dex_entries/silver/hoothoot.asm	9	0	next	precisely tilting	
data.pokemon.dex_entries.silver.hoothoot:10:0	text	data/pokemon/dex_entries/silver/hoothoot.asm	10	0	next	its head in time.@	
data.pokemon.dex_entries.silver.hoppip:1:0	text	data/pokemon/dex_entries/silver/hoppip.asm	1	0	db	COTTONWEED@	
data.pokemon.dex_entries.silver.hoppip:4:0	text	data/pokemon/dex_entries/silver/hoppip.asm	4	0	db	Its body is so	
data.pokemon.dex_entries.silver.hoppip:5:0	text	data/pokemon/dex_entries/silver/hoppip.asm	5	0	next	light, it must	
data.pokemon.dex_entries.silver.hoppip:6:0	text	data/pokemon/dex_entries/silver/hoppip.asm	6	0	next	grip the ground	
data.pokemon.dex_entries.silver.hoppip:8:0	text	data/pokemon/dex_entries/silver/hoppip.asm	8	0	page	firmly with its	
data.pokemon.dex_entries.silver.hoppip:9:0	text	data/pokemon/dex_entries/silver/hoppip.asm	9	0	next	feet to keep from	
data.pokemon.dex_entries.silver.hoppip:10:0	text	data/pokemon/dex_entries/silver/hoppip.asm	10	0	next	being blown away.@	
data.pokemon.dex_entries.silver.horsea:1:0	text	data/pokemon/dex_entries/silver/horsea.asm	1	0	db	DRAGON@	
data.pokemon.dex_entries.silver.horsea:4:0	text	data/pokemon/dex_entries/silver/horsea.asm	4	0	db	Its big, developed	
data.pokemon.dex_entries.silver.horsea:5:0	text	data/pokemon/dex_entries/silver/horsea.asm	5	0	next	fins move rapidly,	
data.pokemon.dex_entries.silver.horsea:6:0	text	data/pokemon/dex_entries/silver/horsea.asm	6	0	next	allowing it to	
data.pokemon.dex_entries.silver.horsea:8:0	text	data/pokemon/dex_entries/silver/horsea.asm	8	0	page	swim backward	
data.pokemon.dex_entries.silver.horsea:9:0	text	data/pokemon/dex_entries/silver/horsea.asm	9	0	next	while still facing	
data.pokemon.dex_entries.silver.horsea:10:0	text	data/pokemon/dex_entries/silver/horsea.asm	10	0	next	forward.@	
data.pokemon.dex_entries.silver.houndoom:1:0	text	data/pokemon/dex_entries/silver/houndoom.asm	1	0	db	DARK@	
data.pokemon.dex_entries.silver.houndoom:4:0	text	data/pokemon/dex_entries/silver/houndoom.asm	4	0	db	Upon hearing its	
data.pokemon.dex_entries.silver.houndoom:5:0	text	data/pokemon/dex_entries/silver/houndoom.asm	5	0	next	eerie howls, other	
data.pokemon.dex_entries.silver.houndoom:6:0	text	data/pokemon/dex_entries/silver/houndoom.asm	6	0	next	#MON get the	
data.pokemon.dex_entries.silver.houndoom:8:0	text	data/pokemon/dex_entries/silver/houndoom.asm	8	0	page	shivers and head	
data.pokemon.dex_entries.silver.houndoom:9:0	text	data/pokemon/dex_entries/silver/houndoom.asm	9	0	next	straight back to	
data.pokemon.dex_entries.silver.houndoom:10:0	text	data/pokemon/dex_entries/silver/houndoom.asm	10	0	next	their nests.@	
data.pokemon.dex_entries.silver.houndour:1:0	text	data/pokemon/dex_entries/silver/houndour.asm	1	0	db	DARK@	
data.pokemon.dex_entries.silver.houndour:4:0	text	data/pokemon/dex_entries/silver/houndour.asm	4	0	db	To corner prey,	
data.pokemon.dex_entries.silver.houndour:5:0	text	data/pokemon/dex_entries/silver/houndour.asm	5	0	next	they check each	
data.pokemon.dex_entries.silver.houndour:6:0	text	data/pokemon/dex_entries/silver/houndour.asm	6	0	next	other's location	
data.pokemon.dex_entries.silver.houndour:8:0	text	data/pokemon/dex_entries/silver/houndour.asm	8	0	page	using barks that	
data.pokemon.dex_entries.silver.houndour:9:0	text	data/pokemon/dex_entries/silver/houndour.asm	9	0	next	only they can	
data.pokemon.dex_entries.silver.houndour:10:0	text	data/pokemon/dex_entries/silver/houndour.asm	10	0	next	understand.@	
data.pokemon.dex_entries.silver.hypno:1:0	text	data/pokemon/dex_entries/silver/hypno.asm	1	0	db	HYPNOSIS@	
data.pokemon.dex_entries.silver.hypno:4:0	text	data/pokemon/dex_entries/silver/hypno.asm	4	0	db	Always holding a	
data.pokemon.dex_entries.silver.hypno:5:0	text	data/pokemon/dex_entries/silver/hypno.asm	5	0	next	pendulum that it	
data.pokemon.dex_entries.silver.hypno:6:0	text	data/pokemon/dex_entries/silver/hypno.asm	6	0	next	rocks at a steady	
data.pokemon.dex_entries.silver.hypno:8:0	text	data/pokemon/dex_entries/silver/hypno.asm	8	0	page	rhythm, it causes	
data.pokemon.dex_entries.silver.hypno:9:0	text	data/pokemon/dex_entries/silver/hypno.asm	9	0	next	drowsiness in any-	
data.pokemon.dex_entries.silver.hypno:10:0	text	data/pokemon/dex_entries/silver/hypno.asm	10	0	next	one nearby.@	
data.pokemon.dex_entries.silver.igglybuff:1:0	text	data/pokemon/dex_entries/silver/igglybuff.asm	1	0	db	BALLOON@	
data.pokemon.dex_entries.silver.igglybuff:4:0	text	data/pokemon/dex_entries/silver/igglybuff.asm	4	0	db	Its extremely	
data.pokemon.dex_entries.silver.igglybuff:5:0	text	data/pokemon/dex_entries/silver/igglybuff.asm	5	0	next	flexible and elas-	
data.pokemon.dex_entries.silver.igglybuff:6:0	text	data/pokemon/dex_entries/silver/igglybuff.asm	6	0	next	tic body makes it	
data.pokemon.dex_entries.silver.igglybuff:8:0	text	data/pokemon/dex_entries/silver/igglybuff.asm	8	0	page	bounce continuous-	
data.pokemon.dex_entries.silver.igglybuff:9:0	text	data/pokemon/dex_entries/silver/igglybuff.asm	9	0	next	ly--anytime, any-	
data.pokemon.dex_entries.silver.igglybuff:10:0	text	data/pokemon/dex_entries/silver/igglybuff.asm	10	0	next	where.@	
data.pokemon.dex_entries.silver.ivysaur:1:0	text	data/pokemon/dex_entries/silver/ivysaur.asm	1	0	db	SEED@	
data.pokemon.dex_entries.silver.ivysaur:4:0	text	data/pokemon/dex_entries/silver/ivysaur.asm	4	0	db	If the bud on its	
data.pokemon.dex_entries.silver.ivysaur:5:0	text	data/pokemon/dex_entries/silver/ivysaur.asm	5	0	next	back starts to	
data.pokemon.dex_entries.silver.ivysaur:6:0	text	data/pokemon/dex_entries/silver/ivysaur.asm	6	0	next	smell sweet, it	
data.pokemon.dex_entries.silver.ivysaur:8:0	text	data/pokemon/dex_entries/silver/ivysaur.asm	8	0	page	is evidence that	
data.pokemon.dex_entries.silver.ivysaur:9:0	text	data/pokemon/dex_entries/silver/ivysaur.asm	9	0	next	the large flower	
data.pokemon.dex_entries.silver.ivysaur:10:0	text	data/pokemon/dex_entries/silver/ivysaur.asm	10	0	next	will soon bloom.@	
data.pokemon.dex_entries.silver.jigglypuff:1:0	text	data/pokemon/dex_entries/silver/jigglypuff.asm	1	0	db	BALLOON@	
data.pokemon.dex_entries.silver.jigglypuff:4:0	text	data/pokemon/dex_entries/silver/jigglypuff.asm	4	0	db	Looking into its	
data.pokemon.dex_entries.silver.jigglypuff:5:0	text	data/pokemon/dex_entries/silver/jigglypuff.asm	5	0	next	cute, round eyes	
data.pokemon.dex_entries.silver.jigglypuff:6:0	text	data/pokemon/dex_entries/silver/jigglypuff.asm	6	0	next	causes it to sing	
data.pokemon.dex_entries.silver.jigglypuff:8:0	text	data/pokemon/dex_entries/silver/jigglypuff.asm	8	0	page	a relaxing melody,	
data.pokemon.dex_entries.silver.jigglypuff:9:0	text	data/pokemon/dex_entries/silver/jigglypuff.asm	9	0	next	inducing its	
data.pokemon.dex_entries.silver.jigglypuff:10:0	text	data/pokemon/dex_entries/silver/jigglypuff.asm	10	0	next	enemies to sleep.@	
data.pokemon.dex_entries.silver.jolteon:1:0	text	data/pokemon/dex_entries/silver/jolteon.asm	1	0	db	LIGHTNING@	
data.pokemon.dex_entries.silver.jolteon:4:0	text	data/pokemon/dex_entries/silver/jolteon.asm	4	0	db	Every hair on its	
data.pokemon.dex_entries.silver.jolteon:5:0	text	data/pokemon/dex_entries/silver/jolteon.asm	5	0	next	body starts to	
data.pokemon.dex_entries.silver.jolteon:6:0	text	data/pokemon/dex_entries/silver/jolteon.asm	6	0	next	stand sharply on	
data.pokemon.dex_entries.silver.jolteon:8:0	text	data/pokemon/dex_entries/silver/jolteon.asm	8	0	page	end if it becomes	
data.pokemon.dex_entries.silver.jolteon:9:0	text	data/pokemon/dex_entries/silver/jolteon.asm	9	0	next	charged with	
data.pokemon.dex_entries.silver.jolteon:10:0	text	data/pokemon/dex_entries/silver/jolteon.asm	10	0	next	electricity.@	
data.pokemon.dex_entries.silver.jumpluff:1:0	text	data/pokemon/dex_entries/silver/jumpluff.asm	1	0	db	COTTONWEED@	
data.pokemon.dex_entries.silver.jumpluff:4:0	text	data/pokemon/dex_entries/silver/jumpluff.asm	4	0	db	Drifts on seasonal	
data.pokemon.dex_entries.silver.jumpluff:5:0	text	data/pokemon/dex_entries/silver/jumpluff.asm	5	0	next	winds and spreads	
data.pokemon.dex_entries.silver.jumpluff:6:0	text	data/pokemon/dex_entries/silver/jumpluff.asm	6	0	next	its cotton-like	
data.pokemon.dex_entries.silver.jumpluff:8:0	text	data/pokemon/dex_entries/silver/jumpluff.asm	8	0	page	spores all over	
data.pokemon.dex_entries.silver.jumpluff:9:0	text	data/pokemon/dex_entries/silver/jumpluff.asm	9	0	next	the world to make	
data.pokemon.dex_entries.silver.jumpluff:10:0	text	data/pokemon/dex_entries/silver/jumpluff.asm	10	0	next	more offspring.@	
data.pokemon.dex_entries.silver.jynx:1:0	text	data/pokemon/dex_entries/silver/jynx.asm	1	0	db	HUMANSHAPE@	
data.pokemon.dex_entries.silver.jynx:4:0	text	data/pokemon/dex_entries/silver/jynx.asm	4	0	db	It speaks a lan-	
data.pokemon.dex_entries.silver.jynx:5:0	text	data/pokemon/dex_entries/silver/jynx.asm	5	0	next	guage similar to	
data.pokemon.dex_entries.silver.jynx:6:0	text	data/pokemon/dex_entries/silver/jynx.asm	6	0	next	that of humans.	
data.pokemon.dex_entries.silver.jynx:8:0	text	data/pokemon/dex_entries/silver/jynx.asm	8	0	page	However, it seems	
data.pokemon.dex_entries.silver.jynx:9:0	text	data/pokemon/dex_entries/silver/jynx.asm	9	0	next	to use dancing to	
data.pokemon.dex_entries.silver.jynx:10:0	text	data/pokemon/dex_entries/silver/jynx.asm	10	0	next	communicate.@	
data.pokemon.dex_entries.silver.kabuto:1:0	text	data/pokemon/dex_entries/silver/kabuto.asm	1	0	db	SHELLFISH@	
data.pokemon.dex_entries.silver.kabuto:4:0	text	data/pokemon/dex_entries/silver/kabuto.asm	4	0	db	This #MON lived	
data.pokemon.dex_entries.silver.kabuto:5:0	text	data/pokemon/dex_entries/silver/kabuto.asm	5	0	next	in ancient times.	
data.pokemon.dex_entries.silver.kabuto:6:0	text	data/pokemon/dex_entries/silver/kabuto.asm	6	0	next	On rare occasions,	
data.pokemon.dex_entries.silver.kabuto:8:0	text	data/pokemon/dex_entries/silver/kabuto.asm	8	0	page	it has been	
data.pokemon.dex_entries.silver.kabuto:9:0	text	data/pokemon/dex_entries/silver/kabuto.asm	9	0	next	discovered as a	
data.pokemon.dex_entries.silver.kabuto:10:0	text	data/pokemon/dex_entries/silver/kabuto.asm	10	0	next	living fossil.@	
data.pokemon.dex_entries.silver.kabutops:1:0	text	data/pokemon/dex_entries/silver/kabutops.asm	1	0	db	SHELLFISH@	
data.pokemon.dex_entries.silver.kabutops:4:0	text	data/pokemon/dex_entries/silver/kabutops.asm	4	0	db	With sharp claws,	
data.pokemon.dex_entries.silver.kabutops:5:0	text	data/pokemon/dex_entries/silver/kabutops.asm	5	0	next	this ferocious,	
data.pokemon.dex_entries.silver.kabutops:6:0	text	data/pokemon/dex_entries/silver/kabutops.asm	6	0	next	ancient #MON	
data.pokemon.dex_entries.silver.kabutops:8:0	text	data/pokemon/dex_entries/silver/kabutops.asm	8	0	page	rips apart prey	
data.pokemon.dex_entries.silver.kabutops:9:0	text	data/pokemon/dex_entries/silver/kabutops.asm	9	0	next	and sucks their	
data.pokemon.dex_entries.silver.kabutops:10:0	text	data/pokemon/dex_entries/silver/kabutops.asm	10	0	next	body fluids.@	
data.pokemon.dex_entries.silver.kadabra:1:0	text	data/pokemon/dex_entries/silver/kadabra.asm	1	0	db	PSI@	
data.pokemon.dex_entries.silver.kadabra:4:0	text	data/pokemon/dex_entries/silver/kadabra.asm	4	0	db	If it uses its	
data.pokemon.dex_entries.silver.kadabra:5:0	text	data/pokemon/dex_entries/silver/kadabra.asm	5	0	next	abilities, it	
data.pokemon.dex_entries.silver.kadabra:6:0	text	data/pokemon/dex_entries/silver/kadabra.asm	6	0	next	emits special	
data.pokemon.dex_entries.silver.kadabra:8:0	text	data/pokemon/dex_entries/silver/kadabra.asm	8	0	page	alpha waves that	
data.pokemon.dex_entries.silver.kadabra:9:0	text	data/pokemon/dex_entries/silver/kadabra.asm	9	0	next	cause machines to	
data.pokemon.dex_entries.silver.kadabra:10:0	text	data/pokemon/dex_entries/silver/kadabra.asm	10	0	next	malfunction.@	
data.pokemon.dex_entries.silver.kakuna:1:0	text	data/pokemon/dex_entries/silver/kakuna.asm	1	0	db	COCOON@	
data.pokemon.dex_entries.silver.kakuna:4:0	text	data/pokemon/dex_entries/silver/kakuna.asm	4	0	db	From this form,	
data.pokemon.dex_entries.silver.kakuna:5:0	text	data/pokemon/dex_entries/silver/kakuna.asm	5	0	next	it will grow into	
data.pokemon.dex_entries.silver.kakuna:6:0	text	data/pokemon/dex_entries/silver/kakuna.asm	6	0	next	an adult. As its	
data.pokemon.dex_entries.silver.kakuna:8:0	text	data/pokemon/dex_entries/silver/kakuna.asm	8	0	page	body becomes soft-	
data.pokemon.dex_entries.silver.kakuna:9:0	text	data/pokemon/dex_entries/silver/kakuna.asm	9	0	next	er, the external	
data.pokemon.dex_entries.silver.kakuna:10:0	text	data/pokemon/dex_entries/silver/kakuna.asm	10	0	next	shell hardens.@	
data.pokemon.dex_entries.silver.kangaskhan:1:0	text	data/pokemon/dex_entries/silver/kangaskhan.asm	1	0	db	PARENT@	
data.pokemon.dex_entries.silver.kangaskhan:4:0	text	data/pokemon/dex_entries/silver/kangaskhan.asm	4	0	db	To protect its	
data.pokemon.dex_entries.silver.kangaskhan:5:0	text	data/pokemon/dex_entries/silver/kangaskhan.asm	5	0	next	young, it will	
data.pokemon.dex_entries.silver.kangaskhan:6:0	text	data/pokemon/dex_entries/silver/kangaskhan.asm	6	0	next	never give up	
data.pokemon.dex_entries.silver.kangaskhan:8:0	text	data/pokemon/dex_entries/silver/kangaskhan.asm	8	0	page	during battle, no	
data.pokemon.dex_entries.silver.kangaskhan:9:0	text	data/pokemon/dex_entries/silver/kangaskhan.asm	9	0	next	matter how badly	
data.pokemon.dex_entries.silver.kangaskhan:10:0	text	data/pokemon/dex_entries/silver/kangaskhan.asm	10	0	next	wounded it is.@	
data.pokemon.dex_entries.silver.kingdra:1:0	text	data/pokemon/dex_entries/silver/kingdra.asm	1	0	db	DRAGON@	
data.pokemon.dex_entries.silver.kingdra:4:0	text	data/pokemon/dex_entries/silver/kingdra.asm	4	0	db	It sleeps deep on	
data.pokemon.dex_entries.silver.kingdra:5:0	text	data/pokemon/dex_entries/silver/kingdra.asm	5	0	next	the ocean floor to	
data.pokemon.dex_entries.silver.kingdra:6:0	text	data/pokemon/dex_entries/silver/kingdra.asm	6	0	next	build its energy.	
data.pokemon.dex_entries.silver.kingdra:8:0	text	data/pokemon/dex_entries/silver/kingdra.asm	8	0	page	It is said to	
data.pokemon.dex_entries.silver.kingdra:9:0	text	data/pokemon/dex_entries/silver/kingdra.asm	9	0	next	cause tornadoes as	
data.pokemon.dex_entries.silver.kingdra:10:0	text	data/pokemon/dex_entries/silver/kingdra.asm	10	0	next	it wakes.@	
data.pokemon.dex_entries.silver.kingler:1:0	text	data/pokemon/dex_entries/silver/kingler.asm	1	0	db	PINCER@	
data.pokemon.dex_entries.silver.kingler:4:0	text	data/pokemon/dex_entries/silver/kingler.asm	4	0	db	Its pincers grow	
data.pokemon.dex_entries.silver.kingler:5:0	text	data/pokemon/dex_entries/silver/kingler.asm	5	0	next	peculiarly large.	
data.pokemon.dex_entries.silver.kingler:6:0	text	data/pokemon/dex_entries/silver/kingler.asm	6	0	next	If it lifts the	
data.pokemon.dex_entries.silver.kingler:8:0	text	data/pokemon/dex_entries/silver/kingler.asm	8	0	page	pincers too fast,	
data.pokemon.dex_entries.silver.kingler:9:0	text	data/pokemon/dex_entries/silver/kingler.asm	9	0	next	it loses its bal-	
data.pokemon.dex_entries.silver.kingler:10:0	text	data/pokemon/dex_entries/silver/kingler.asm	10	0	next	ance and staggers.@	
data.pokemon.dex_entries.silver.koffing:1:0	text	data/pokemon/dex_entries/silver/koffing.asm	1	0	db	POISON GAS@	
data.pokemon.dex_entries.silver.koffing:4:0	text	data/pokemon/dex_entries/silver/koffing.asm	4	0	db	The poisonous	
data.pokemon.dex_entries.silver.koffing:5:0	text	data/pokemon/dex_entries/silver/koffing.asm	5	0	next	gases it contains	
data.pokemon.dex_entries.silver.koffing:6:0	text	data/pokemon/dex_entries/silver/koffing.asm	6	0	next	are a little bit	
data.pokemon.dex_entries.silver.koffing:8:0	text	data/pokemon/dex_entries/silver/koffing.asm	8	0	page	lighter than air,	
data.pokemon.dex_entries.silver.koffing:9:0	text	data/pokemon/dex_entries/silver/koffing.asm	9	0	next	keeping it slight-	
data.pokemon.dex_entries.silver.koffing:10:0	text	data/pokemon/dex_entries/silver/koffing.asm	10	0	next	ly airborne.@	
data.pokemon.dex_entries.silver.krabby:1:0	text	data/pokemon/dex_entries/silver/krabby.asm	1	0	db	RIVER CRAB@	
data.pokemon.dex_entries.silver.krabby:4:0	text	data/pokemon/dex_entries/silver/krabby.asm	4	0	db	The pincers break	
data.pokemon.dex_entries.silver.krabby:5:0	text	data/pokemon/dex_entries/silver/krabby.asm	5	0	next	off easily. If it	
data.pokemon.dex_entries.silver.krabby:6:0	text	data/pokemon/dex_entries/silver/krabby.asm	6	0	next	loses a pincer,	
data.pokemon.dex_entries.silver.krabby:8:0	text	data/pokemon/dex_entries/silver/krabby.asm	8	0	page	it somehow becomes	
data.pokemon.dex_entries.silver.krabby:9:0	text	data/pokemon/dex_entries/silver/krabby.asm	9	0	next	incapable of walk-	
data.pokemon.dex_entries.silver.krabby:10:0	text	data/pokemon/dex_entries/silver/krabby.asm	10	0	next	ing sideways.@	
data.pokemon.dex_entries.silver.lanturn:1:0	text	data/pokemon/dex_entries/silver/lanturn.asm	1	0	db	LIGHT@	
data.pokemon.dex_entries.silver.lanturn:4:0	text	data/pokemon/dex_entries/silver/lanturn.asm	4	0	db	It blinds prey	
data.pokemon.dex_entries.silver.lanturn:5:0	text	data/pokemon/dex_entries/silver/lanturn.asm	5	0	next	with an intense	
data.pokemon.dex_entries.silver.lanturn:6:0	text	data/pokemon/dex_entries/silver/lanturn.asm	6	0	next	burst of light,	
data.pokemon.dex_entries.silver.lanturn:8:0	text	data/pokemon/dex_entries/silver/lanturn.asm	8	0	page	then swallows the	
data.pokemon.dex_entries.silver.lanturn:9:0	text	data/pokemon/dex_entries/silver/lanturn.asm	9	0	next	immobilized prey	
data.pokemon.dex_entries.silver.lanturn:10:0	text	data/pokemon/dex_entries/silver/lanturn.asm	10	0	next	in a single gulp.@	
data.pokemon.dex_entries.silver.lapras:1:0	text	data/pokemon/dex_entries/silver/lapras.asm	1	0	db	TRANSPORT@	
data.pokemon.dex_entries.silver.lapras:4:0	text	data/pokemon/dex_entries/silver/lapras.asm	4	0	db	It ferries people	
data.pokemon.dex_entries.silver.lapras:5:0	text	data/pokemon/dex_entries/silver/lapras.asm	5	0	next	across the sea on	
data.pokemon.dex_entries.silver.lapras:6:0	text	data/pokemon/dex_entries/silver/lapras.asm	6	0	next	its back. It may	
data.pokemon.dex_entries.silver.lapras:8:0	text	data/pokemon/dex_entries/silver/lapras.asm	8	0	page	sing an enchanting	
data.pokemon.dex_entries.silver.lapras:9:0	text	data/pokemon/dex_entries/silver/lapras.asm	9	0	next	cry if it is in a	
data.pokemon.dex_entries.silver.lapras:10:0	text	data/pokemon/dex_entries/silver/lapras.asm	10	0	next	good mood.@	
data.pokemon.dex_entries.silver.larvitar:1:0	text	data/pokemon/dex_entries/silver/larvitar.asm	1	0	db	ROCK SKIN@	
data.pokemon.dex_entries.silver.larvitar:4:0	text	data/pokemon/dex_entries/silver/larvitar.asm	4	0	db	It is born deep	
data.pokemon.dex_entries.silver.larvitar:5:0	text	data/pokemon/dex_entries/silver/larvitar.asm	5	0	next	underground. It	
data.pokemon.dex_entries.silver.larvitar:6:0	text	data/pokemon/dex_entries/silver/larvitar.asm	6	0	next	can't emerge until	
data.pokemon.dex_entries.silver.larvitar:8:0	text	data/pokemon/dex_entries/silver/larvitar.asm	8	0	page	it has entirely	
data.pokemon.dex_entries.silver.larvitar:9:0	text	data/pokemon/dex_entries/silver/larvitar.asm	9	0	next	consumed the soil	
data.pokemon.dex_entries.silver.larvitar:10:0	text	data/pokemon/dex_entries/silver/larvitar.asm	10	0	next	around it.@	
data.pokemon.dex_entries.silver.ledian:1:0	text	data/pokemon/dex_entries/silver/ledian.asm	1	0	db	FIVE STAR@	
data.pokemon.dex_entries.silver.ledian:4:0	text	data/pokemon/dex_entries/silver/ledian.asm	4	0	db	The star patterns	
data.pokemon.dex_entries.silver.ledian:5:0	text	data/pokemon/dex_entries/silver/ledian.asm	5	0	next	on its back grow	
data.pokemon.dex_entries.silver.ledian:6:0	text	data/pokemon/dex_entries/silver/ledian.asm	6	0	next	larger or smaller	
data.pokemon.dex_entries.silver.ledian:8:0	text	data/pokemon/dex_entries/silver/ledian.asm	8	0	page	depending on the	
data.pokemon.dex_entries.silver.ledian:9:0	text	data/pokemon/dex_entries/silver/ledian.asm	9	0	next	number of stars in	
data.pokemon.dex_entries.silver.ledian:10:0	text	data/pokemon/dex_entries/silver/ledian.asm	10	0	next	the night sky.@	
data.pokemon.dex_entries.silver.ledyba:1:0	text	data/pokemon/dex_entries/silver/ledyba.asm	1	0	db	FIVE STAR@	
data.pokemon.dex_entries.silver.ledyba:4:0	text	data/pokemon/dex_entries/silver/ledyba.asm	4	0	db	When the weather	
data.pokemon.dex_entries.silver.ledyba:5:0	text	data/pokemon/dex_entries/silver/ledyba.asm	5	0	next	turns cold, lots	
data.pokemon.dex_entries.silver.ledyba:6:0	text	data/pokemon/dex_entries/silver/ledyba.asm	6	0	next	of LEDYBA gather	
data.pokemon.dex_entries.silver.ledyba:8:0	text	data/pokemon/dex_entries/silver/ledyba.asm	8	0	page	from everywhere to	
data.pokemon.dex_entries.silver.ledyba:9:0	text	data/pokemon/dex_entries/silver/ledyba.asm	9	0	next	cluster and keep	
data.pokemon.dex_entries.silver.ledyba:10:0	text	data/pokemon/dex_entries/silver/ledyba.asm	10	0	next	each other warm.@	
data.pokemon.dex_entries.silver.lickitung:1:0	text	data/pokemon/dex_entries/silver/lickitung.asm	1	0	db	LICKING@	
data.pokemon.dex_entries.silver.lickitung:4:0	text	data/pokemon/dex_entries/silver/lickitung.asm	4	0	db	Its long tongue,	
data.pokemon.dex_entries.silver.lickitung:5:0	text	data/pokemon/dex_entries/silver/lickitung.asm	5	0	next	slathered with a	
data.pokemon.dex_entries.silver.lickitung:6:0	text	data/pokemon/dex_entries/silver/lickitung.asm	6	0	next	gooey saliva,	
data.pokemon.dex_entries.silver.lickitung:8:0	text	data/pokemon/dex_entries/silver/lickitung.asm	8	0	page	sticks to any-	
data.pokemon.dex_entries.silver.lickitung:9:0	text	data/pokemon/dex_entries/silver/lickitung.asm	9	0	next	thing, so it is	
data.pokemon.dex_entries.silver.lickitung:10:0	text	data/pokemon/dex_entries/silver/lickitung.asm	10	0	next	very useful.@	
data.pokemon.dex_entries.silver.lugia:1:0	text	data/pokemon/dex_entries/silver/lugia.asm	1	0	db	DIVING@	
data.pokemon.dex_entries.silver.lugia:4:0	text	data/pokemon/dex_entries/silver/lugia.asm	4	0	db	It is said to be	
data.pokemon.dex_entries.silver.lugia:5:0	text	data/pokemon/dex_entries/silver/lugia.asm	5	0	next	the guardian of	
data.pokemon.dex_entries.silver.lugia:6:0	text	data/pokemon/dex_entries/silver/lugia.asm	6	0	next	the seas. It is	
data.pokemon.dex_entries.silver.lugia:8:0	text	data/pokemon/dex_entries/silver/lugia.asm	8	0	page	rumored to have	
data.pokemon.dex_entries.silver.lugia:9:0	text	data/pokemon/dex_entries/silver/lugia.asm	9	0	next	been seen on the	
data.pokemon.dex_entries.silver.lugia:10:0	text	data/pokemon/dex_entries/silver/lugia.asm	10	0	next	night of a storm.@	
data.pokemon.dex_entries.silver.machamp:1:0	text	data/pokemon/dex_entries/silver/machamp.asm	1	0	db	SUPERPOWER@	
data.pokemon.dex_entries.silver.machamp:4:0	text	data/pokemon/dex_entries/silver/machamp.asm	4	0	db	It uses its four	
data.pokemon.dex_entries.silver.machamp:5:0	text	data/pokemon/dex_entries/silver/machamp.asm	5	0	next	powerful arms to	
data.pokemon.dex_entries.silver.machamp:6:0	text	data/pokemon/dex_entries/silver/machamp.asm	6	0	next	pin the limbs of	
data.pokemon.dex_entries.silver.machamp:8:0	text	data/pokemon/dex_entries/silver/machamp.asm	8	0	page	its foe, then	
data.pokemon.dex_entries.silver.machamp:9:0	text	data/pokemon/dex_entries/silver/machamp.asm	9	0	next	throws the victim	
data.pokemon.dex_entries.silver.machamp:10:0	text	data/pokemon/dex_entries/silver/machamp.asm	10	0	next	over the horizon.@	
data.pokemon.dex_entries.silver.machoke:1:0	text	data/pokemon/dex_entries/silver/machoke.asm	1	0	db	SUPERPOWER@	
data.pokemon.dex_entries.silver.machoke:4:0	text	data/pokemon/dex_entries/silver/machoke.asm	4	0	db	The muscles cover-	
data.pokemon.dex_entries.silver.machoke:5:0	text	data/pokemon/dex_entries/silver/machoke.asm	5	0	next	ing its body teem	
data.pokemon.dex_entries.silver.machoke:6:0	text	data/pokemon/dex_entries/silver/machoke.asm	6	0	next	with power. Even	
data.pokemon.dex_entries.silver.machoke:8:0	text	data/pokemon/dex_entries/silver/machoke.asm	8	0	page	when still, it	
data.pokemon.dex_entries.silver.machoke:9:0	text	data/pokemon/dex_entries/silver/machoke.asm	9	0	next	exudes an amazing	
data.pokemon.dex_entries.silver.machoke:10:0	text	data/pokemon/dex_entries/silver/machoke.asm	10	0	next	sense of strength.@	
data.pokemon.dex_entries.silver.machop:1:0	text	data/pokemon/dex_entries/silver/machop.asm	1	0	db	SUPERPOWER@	
data.pokemon.dex_entries.silver.machop:4:0	text	data/pokemon/dex_entries/silver/machop.asm	4	0	db	It loves to work	
data.pokemon.dex_entries.silver.machop:5:0	text	data/pokemon/dex_entries/silver/machop.asm	5	0	next	out and build its	
data.pokemon.dex_entries.silver.machop:6:0	text	data/pokemon/dex_entries/silver/machop.asm	6	0	next	muscles. It is	
data.pokemon.dex_entries.silver.machop:8:0	text	data/pokemon/dex_entries/silver/machop.asm	8	0	page	never satisfied,	
data.pokemon.dex_entries.silver.machop:9:0	text	data/pokemon/dex_entries/silver/machop.asm	9	0	next	even if it trains	
data.pokemon.dex_entries.silver.machop:10:0	text	data/pokemon/dex_entries/silver/machop.asm	10	0	next	hard all day long.@	
data.pokemon.dex_entries.silver.magby:1:0	text	data/pokemon/dex_entries/silver/magby.asm	1	0	db	LIVE COAL@	
data.pokemon.dex_entries.silver.magby:4:0	text	data/pokemon/dex_entries/silver/magby.asm	4	0	db	It is found in	
data.pokemon.dex_entries.silver.magby:5:0	text	data/pokemon/dex_entries/silver/magby.asm	5	0	next	volcanic craters.	
data.pokemon.dex_entries.silver.magby:6:0	text	data/pokemon/dex_entries/silver/magby.asm	6	0	next	Its body temp. is	
data.pokemon.dex_entries.silver.magby:8:0	text	data/pokemon/dex_entries/silver/magby.asm	8	0	page	over 1100 degrees,	
data.pokemon.dex_entries.silver.magby:9:0	text	data/pokemon/dex_entries/silver/magby.asm	9	0	next	so don't under-	
data.pokemon.dex_entries.silver.magby:10:0	text	data/pokemon/dex_entries/silver/magby.asm	10	0	next	estimate it.@	
data.pokemon.dex_entries.silver.magcargo:1:0	text	data/pokemon/dex_entries/silver/magcargo.asm	1	0	db	LAVA@	
data.pokemon.dex_entries.silver.magcargo:4:0	text	data/pokemon/dex_entries/silver/magcargo.asm	4	0	db	Its brittle shell	
data.pokemon.dex_entries.silver.magcargo:5:0	text	data/pokemon/dex_entries/silver/magcargo.asm	5	0	next	occasionally	
data.pokemon.dex_entries.silver.magcargo:6:0	text	data/pokemon/dex_entries/silver/magcargo.asm	6	0	next	spouts intense	
data.pokemon.dex_entries.silver.magcargo:8:0	text	data/pokemon/dex_entries/silver/magcargo.asm	8	0	page	flames that cir-	
data.pokemon.dex_entries.silver.magcargo:9:0	text	data/pokemon/dex_entries/silver/magcargo.asm	9	0	next	culate throughout	
data.pokemon.dex_entries.silver.magcargo:10:0	text	data/pokemon/dex_entries/silver/magcargo.asm	10	0	next	its body.@	
data.pokemon.dex_entries.silver.magikarp:1:0	text	data/pokemon/dex_entries/silver/magikarp.asm	1	0	db	FISH@	
data.pokemon.dex_entries.silver.magikarp:4:0	text	data/pokemon/dex_entries/silver/magikarp.asm	4	0	db	For no reason, it	
data.pokemon.dex_entries.silver.magikarp:5:0	text	data/pokemon/dex_entries/silver/magikarp.asm	5	0	next	jumps and splashes	
data.pokemon.dex_entries.silver.magikarp:6:0	text	data/pokemon/dex_entries/silver/magikarp.asm	6	0	next	about, making it	
data.pokemon.dex_entries.silver.magikarp:8:0	text	data/pokemon/dex_entries/silver/magikarp.asm	8	0	page	easy for predators	
data.pokemon.dex_entries.silver.magikarp:9:0	text	data/pokemon/dex_entries/silver/magikarp.asm	9	0	next	like PIDGEOTTO to	
data.pokemon.dex_entries.silver.magikarp:10:0	text	data/pokemon/dex_entries/silver/magikarp.asm	10	0	next	catch it mid-jump.@	
data.pokemon.dex_entries.silver.magmar:1:0	text	data/pokemon/dex_entries/silver/magmar.asm	1	0	db	SPITFIRE@	
data.pokemon.dex_entries.silver.magmar:4:0	text	data/pokemon/dex_entries/silver/magmar.asm	4	0	db	The fiery surface	
data.pokemon.dex_entries.silver.magmar:5:0	text	data/pokemon/dex_entries/silver/magmar.asm	5	0	next	of its body gives	
data.pokemon.dex_entries.silver.magmar:6:0	text	data/pokemon/dex_entries/silver/magmar.asm	6	0	next	off a wavering,	
data.pokemon.dex_entries.silver.magmar:8:0	text	data/pokemon/dex_entries/silver/magmar.asm	8	0	page	rippling glare	
data.pokemon.dex_entries.silver.magmar:9:0	text	data/pokemon/dex_entries/silver/magmar.asm	9	0	next	that is similar to	
data.pokemon.dex_entries.silver.magmar:10:0	text	data/pokemon/dex_entries/silver/magmar.asm	10	0	next	the sun.@	
data.pokemon.dex_entries.silver.magnemite:1:0	text	data/pokemon/dex_entries/silver/magnemite.asm	1	0	db	MAGNET@	
data.pokemon.dex_entries.silver.magnemite:4:0	text	data/pokemon/dex_entries/silver/magnemite.asm	4	0	db	The units at the	
data.pokemon.dex_entries.silver.magnemite:5:0	text	data/pokemon/dex_entries/silver/magnemite.asm	5	0	next	sides of its body	
data.pokemon.dex_entries.silver.magnemite:6:0	text	data/pokemon/dex_entries/silver/magnemite.asm	6	0	next	generate anti-	
data.pokemon.dex_entries.silver.magnemite:8:0	text	data/pokemon/dex_entries/silver/magnemite.asm	8	0	page	gravity energy to	
data.pokemon.dex_entries.silver.magnemite:9:0	text	data/pokemon/dex_entries/silver/magnemite.asm	9	0	next	keep it aloft in	
data.pokemon.dex_entries.silver.magnemite:10:0	text	data/pokemon/dex_entries/silver/magnemite.asm	10	0	next	the air.@	
data.pokemon.dex_entries.silver.magneton:1:0	text	data/pokemon/dex_entries/silver/magneton.asm	1	0	db	MAGNET@	
data.pokemon.dex_entries.silver.magneton:4:0	text	data/pokemon/dex_entries/silver/magneton.asm	4	0	db	The MAGNEMITE are	
data.pokemon.dex_entries.silver.magneton:5:0	text	data/pokemon/dex_entries/silver/magneton.asm	5	0	next	united by a mag-	
data.pokemon.dex_entries.silver.magneton:6:0	text	data/pokemon/dex_entries/silver/magneton.asm	6	0	next	netism so power-	
data.pokemon.dex_entries.silver.magneton:8:0	text	data/pokemon/dex_entries/silver/magneton.asm	8	0	page	ful, it dries all	
data.pokemon.dex_entries.silver.magneton:9:0	text	data/pokemon/dex_entries/silver/magneton.asm	9	0	next	moisture in its	
data.pokemon.dex_entries.silver.magneton:10:0	text	data/pokemon/dex_entries/silver/magneton.asm	10	0	next	vicinities.@	
data.pokemon.dex_entries.silver.mankey:1:0	text	data/pokemon/dex_entries/silver/mankey.asm	1	0	db	PIG MONKEY@	
data.pokemon.dex_entries.silver.mankey:4:0	text	data/pokemon/dex_entries/silver/mankey.asm	4	0	db	It's unsafe to ap-	
data.pokemon.dex_entries.silver.mankey:5:0	text	data/pokemon/dex_entries/silver/mankey.asm	5	0	next	proach if it gets	
data.pokemon.dex_entries.silver.mankey:6:0	text	data/pokemon/dex_entries/silver/mankey.asm	6	0	next	violently enraged	
data.pokemon.dex_entries.silver.mankey:8:0	text	data/pokemon/dex_entries/silver/mankey.asm	8	0	page	for no reason and	
data.pokemon.dex_entries.silver.mankey:9:0	text	data/pokemon/dex_entries/silver/mankey.asm	9	0	next	can't distinguish	
data.pokemon.dex_entries.silver.mankey:10:0	text	data/pokemon/dex_entries/silver/mankey.asm	10	0	next	friends from foes.@	
data.pokemon.dex_entries.silver.mantine:1:0	text	data/pokemon/dex_entries/silver/mantine.asm	1	0	db	KITE@	
data.pokemon.dex_entries.silver.mantine:4:0	text	data/pokemon/dex_entries/silver/mantine.asm	4	0	db	Swimming freely in	
data.pokemon.dex_entries.silver.mantine:5:0	text	data/pokemon/dex_entries/silver/mantine.asm	5	0	next	open seas, it may	
data.pokemon.dex_entries.silver.mantine:6:0	text	data/pokemon/dex_entries/silver/mantine.asm	6	0	next	fly out of the	
data.pokemon.dex_entries.silver.mantine:8:0	text	data/pokemon/dex_entries/silver/mantine.asm	8	0	page	water and over the	
data.pokemon.dex_entries.silver.mantine:9:0	text	data/pokemon/dex_entries/silver/mantine.asm	9	0	next	waves if it builds	
data.pokemon.dex_entries.silver.mantine:10:0	text	data/pokemon/dex_entries/silver/mantine.asm	10	0	next	up enough speed.@	
data.pokemon.dex_entries.silver.mareep:1:0	text	data/pokemon/dex_entries/silver/mareep.asm	1	0	db	WOOL@	
data.pokemon.dex_entries.silver.mareep:4:0	text	data/pokemon/dex_entries/silver/mareep.asm	4	0	db	Its fleece grows	
data.pokemon.dex_entries.silver.mareep:5:0	text	data/pokemon/dex_entries/silver/mareep.asm	5	0	next	continually. In	
data.pokemon.dex_entries.silver.mareep:6:0	text	data/pokemon/dex_entries/silver/mareep.asm	6	0	next	the summer, the	
data.pokemon.dex_entries.silver.mareep:8:0	text	data/pokemon/dex_entries/silver/mareep.asm	8	0	page	fleece is fully	
data.pokemon.dex_entries.silver.mareep:9:0	text	data/pokemon/dex_entries/silver/mareep.asm	9	0	next	shed, but it grows	
data.pokemon.dex_entries.silver.mareep:10:0	text	data/pokemon/dex_entries/silver/mareep.asm	10	0	next	back in a week.@	
data.pokemon.dex_entries.silver.marill:1:0	text	data/pokemon/dex_entries/silver/marill.asm	1	0	db	AQUAMOUSE@	
data.pokemon.dex_entries.silver.marill:4:0	text	data/pokemon/dex_entries/silver/marill.asm	4	0	db	The end of its	
data.pokemon.dex_entries.silver.marill:5:0	text	data/pokemon/dex_entries/silver/marill.asm	5	0	next	tail serves as a	
data.pokemon.dex_entries.silver.marill:6:0	text	data/pokemon/dex_entries/silver/marill.asm	6	0	next	buoy that keeps	
data.pokemon.dex_entries.silver.marill:8:0	text	data/pokemon/dex_entries/silver/marill.asm	8	0	page	it from drowning,	
data.pokemon.dex_entries.silver.marill:9:0	text	data/pokemon/dex_entries/silver/marill.asm	9	0	next	even in a vicious	
data.pokemon.dex_entries.silver.marill:10:0	text	data/pokemon/dex_entries/silver/marill.asm	10	0	next	current.@	
data.pokemon.dex_entries.silver.marowak:1:0	text	data/pokemon/dex_entries/silver/marowak.asm	1	0	db	BONEKEEPER@	
data.pokemon.dex_entries.silver.marowak:4:0	text	data/pokemon/dex_entries/silver/marowak.asm	4	0	db	It collects bones	
data.pokemon.dex_entries.silver.marowak:5:0	text	data/pokemon/dex_entries/silver/marowak.asm	5	0	next	from an unknown	
data.pokemon.dex_entries.silver.marowak:6:0	text	data/pokemon/dex_entries/silver/marowak.asm	6	0	next	place. A MAROWAK	
data.pokemon.dex_entries.silver.marowak:8:0	text	data/pokemon/dex_entries/silver/marowak.asm	8	0	page	graveyard exists	
data.pokemon.dex_entries.silver.marowak:9:0	text	data/pokemon/dex_entries/silver/marowak.asm	9	0	next	somewhere in the	
data.pokemon.dex_entries.silver.marowak:10:0	text	data/pokemon/dex_entries/silver/marowak.asm	10	0	next	world, rumors say.@	
data.pokemon.dex_entries.silver.meganium:1:0	text	data/pokemon/dex_entries/silver/meganium.asm	1	0	db	HERB@	
data.pokemon.dex_entries.silver.meganium:4:0	text	data/pokemon/dex_entries/silver/meganium.asm	4	0	db	MEGANIUM's breath	
data.pokemon.dex_entries.silver.meganium:5:0	text	data/pokemon/dex_entries/silver/meganium.asm	5	0	next	has the power to	
data.pokemon.dex_entries.silver.meganium:6:0	text	data/pokemon/dex_entries/silver/meganium.asm	6	0	next	revive dead grass	
data.pokemon.dex_entries.silver.meganium:8:0	text	data/pokemon/dex_entries/silver/meganium.asm	8	0	page	and plants. It can	
data.pokemon.dex_entries.silver.meganium:9:0	text	data/pokemon/dex_entries/silver/meganium.asm	9	0	next	make them healthy	
data.pokemon.dex_entries.silver.meganium:10:0	text	data/pokemon/dex_entries/silver/meganium.asm	10	0	next	again.@	
data.pokemon.dex_entries.silver.meowth:1:0	text	data/pokemon/dex_entries/silver/meowth.asm	1	0	db	SCRATCHCAT@	
data.pokemon.dex_entries.silver.meowth:4:0	text	data/pokemon/dex_entries/silver/meowth.asm	4	0	db	It loves anything	
data.pokemon.dex_entries.silver.meowth:5:0	text	data/pokemon/dex_entries/silver/meowth.asm	5	0	next	that shines. It	
data.pokemon.dex_entries.silver.meowth:6:0	text	data/pokemon/dex_entries/silver/meowth.asm	6	0	next	especially adores	
data.pokemon.dex_entries.silver.meowth:8:0	text	data/pokemon/dex_entries/silver/meowth.asm	8	0	page	coins that it	
data.pokemon.dex_entries.silver.meowth:9:0	text	data/pokemon/dex_entries/silver/meowth.asm	9	0	next	picks up and se-	
data.pokemon.dex_entries.silver.meowth:10:0	text	data/pokemon/dex_entries/silver/meowth.asm	10	0	next	cretly hoards.@	
data.pokemon.dex_entries.silver.metapod:1:0	text	data/pokemon/dex_entries/silver/metapod.asm	1	0	db	COCOON@	
data.pokemon.dex_entries.silver.metapod:4:0	text	data/pokemon/dex_entries/silver/metapod.asm	4	0	db	It prepares for	
data.pokemon.dex_entries.silver.metapod:5:0	text	data/pokemon/dex_entries/silver/metapod.asm	5	0	next	evolution by har-	
data.pokemon.dex_entries.silver.metapod:6:0	text	data/pokemon/dex_entries/silver/metapod.asm	6	0	next	dening its shell	
data.pokemon.dex_entries.silver.metapod:8:0	text	data/pokemon/dex_entries/silver/metapod.asm	8	0	page	as much as possi-	
data.pokemon.dex_entries.silver.metapod:9:0	text	data/pokemon/dex_entries/silver/metapod.asm	9	0	next	ble to protect its	
data.pokemon.dex_entries.silver.metapod:10:0	text	data/pokemon/dex_entries/silver/metapod.asm	10	0	next	soft body.@	
data.pokemon.dex_entries.silver.mew:1:0	text	data/pokemon/dex_entries/silver/mew.asm	1	0	db	NEW SPECIE@	
data.pokemon.dex_entries.silver.mew:4:0	text	data/pokemon/dex_entries/silver/mew.asm	4	0	db	Its DNA is said to	
data.pokemon.dex_entries.silver.mew:5:0	text	data/pokemon/dex_entries/silver/mew.asm	5	0	next	contain the genet-	
data.pokemon.dex_entries.silver.mew:6:0	text	data/pokemon/dex_entries/silver/mew.asm	6	0	next	ic codes of all	
data.pokemon.dex_entries.silver.mew:8:0	text	data/pokemon/dex_entries/silver/mew.asm	8	0	page	#MON, so it can	
data.pokemon.dex_entries.silver.mew:9:0	text	data/pokemon/dex_entries/silver/mew.asm	9	0	next	use all kinds of	
data.pokemon.dex_entries.silver.mew:10:0	text	data/pokemon/dex_entries/silver/mew.asm	10	0	next	techniques.@	
data.pokemon.dex_entries.silver.mewtwo:1:0	text	data/pokemon/dex_entries/silver/mewtwo.asm	1	0	db	GENETIC@	
data.pokemon.dex_entries.silver.mewtwo:4:0	text	data/pokemon/dex_entries/silver/mewtwo.asm	4	0	db	It usually remains	
data.pokemon.dex_entries.silver.mewtwo:5:0	text	data/pokemon/dex_entries/silver/mewtwo.asm	5	0	next	motionless to con-	
data.pokemon.dex_entries.silver.mewtwo:6:0	text	data/pokemon/dex_entries/silver/mewtwo.asm	6	0	next	serve energy, so	
data.pokemon.dex_entries.silver.mewtwo:8:0	text	data/pokemon/dex_entries/silver/mewtwo.asm	8	0	page	that it may un-	
data.pokemon.dex_entries.silver.mewtwo:9:0	text	data/pokemon/dex_entries/silver/mewtwo.asm	9	0	next	leash its full	
data.pokemon.dex_entries.silver.mewtwo:10:0	text	data/pokemon/dex_entries/silver/mewtwo.asm	10	0	next	power in battle.@	
data.pokemon.dex_entries.silver.miltank:1:0	text	data/pokemon/dex_entries/silver/miltank.asm	1	0	db	MILK COW@	
data.pokemon.dex_entries.silver.miltank:4:0	text	data/pokemon/dex_entries/silver/miltank.asm	4	0	db	If it has just had	
data.pokemon.dex_entries.silver.miltank:5:0	text	data/pokemon/dex_entries/silver/miltank.asm	5	0	next	a baby, the milk	
data.pokemon.dex_entries.silver.miltank:6:0	text	data/pokemon/dex_entries/silver/miltank.asm	6	0	next	it produces con-	
data.pokemon.dex_entries.silver.miltank:8:0	text	data/pokemon/dex_entries/silver/miltank.asm	8	0	page	tains much more	
data.pokemon.dex_entries.silver.miltank:9:0	text	data/pokemon/dex_entries/silver/miltank.asm	9	0	next	nutrition than	
data.pokemon.dex_entries.silver.miltank:10:0	text	data/pokemon/dex_entries/silver/miltank.asm	10	0	next	usual.@	
data.pokemon.dex_entries.silver.misdreavus:1:0	text	data/pokemon/dex_entries/silver/misdreavus.asm	1	0	db	SCREECH@	
data.pokemon.dex_entries.silver.misdreavus:4:0	text	data/pokemon/dex_entries/silver/misdreavus.asm	4	0	db	It loves to bite	
data.pokemon.dex_entries.silver.misdreavus:5:0	text	data/pokemon/dex_entries/silver/misdreavus.asm	5	0	next	and yank people's	
data.pokemon.dex_entries.silver.misdreavus:6:0	text	data/pokemon/dex_entries/silver/misdreavus.asm	6	0	next	hair from behind	
data.pokemon.dex_entries.silver.misdreavus:8:0	text	data/pokemon/dex_entries/silver/misdreavus.asm	8	0	page	without warning,	
data.pokemon.dex_entries.silver.misdreavus:9:0	text	data/pokemon/dex_entries/silver/misdreavus.asm	9	0	next	just to see their	
data.pokemon.dex_entries.silver.misdreavus:10:0	text	data/pokemon/dex_entries/silver/misdreavus.asm	10	0	next	shocked reactions.@	
data.pokemon.dex_entries.silver.moltres:1:0	text	data/pokemon/dex_entries/silver/moltres.asm	1	0	db	FLAME@	
data.pokemon.dex_entries.silver.moltres:4:0	text	data/pokemon/dex_entries/silver/moltres.asm	4	0	db	This legendary	
data.pokemon.dex_entries.silver.moltres:5:0	text	data/pokemon/dex_entries/silver/moltres.asm	5	0	next	bird #MON is	
data.pokemon.dex_entries.silver.moltres:6:0	text	data/pokemon/dex_entries/silver/moltres.asm	6	0	next	said to bring	
data.pokemon.dex_entries.silver.moltres:8:0	text	data/pokemon/dex_entries/silver/moltres.asm	8	0	page	early spring to	
data.pokemon.dex_entries.silver.moltres:9:0	text	data/pokemon/dex_entries/silver/moltres.asm	9	0	next	the wintry lands	
data.pokemon.dex_entries.silver.moltres:10:0	text	data/pokemon/dex_entries/silver/moltres.asm	10	0	next	it visits.@	
data.pokemon.dex_entries.silver.mr__mime:1:0	text	data/pokemon/dex_entries/silver/mr__mime.asm	1	0	db	BARRIER@	
data.pokemon.dex_entries.silver.mr__mime:4:0	text	data/pokemon/dex_entries/silver/mr__mime.asm	4	0	db	Its fingertips	
data.pokemon.dex_entries.silver.mr__mime:5:0	text	data/pokemon/dex_entries/silver/mr__mime.asm	5	0	next	emit a peculiar	
data.pokemon.dex_entries.silver.mr__mime:6:0	text	data/pokemon/dex_entries/silver/mr__mime.asm	6	0	next	force field that	
data.pokemon.dex_entries.silver.mr__mime:8:0	text	data/pokemon/dex_entries/silver/mr__mime.asm	8	0	page	hardens air to	
data.pokemon.dex_entries.silver.mr__mime:9:0	text	data/pokemon/dex_entries/silver/mr__mime.asm	9	0	next	create an actual	
data.pokemon.dex_entries.silver.mr__mime:10:0	text	data/pokemon/dex_entries/silver/mr__mime.asm	10	0	next	wall.@	
data.pokemon.dex_entries.silver.muk:1:0	text	data/pokemon/dex_entries/silver/muk.asm	1	0	db	SLUDGE@	
data.pokemon.dex_entries.silver.muk:4:0	text	data/pokemon/dex_entries/silver/muk.asm	4	0	db	Its body is made	
data.pokemon.dex_entries.silver.muk:5:0	text	data/pokemon/dex_entries/silver/muk.asm	5	0	next	of a powerful poi-	
data.pokemon.dex_entries.silver.muk:6:0	text	data/pokemon/dex_entries/silver/muk.asm	6	0	next	son. Touching it	
data.pokemon.dex_entries.silver.muk:8:0	text	data/pokemon/dex_entries/silver/muk.asm	8	0	page	accidentally will	
data.pokemon.dex_entries.silver.muk:9:0	text	data/pokemon/dex_entries/silver/muk.asm	9	0	next	cause a fever that	
data.pokemon.dex_entries.silver.muk:10:0	text	data/pokemon/dex_entries/silver/muk.asm	10	0	next	requires bed rest.@	
data.pokemon.dex_entries.silver.murkrow:1:0	text	data/pokemon/dex_entries/silver/murkrow.asm	1	0	db	DARKNESS@	
data.pokemon.dex_entries.silver.murkrow:4:0	text	data/pokemon/dex_entries/silver/murkrow.asm	4	0	db	It is said that	
data.pokemon.dex_entries.silver.murkrow:5:0	text	data/pokemon/dex_entries/silver/murkrow.asm	5	0	next	when chased, it	
data.pokemon.dex_entries.silver.murkrow:6:0	text	data/pokemon/dex_entries/silver/murkrow.asm	6	0	next	lures its attacker	
data.pokemon.dex_entries.silver.murkrow:8:0	text	data/pokemon/dex_entries/silver/murkrow.asm	8	0	page	onto dark mountain	
data.pokemon.dex_entries.silver.murkrow:9:0	text	data/pokemon/dex_entries/silver/murkrow.asm	9	0	next	trails where the	
data.pokemon.dex_entries.silver.murkrow:10:0	text	data/pokemon/dex_entries/silver/murkrow.asm	10	0	next	foe will get lost.@	
data.pokemon.dex_entries.silver.natu:1:0	text	data/pokemon/dex_entries/silver/natu.asm	1	0	db	LITTLEBIRD@	
data.pokemon.dex_entries.silver.natu:4:0	text	data/pokemon/dex_entries/silver/natu.asm	4	0	db	It usually forages	
data.pokemon.dex_entries.silver.natu:5:0	text	data/pokemon/dex_entries/silver/natu.asm	5	0	next	for food on the	
data.pokemon.dex_entries.silver.natu:6:0	text	data/pokemon/dex_entries/silver/natu.asm	6	0	next	ground but may, on	
data.pokemon.dex_entries.silver.natu:8:0	text	data/pokemon/dex_entries/silver/natu.asm	8	0	page	rare occasions,	
data.pokemon.dex_entries.silver.natu:9:0	text	data/pokemon/dex_entries/silver/natu.asm	9	0	next	hop onto branches	
data.pokemon.dex_entries.silver.natu:10:0	text	data/pokemon/dex_entries/silver/natu.asm	10	0	next	to peck at shoots.@	
data.pokemon.dex_entries.silver.nidoking:1:0	text	data/pokemon/dex_entries/silver/nidoking.asm	1	0	db	DRILL@	
data.pokemon.dex_entries.silver.nidoking:4:0	text	data/pokemon/dex_entries/silver/nidoking.asm	4	0	db	Its tail is thick	
data.pokemon.dex_entries.silver.nidoking:5:0	text	data/pokemon/dex_entries/silver/nidoking.asm	5	0	next	and powerful. If	
data.pokemon.dex_entries.silver.nidoking:6:0	text	data/pokemon/dex_entries/silver/nidoking.asm	6	0	next	it binds an enemy,	
data.pokemon.dex_entries.silver.nidoking:8:0	text	data/pokemon/dex_entries/silver/nidoking.asm	8	0	page	it can snap the	
data.pokemon.dex_entries.silver.nidoking:9:0	text	data/pokemon/dex_entries/silver/nidoking.asm	9	0	next	victim's spine	
data.pokemon.dex_entries.silver.nidoking:10:0	text	data/pokemon/dex_entries/silver/nidoking.asm	10	0	next	quite easily.@	
data.pokemon.dex_entries.silver.nidoqueen:1:0	text	data/pokemon/dex_entries/silver/nidoqueen.asm	1	0	db	DRILL@	
data.pokemon.dex_entries.silver.nidoqueen:4:0	text	data/pokemon/dex_entries/silver/nidoqueen.asm	4	0	db	It uses its scaly,	
data.pokemon.dex_entries.silver.nidoqueen:5:0	text	data/pokemon/dex_entries/silver/nidoqueen.asm	5	0	next	rugged body to	
data.pokemon.dex_entries.silver.nidoqueen:6:0	text	data/pokemon/dex_entries/silver/nidoqueen.asm	6	0	next	seal the entrance	
data.pokemon.dex_entries.silver.nidoqueen:8:0	text	data/pokemon/dex_entries/silver/nidoqueen.asm	8	0	page	of its nest and	
data.pokemon.dex_entries.silver.nidoqueen:9:0	text	data/pokemon/dex_entries/silver/nidoqueen.asm	9	0	next	protect its young	
data.pokemon.dex_entries.silver.nidoqueen:10:0	text	data/pokemon/dex_entries/silver/nidoqueen.asm	10	0	next	from predators.@	
data.pokemon.dex_entries.silver.nidoran_f:1:0	text	data/pokemon/dex_entries/silver/nidoran_f.asm	1	0	db	POISON PIN@	
data.pokemon.dex_entries.silver.nidoran_f:4:0	text	data/pokemon/dex_entries/silver/nidoran_f.asm	4	0	db	Although not very	
data.pokemon.dex_entries.silver.nidoran_f:5:0	text	data/pokemon/dex_entries/silver/nidoran_f.asm	5	0	next	combative, it will	
data.pokemon.dex_entries.silver.nidoran_f:6:0	text	data/pokemon/dex_entries/silver/nidoran_f.asm	6	0	next	torment its foes	
data.pokemon.dex_entries.silver.nidoran_f:8:0	text	data/pokemon/dex_entries/silver/nidoran_f.asm	8	0	page	with poison spikes	
data.pokemon.dex_entries.silver.nidoran_f:9:0	text	data/pokemon/dex_entries/silver/nidoran_f.asm	9	0	next	if it is threat-	
data.pokemon.dex_entries.silver.nidoran_f:10:0	text	data/pokemon/dex_entries/silver/nidoran_f.asm	10	0	next	ened in any way.@	
data.pokemon.dex_entries.silver.nidoran_m:1:0	text	data/pokemon/dex_entries/silver/nidoran_m.asm	1	0	db	POISON PIN@	
data.pokemon.dex_entries.silver.nidoran_m:4:0	text	data/pokemon/dex_entries/silver/nidoran_m.asm	4	0	db	It raises its big	
data.pokemon.dex_entries.silver.nidoran_m:5:0	text	data/pokemon/dex_entries/silver/nidoran_m.asm	5	0	next	ears to check its	
data.pokemon.dex_entries.silver.nidoran_m:6:0	text	data/pokemon/dex_entries/silver/nidoran_m.asm	6	0	next	surroundings.	
data.pokemon.dex_entries.silver.nidoran_m:8:0	text	data/pokemon/dex_entries/silver/nidoran_m.asm	8	0	page	It will strike	
data.pokemon.dex_entries.silver.nidoran_m:9:0	text	data/pokemon/dex_entries/silver/nidoran_m.asm	9	0	next	first if it senses	
data.pokemon.dex_entries.silver.nidoran_m:10:0	text	data/pokemon/dex_entries/silver/nidoran_m.asm	10	0	next	any danger.@	
data.pokemon.dex_entries.silver.nidorina:1:0	text	data/pokemon/dex_entries/silver/nidorina.asm	1	0	db	POISON PIN@	
data.pokemon.dex_entries.silver.nidorina:4:0	text	data/pokemon/dex_entries/silver/nidorina.asm	4	0	db	It has a calm and	
data.pokemon.dex_entries.silver.nidorina:5:0	text	data/pokemon/dex_entries/silver/nidorina.asm	5	0	next	caring nature.	
data.pokemon.dex_entries.silver.nidorina:6:0	text	data/pokemon/dex_entries/silver/nidorina.asm	6	0	next	Because its horn	
data.pokemon.dex_entries.silver.nidorina:8:0	text	data/pokemon/dex_entries/silver/nidorina.asm	8	0	page	grows slowly, it	
data.pokemon.dex_entries.silver.nidorina:9:0	text	data/pokemon/dex_entries/silver/nidorina.asm	9	0	next	prefers not to	
data.pokemon.dex_entries.silver.nidorina:10:0	text	data/pokemon/dex_entries/silver/nidorina.asm	10	0	next	fight.@	
data.pokemon.dex_entries.silver.nidorino:1:0	text	data/pokemon/dex_entries/silver/nidorino.asm	1	0	db	POISON PIN@	
data.pokemon.dex_entries.silver.nidorino:4:0	text	data/pokemon/dex_entries/silver/nidorino.asm	4	0	db	Quick to anger, it	
data.pokemon.dex_entries.silver.nidorino:5:0	text	data/pokemon/dex_entries/silver/nidorino.asm	5	0	next	stabs enemies with	
data.pokemon.dex_entries.silver.nidorino:6:0	text	data/pokemon/dex_entries/silver/nidorino.asm	6	0	next	its horn to inject	
data.pokemon.dex_entries.silver.nidorino:8:0	text	data/pokemon/dex_entries/silver/nidorino.asm	8	0	page	a powerful poison	
data.pokemon.dex_entries.silver.nidorino:9:0	text	data/pokemon/dex_entries/silver/nidorino.asm	9	0	next	when it becomes	
data.pokemon.dex_entries.silver.nidorino:10:0	text	data/pokemon/dex_entries/silver/nidorino.asm	10	0	next	agitated.@	
data.pokemon.dex_entries.silver.ninetales:1:0	text	data/pokemon/dex_entries/silver/ninetales.asm	1	0	db	FOX@	
data.pokemon.dex_entries.silver.ninetales:4:0	text	data/pokemon/dex_entries/silver/ninetales.asm	4	0	db	Its nine beautiful	
data.pokemon.dex_entries.silver.ninetales:5:0	text	data/pokemon/dex_entries/silver/ninetales.asm	5	0	next	tails are filled	
data.pokemon.dex_entries.silver.ninetales:6:0	text	data/pokemon/dex_entries/silver/ninetales.asm	6	0	next	with a wondrous	
data.pokemon.dex_entries.silver.ninetales:8:0	text	data/pokemon/dex_entries/silver/ninetales.asm	8	0	page	energy that could	
data.pokemon.dex_entries.silver.ninetales:9:0	text	data/pokemon/dex_entries/silver/ninetales.asm	9	0	next	keep it alive for	
data.pokemon.dex_entries.silver.ninetales:10:0	text	data/pokemon/dex_entries/silver/ninetales.asm	10	0	next	1,000 years.@	
data.pokemon.dex_entries.silver.noctowl:1:0	text	data/pokemon/dex_entries/silver/noctowl.asm	1	0	db	OWL@	
data.pokemon.dex_entries.silver.noctowl:4:0	text	data/pokemon/dex_entries/silver/noctowl.asm	4	0	db	When it needs to	
data.pokemon.dex_entries.silver.noctowl:5:0	text	data/pokemon/dex_entries/silver/noctowl.asm	5	0	next	think, it rotates	
data.pokemon.dex_entries.silver.noctowl:6:0	text	data/pokemon/dex_entries/silver/noctowl.asm	6	0	next	its head 180 de-	
data.pokemon.dex_entries.silver.noctowl:8:0	text	data/pokemon/dex_entries/silver/noctowl.asm	8	0	page	grees to sharpen	
data.pokemon.dex_entries.silver.noctowl:9:0	text	data/pokemon/dex_entries/silver/noctowl.asm	9	0	next	its intellectual	
data.pokemon.dex_entries.silver.noctowl:10:0	text	data/pokemon/dex_entries/silver/noctowl.asm	10	0	next	power.@	
data.pokemon.dex_entries.silver.octillery:1:0	text	data/pokemon/dex_entries/silver/octillery.asm	1	0	db	JET@	
data.pokemon.dex_entries.silver.octillery:4:0	text	data/pokemon/dex_entries/silver/octillery.asm	4	0	db	It instinctively	
data.pokemon.dex_entries.silver.octillery:5:0	text	data/pokemon/dex_entries/silver/octillery.asm	5	0	next	sneaks into rocky	
data.pokemon.dex_entries.silver.octillery:6:0	text	data/pokemon/dex_entries/silver/octillery.asm	6	0	next	holes. If it gets	
data.pokemon.dex_entries.silver.octillery:8:0	text	data/pokemon/dex_entries/silver/octillery.asm	8	0	page	sleepy, it steals	
data.pokemon.dex_entries.silver.octillery:9:0	text	data/pokemon/dex_entries/silver/octillery.asm	9	0	next	the nest of a fel-	
data.pokemon.dex_entries.silver.octillery:10:0	text	data/pokemon/dex_entries/silver/octillery.asm	10	0	next	low OCTILLERY.@	
data.pokemon.dex_entries.silver.oddish:1:0	text	data/pokemon/dex_entries/silver/oddish.asm	1	0	db	WEED@	
data.pokemon.dex_entries.silver.oddish:4:0	text	data/pokemon/dex_entries/silver/oddish.asm	4	0	db	If exposed to	
data.pokemon.dex_entries.silver.oddish:5:0	text	data/pokemon/dex_entries/silver/oddish.asm	5	0	next	moonlight, it	
data.pokemon.dex_entries.silver.oddish:6:0	text	data/pokemon/dex_entries/silver/oddish.asm	6	0	next	starts to move.	
data.pokemon.dex_entries.silver.oddish:8:0	text	data/pokemon/dex_entries/silver/oddish.asm	8	0	page	It roams far and	
data.pokemon.dex_entries.silver.oddish:9:0	text	data/pokemon/dex_entries/silver/oddish.asm	9	0	next	wide at night to	
data.pokemon.dex_entries.silver.oddish:10:0	text	data/pokemon/dex_entries/silver/oddish.asm	10	0	next	scatter its seeds.@	
data.pokemon.dex_entries.silver.omanyte:1:0	text	data/pokemon/dex_entries/silver/omanyte.asm	1	0	db	SPIRAL@	
data.pokemon.dex_entries.silver.omanyte:4:0	text	data/pokemon/dex_entries/silver/omanyte.asm	4	0	db	This #MON from	
data.pokemon.dex_entries.silver.omanyte:5:0	text	data/pokemon/dex_entries/silver/omanyte.asm	5	0	next	ancient times is	
data.pokemon.dex_entries.silver.omanyte:6:0	text	data/pokemon/dex_entries/silver/omanyte.asm	6	0	next	said to have navi-	
data.pokemon.dex_entries.silver.omanyte:8:0	text	data/pokemon/dex_entries/silver/omanyte.asm	8	0	page	gated the sea by	
data.pokemon.dex_entries.silver.omanyte:9:0	text	data/pokemon/dex_entries/silver/omanyte.asm	9	0	next	adeptly twisting	
data.pokemon.dex_entries.silver.omanyte:10:0	text	data/pokemon/dex_entries/silver/omanyte.asm	10	0	next	its 10 tentacles.@	
data.pokemon.dex_entries.silver.omastar:1:0	text	data/pokemon/dex_entries/silver/omastar.asm	1	0	db	SPIRAL@	
data.pokemon.dex_entries.silver.omastar:4:0	text	data/pokemon/dex_entries/silver/omastar.asm	4	0	db	Once wrapped	
data.pokemon.dex_entries.silver.omastar:5:0	text	data/pokemon/dex_entries/silver/omastar.asm	5	0	next	around its prey,	
data.pokemon.dex_entries.silver.omastar:6:0	text	data/pokemon/dex_entries/silver/omastar.asm	6	0	next	it never lets go.	
data.pokemon.dex_entries.silver.omastar:8:0	text	data/pokemon/dex_entries/silver/omastar.asm	8	0	page	It eats the prey	
data.pokemon.dex_entries.silver.omastar:9:0	text	data/pokemon/dex_entries/silver/omastar.asm	9	0	next	by tearing at it	
data.pokemon.dex_entries.silver.omastar:10:0	text	data/pokemon/dex_entries/silver/omastar.asm	10	0	next	with sharp fangs.@	
data.pokemon.dex_entries.silver.onix:1:0	text	data/pokemon/dex_entries/silver/onix.asm	1	0	db	ROCK SNAKE@	
data.pokemon.dex_entries.silver.onix:4:0	text	data/pokemon/dex_entries/silver/onix.asm	4	0	db	It rapidly bores	
data.pokemon.dex_entries.silver.onix:5:0	text	data/pokemon/dex_entries/silver/onix.asm	5	0	next	through the ground	
data.pokemon.dex_entries.silver.onix:6:0	text	data/pokemon/dex_entries/silver/onix.asm	6	0	next	at 50 mph by	
data.pokemon.dex_entries.silver.onix:8:0	text	data/pokemon/dex_entries/silver/onix.asm	8	0	page	squirming and	
data.pokemon.dex_entries.silver.onix:9:0	text	data/pokemon/dex_entries/silver/onix.asm	9	0	next	twisting its mas-	
data.pokemon.dex_entries.silver.onix:10:0	text	data/pokemon/dex_entries/silver/onix.asm	10	0	next	sive, rugged body.@	
data.pokemon.dex_entries.silver.paras:1:0	text	data/pokemon/dex_entries/silver/paras.asm	1	0	db	MUSHROOM@	
data.pokemon.dex_entries.silver.paras:4:0	text	data/pokemon/dex_entries/silver/paras.asm	4	0	db	As its body grows	
data.pokemon.dex_entries.silver.paras:5:0	text	data/pokemon/dex_entries/silver/paras.asm	5	0	next	large, oriental	
data.pokemon.dex_entries.silver.paras:6:0	text	data/pokemon/dex_entries/silver/paras.asm	6	0	next	mushrooms named	
data.pokemon.dex_entries.silver.paras:8:0	text	data/pokemon/dex_entries/silver/paras.asm	8	0	page	tochukaso start	
data.pokemon.dex_entries.silver.paras:9:0	text	data/pokemon/dex_entries/silver/paras.asm	9	0	next	sprouting out of	
data.pokemon.dex_entries.silver.paras:10:0	text	data/pokemon/dex_entries/silver/paras.asm	10	0	next	its back.@	
data.pokemon.dex_entries.silver.parasect:1:0	text	data/pokemon/dex_entries/silver/parasect.asm	1	0	db	MUSHROOM@	
data.pokemon.dex_entries.silver.parasect:4:0	text	data/pokemon/dex_entries/silver/parasect.asm	4	0	db	The larger the	
data.pokemon.dex_entries.silver.parasect:5:0	text	data/pokemon/dex_entries/silver/parasect.asm	5	0	next	mushroom on its	
data.pokemon.dex_entries.silver.parasect:6:0	text	data/pokemon/dex_entries/silver/parasect.asm	6	0	next	back grows, the	
data.pokemon.dex_entries.silver.parasect:8:0	text	data/pokemon/dex_entries/silver/parasect.asm	8	0	page	stronger the mush-	
data.pokemon.dex_entries.silver.parasect:9:0	text	data/pokemon/dex_entries/silver/parasect.asm	9	0	next	room spores it	
data.pokemon.dex_entries.silver.parasect:10:0	text	data/pokemon/dex_entries/silver/parasect.asm	10	0	next	scatters.@	
data.pokemon.dex_entries.silver.persian:1:0	text	data/pokemon/dex_entries/silver/persian.asm	1	0	db	CLASSY CAT@	
data.pokemon.dex_entries.silver.persian:4:0	text	data/pokemon/dex_entries/silver/persian.asm	4	0	db	Its lithe muscles	
data.pokemon.dex_entries.silver.persian:5:0	text	data/pokemon/dex_entries/silver/persian.asm	5	0	next	allow it to walk	
data.pokemon.dex_entries.silver.persian:6:0	text	data/pokemon/dex_entries/silver/persian.asm	6	0	next	without making	
data.pokemon.dex_entries.silver.persian:8:0	text	data/pokemon/dex_entries/silver/persian.asm	8	0	page	a sound. It	
data.pokemon.dex_entries.silver.persian:9:0	text	data/pokemon/dex_entries/silver/persian.asm	9	0	next	attacks in an	
data.pokemon.dex_entries.silver.persian:10:0	text	data/pokemon/dex_entries/silver/persian.asm	10	0	next	instant.@	
data.pokemon.dex_entries.silver.phanpy:1:0	text	data/pokemon/dex_entries/silver/phanpy.asm	1	0	db	LONG NOSE@	
data.pokemon.dex_entries.silver.phanpy:4:0	text	data/pokemon/dex_entries/silver/phanpy.asm	4	0	db	As a sign of af-	
data.pokemon.dex_entries.silver.phanpy:5:0	text	data/pokemon/dex_entries/silver/phanpy.asm	5	0	next	fection, it bumps	
data.pokemon.dex_entries.silver.phanpy:6:0	text	data/pokemon/dex_entries/silver/phanpy.asm	6	0	next	with its snout.	
data.pokemon.dex_entries.silver.phanpy:8:0	text	data/pokemon/dex_entries/silver/phanpy.asm	8	0	page	However, it is so	
data.pokemon.dex_entries.silver.phanpy:9:0	text	data/pokemon/dex_entries/silver/phanpy.asm	9	0	next	strong, it may	
data.pokemon.dex_entries.silver.phanpy:10:0	text	data/pokemon/dex_entries/silver/phanpy.asm	10	0	next	send you flying.@	
data.pokemon.dex_entries.silver.pichu:1:0	text	data/pokemon/dex_entries/silver/pichu.asm	1	0	db	TINY MOUSE@	
data.pokemon.dex_entries.silver.pichu:4:0	text	data/pokemon/dex_entries/silver/pichu.asm	4	0	db	Despite its small	
data.pokemon.dex_entries.silver.pichu:5:0	text	data/pokemon/dex_entries/silver/pichu.asm	5	0	next	size, it can zap	
data.pokemon.dex_entries.silver.pichu:6:0	text	data/pokemon/dex_entries/silver/pichu.asm	6	0	next	even adult humans.	
data.pokemon.dex_entries.silver.pichu:8:0	text	data/pokemon/dex_entries/silver/pichu.asm	8	0	page	However, if it	
data.pokemon.dex_entries.silver.pichu:9:0	text	data/pokemon/dex_entries/silver/pichu.asm	9	0	next	does so, it also	
data.pokemon.dex_entries.silver.pichu:10:0	text	data/pokemon/dex_entries/silver/pichu.asm	10	0	next	surprises itself.@	
data.pokemon.dex_entries.silver.pidgeot:1:0	text	data/pokemon/dex_entries/silver/pidgeot.asm	1	0	db	BIRD@	
data.pokemon.dex_entries.silver.pidgeot:4:0	text	data/pokemon/dex_entries/silver/pidgeot.asm	4	0	db	It spreads its	
data.pokemon.dex_entries.silver.pidgeot:5:0	text	data/pokemon/dex_entries/silver/pidgeot.asm	5	0	next	beautiful wings	
data.pokemon.dex_entries.silver.pidgeot:6:0	text	data/pokemon/dex_entries/silver/pidgeot.asm	6	0	next	wide to frighten	
data.pokemon.dex_entries.silver.pidgeot:8:0	text	data/pokemon/dex_entries/silver/pidgeot.asm	8	0	page	its enemies. It	
data.pokemon.dex_entries.silver.pidgeot:9:0	text	data/pokemon/dex_entries/silver/pidgeot.asm	9	0	next	can fly at Mach 2	
data.pokemon.dex_entries.silver.pidgeot:10:0	text	data/pokemon/dex_entries/silver/pidgeot.asm	10	0	next	speed.@	
data.pokemon.dex_entries.silver.pidgeotto:1:0	text	data/pokemon/dex_entries/silver/pidgeotto.asm	1	0	db	BIRD@	
data.pokemon.dex_entries.silver.pidgeotto:4:0	text	data/pokemon/dex_entries/silver/pidgeotto.asm	4	0	db	It immobilizes its	
data.pokemon.dex_entries.silver.pidgeotto:5:0	text	data/pokemon/dex_entries/silver/pidgeotto.asm	5	0	next	prey using well-	
data.pokemon.dex_entries.silver.pidgeotto:6:0	text	data/pokemon/dex_entries/silver/pidgeotto.asm	6	0	next	developed claws,	
data.pokemon.dex_entries.silver.pidgeotto:8:0	text	data/pokemon/dex_entries/silver/pidgeotto.asm	8	0	page	then carries the	
data.pokemon.dex_entries.silver.pidgeotto:9:0	text	data/pokemon/dex_entries/silver/pidgeotto.asm	9	0	next	prey more than 60	
data.pokemon.dex_entries.silver.pidgeotto:10:0	text	data/pokemon/dex_entries/silver/pidgeotto.asm	10	0	next	miles to its nest.@	
data.pokemon.dex_entries.silver.pidgey:1:0	text	data/pokemon/dex_entries/silver/pidgey.asm	1	0	db	TINY BIRD@	
data.pokemon.dex_entries.silver.pidgey:4:0	text	data/pokemon/dex_entries/silver/pidgey.asm	4	0	db	Common in grassy	
data.pokemon.dex_entries.silver.pidgey:5:0	text	data/pokemon/dex_entries/silver/pidgey.asm	5	0	next	areas and forests,	
data.pokemon.dex_entries.silver.pidgey:6:0	text	data/pokemon/dex_entries/silver/pidgey.asm	6	0	next	it is very docile	
data.pokemon.dex_entries.silver.pidgey:8:0	text	data/pokemon/dex_entries/silver/pidgey.asm	8	0	page	and will chase off	
data.pokemon.dex_entries.silver.pidgey:9:0	text	data/pokemon/dex_entries/silver/pidgey.asm	9	0	next	enemies by flap-	
data.pokemon.dex_entries.silver.pidgey:10:0	text	data/pokemon/dex_entries/silver/pidgey.asm	10	0	next	ping up sand.@	
data.pokemon.dex_entries.silver.pikachu:1:0	text	data/pokemon/dex_entries/silver/pikachu.asm	1	0	db	MOUSE@	
data.pokemon.dex_entries.silver.pikachu:4:0	text	data/pokemon/dex_entries/silver/pikachu.asm	4	0	db	It raises its tail	
data.pokemon.dex_entries.silver.pikachu:5:0	text	data/pokemon/dex_entries/silver/pikachu.asm	5	0	next	to check its sur-	
data.pokemon.dex_entries.silver.pikachu:6:0	text	data/pokemon/dex_entries/silver/pikachu.asm	6	0	next	roundings. The	
data.pokemon.dex_entries.silver.pikachu:8:0	text	data/pokemon/dex_entries/silver/pikachu.asm	8	0	page	tail is sometimes	
data.pokemon.dex_entries.silver.pikachu:9:0	text	data/pokemon/dex_entries/silver/pikachu.asm	9	0	next	struck by light-	
data.pokemon.dex_entries.silver.pikachu:10:0	text	data/pokemon/dex_entries/silver/pikachu.asm	10	0	next	ning in this pose.@	
data.pokemon.dex_entries.silver.piloswine:1:0	text	data/pokemon/dex_entries/silver/piloswine.asm	1	0	db	SWINE@	
data.pokemon.dex_entries.silver.piloswine:4:0	text	data/pokemon/dex_entries/silver/piloswine.asm	4	0	db	If it charges at	
data.pokemon.dex_entries.silver.piloswine:5:0	text	data/pokemon/dex_entries/silver/piloswine.asm	5	0	next	an enemy, the	
data.pokemon.dex_entries.silver.piloswine:6:0	text	data/pokemon/dex_entries/silver/piloswine.asm	6	0	next	hairs on its back	
data.pokemon.dex_entries.silver.piloswine:8:0	text	data/pokemon/dex_entries/silver/piloswine.asm	8	0	page	stand up straight.	
data.pokemon.dex_entries.silver.piloswine:9:0	text	data/pokemon/dex_entries/silver/piloswine.asm	9	0	next	It is very sensi-	
data.pokemon.dex_entries.silver.piloswine:10:0	text	data/pokemon/dex_entries/silver/piloswine.asm	10	0	next	tive to sound.@	
data.pokemon.dex_entries.silver.pineco:1:0	text	data/pokemon/dex_entries/silver/pineco.asm	1	0	db	BAGWORM@	
data.pokemon.dex_entries.silver.pineco:4:0	text	data/pokemon/dex_entries/silver/pineco.asm	4	0	db	It hangs and waits	
data.pokemon.dex_entries.silver.pineco:5:0	text	data/pokemon/dex_entries/silver/pineco.asm	5	0	next	for flying insect	
data.pokemon.dex_entries.silver.pineco:6:0	text	data/pokemon/dex_entries/silver/pineco.asm	6	0	next	prey to come near.	
data.pokemon.dex_entries.silver.pineco:8:0	text	data/pokemon/dex_entries/silver/pineco.asm	8	0	page	It does not move	
data.pokemon.dex_entries.silver.pineco:9:0	text	data/pokemon/dex_entries/silver/pineco.asm	9	0	next	about much on its	
data.pokemon.dex_entries.silver.pineco:10:0	text	data/pokemon/dex_entries/silver/pineco.asm	10	0	next	own.@	
data.pokemon.dex_entries.silver.pinsir:1:0	text	data/pokemon/dex_entries/silver/pinsir.asm	1	0	db	STAGBEETLE@	
data.pokemon.dex_entries.silver.pinsir:4:0	text	data/pokemon/dex_entries/silver/pinsir.asm	4	0	db	Swings its long	
data.pokemon.dex_entries.silver.pinsir:5:0	text	data/pokemon/dex_entries/silver/pinsir.asm	5	0	next	antlers wildly to	
data.pokemon.dex_entries.silver.pinsir:6:0	text	data/pokemon/dex_entries/silver/pinsir.asm	6	0	next	attack. During	
data.pokemon.dex_entries.silver.pinsir:8:0	text	data/pokemon/dex_entries/silver/pinsir.asm	8	0	page	cold periods, it	
data.pokemon.dex_entries.silver.pinsir:9:0	text	data/pokemon/dex_entries/silver/pinsir.asm	9	0	next	hides deep in	
data.pokemon.dex_entries.silver.pinsir:10:0	text	data/pokemon/dex_entries/silver/pinsir.asm	10	0	next	forests.@	
data.pokemon.dex_entries.silver.politoed:1:0	text	data/pokemon/dex_entries/silver/politoed.asm	1	0	db	FROG@	
data.pokemon.dex_entries.silver.politoed:4:0	text	data/pokemon/dex_entries/silver/politoed.asm	4	0	db	Whenever three or	
data.pokemon.dex_entries.silver.politoed:5:0	text	data/pokemon/dex_entries/silver/politoed.asm	5	0	next	more of these get	
data.pokemon.dex_entries.silver.politoed:6:0	text	data/pokemon/dex_entries/silver/politoed.asm	6	0	next	together, they	
data.pokemon.dex_entries.silver.politoed:8:0	text	data/pokemon/dex_entries/silver/politoed.asm	8	0	page	sing in a loud	
data.pokemon.dex_entries.silver.politoed:9:0	text	data/pokemon/dex_entries/silver/politoed.asm	9	0	next	voice that sounds	
data.pokemon.dex_entries.silver.politoed:10:0	text	data/pokemon/dex_entries/silver/politoed.asm	10	0	next	like bellowing.@	
data.pokemon.dex_entries.silver.poliwag:1:0	text	data/pokemon/dex_entries/silver/poliwag.asm	1	0	db	TADPOLE@	
data.pokemon.dex_entries.silver.poliwag:4:0	text	data/pokemon/dex_entries/silver/poliwag.asm	4	0	db	The direction of	
data.pokemon.dex_entries.silver.poliwag:5:0	text	data/pokemon/dex_entries/silver/poliwag.asm	5	0	next	its belly spiral	
data.pokemon.dex_entries.silver.poliwag:6:0	text	data/pokemon/dex_entries/silver/poliwag.asm	6	0	next	differs by area.	
data.pokemon.dex_entries.silver.poliwag:8:0	text	data/pokemon/dex_entries/silver/poliwag.asm	8	0	page	The equator is	
data.pokemon.dex_entries.silver.poliwag:9:0	text	data/pokemon/dex_entries/silver/poliwag.asm	9	0	next	thought to have an	
data.pokemon.dex_entries.silver.poliwag:10:0	text	data/pokemon/dex_entries/silver/poliwag.asm	10	0	next	effect on this.@	
data.pokemon.dex_entries.silver.poliwhirl:1:0	text	data/pokemon/dex_entries/silver/poliwhirl.asm	1	0	db	TADPOLE@	
data.pokemon.dex_entries.silver.poliwhirl:4:0	text	data/pokemon/dex_entries/silver/poliwhirl.asm	4	0	db	The skin on most	
data.pokemon.dex_entries.silver.poliwhirl:5:0	text	data/pokemon/dex_entries/silver/poliwhirl.asm	5	0	next	of its body is	
data.pokemon.dex_entries.silver.poliwhirl:6:0	text	data/pokemon/dex_entries/silver/poliwhirl.asm	6	0	next	moist. However,	
data.pokemon.dex_entries.silver.poliwhirl:8:0	text	data/pokemon/dex_entries/silver/poliwhirl.asm	8	0	page	the skin on its	
data.pokemon.dex_entries.silver.poliwhirl:9:0	text	data/pokemon/dex_entries/silver/poliwhirl.asm	9	0	next	belly spiral feels	
data.pokemon.dex_entries.silver.poliwhirl:10:0	text	data/pokemon/dex_entries/silver/poliwhirl.asm	10	0	next	smooth.@	
data.pokemon.dex_entries.silver.poliwrath:1:0	text	data/pokemon/dex_entries/silver/poliwrath.asm	1	0	db	TADPOLE@	
data.pokemon.dex_entries.silver.poliwrath:4:0	text	data/pokemon/dex_entries/silver/poliwrath.asm	4	0	db	Although an ener-	
data.pokemon.dex_entries.silver.poliwrath:5:0	text	data/pokemon/dex_entries/silver/poliwrath.asm	5	0	next	getic, skilled	
data.pokemon.dex_entries.silver.poliwrath:6:0	text	data/pokemon/dex_entries/silver/poliwrath.asm	6	0	next	swimmer that uses	
data.pokemon.dex_entries.silver.poliwrath:8:0	text	data/pokemon/dex_entries/silver/poliwrath.asm	8	0	page	all of its mus-	
data.pokemon.dex_entries.silver.poliwrath:9:0	text	data/pokemon/dex_entries/silver/poliwrath.asm	9	0	next	cles, it lives on	
data.pokemon.dex_entries.silver.poliwrath:10:0	text	data/pokemon/dex_entries/silver/poliwrath.asm	10	0	next	dry land.@	
data.pokemon.dex_entries.silver.ponyta:1:0	text	data/pokemon/dex_entries/silver/ponyta.asm	1	0	db	FIRE HORSE@	
data.pokemon.dex_entries.silver.ponyta:4:0	text	data/pokemon/dex_entries/silver/ponyta.asm	4	0	db	Its hind legs,	
data.pokemon.dex_entries.silver.ponyta:5:0	text	data/pokemon/dex_entries/silver/ponyta.asm	5	0	next	which have hard-	
data.pokemon.dex_entries.silver.ponyta:6:0	text	data/pokemon/dex_entries/silver/ponyta.asm	6	0	next	er-than-diamond	
data.pokemon.dex_entries.silver.ponyta:8:0	text	data/pokemon/dex_entries/silver/ponyta.asm	8	0	page	hooves, kick back	
data.pokemon.dex_entries.silver.ponyta:9:0	text	data/pokemon/dex_entries/silver/ponyta.asm	9	0	next	at any presence it	
data.pokemon.dex_entries.silver.ponyta:10:0	text	data/pokemon/dex_entries/silver/ponyta.asm	10	0	next	senses behind it.@	
data.pokemon.dex_entries.silver.porygon:1:0	text	data/pokemon/dex_entries/silver/porygon.asm	1	0	db	VIRTUAL@	
data.pokemon.dex_entries.silver.porygon:4:0	text	data/pokemon/dex_entries/silver/porygon.asm	4	0	db	A manmade #MON	
data.pokemon.dex_entries.silver.porygon:5:0	text	data/pokemon/dex_entries/silver/porygon.asm	5	0	next	that came about as	
data.pokemon.dex_entries.silver.porygon:6:0	text	data/pokemon/dex_entries/silver/porygon.asm	6	0	next	a result of re-	
data.pokemon.dex_entries.silver.porygon:8:0	text	data/pokemon/dex_entries/silver/porygon.asm	8	0	page	search. It is pro-	
data.pokemon.dex_entries.silver.porygon:9:0	text	data/pokemon/dex_entries/silver/porygon.asm	9	0	next	grammed with only	
data.pokemon.dex_entries.silver.porygon:10:0	text	data/pokemon/dex_entries/silver/porygon.asm	10	0	next	basic motions.@	
data.pokemon.dex_entries.silver.porygon2:1:0	text	data/pokemon/dex_entries/silver/porygon2.asm	1	0	db	VIRTUAL@	
data.pokemon.dex_entries.silver.porygon2:4:0	text	data/pokemon/dex_entries/silver/porygon2.asm	4	0	db	Further research	
data.pokemon.dex_entries.silver.porygon2:5:0	text	data/pokemon/dex_entries/silver/porygon2.asm	5	0	next	enhanced its abil-	
data.pokemon.dex_entries.silver.porygon2:6:0	text	data/pokemon/dex_entries/silver/porygon2.asm	6	0	next	ities. Sometimes,	
data.pokemon.dex_entries.silver.porygon2:8:0	text	data/pokemon/dex_entries/silver/porygon2.asm	8	0	page	it may exhibit	
data.pokemon.dex_entries.silver.porygon2:9:0	text	data/pokemon/dex_entries/silver/porygon2.asm	9	0	next	motions that were	
data.pokemon.dex_entries.silver.porygon2:10:0	text	data/pokemon/dex_entries/silver/porygon2.asm	10	0	next	not programmed.@	
data.pokemon.dex_entries.silver.primeape:1:0	text	data/pokemon/dex_entries/silver/primeape.asm	1	0	db	PIG MONKEY@	
data.pokemon.dex_entries.silver.primeape:4:0	text	data/pokemon/dex_entries/silver/primeape.asm	4	0	db	It becomes wildly	
data.pokemon.dex_entries.silver.primeape:5:0	text	data/pokemon/dex_entries/silver/primeape.asm	5	0	next	furious if it even	
data.pokemon.dex_entries.silver.primeape:6:0	text	data/pokemon/dex_entries/silver/primeape.asm	6	0	next	senses someone	
data.pokemon.dex_entries.silver.primeape:8:0	text	data/pokemon/dex_entries/silver/primeape.asm	8	0	page	looking at it. It	
data.pokemon.dex_entries.silver.primeape:9:0	text	data/pokemon/dex_entries/silver/primeape.asm	9	0	next	chases anyone that	
data.pokemon.dex_entries.silver.primeape:10:0	text	data/pokemon/dex_entries/silver/primeape.asm	10	0	next	meets its glare.@	
data.pokemon.dex_entries.silver.psyduck:1:0	text	data/pokemon/dex_entries/silver/psyduck.asm	1	0	db	DUCK@	
data.pokemon.dex_entries.silver.psyduck:4:0	text	data/pokemon/dex_entries/silver/psyduck.asm	4	0	db	If its chronic	
data.pokemon.dex_entries.silver.psyduck:5:0	text	data/pokemon/dex_entries/silver/psyduck.asm	5	0	next	headache peaks, it	
data.pokemon.dex_entries.silver.psyduck:6:0	text	data/pokemon/dex_entries/silver/psyduck.asm	6	0	next	may exhibit odd	
data.pokemon.dex_entries.silver.psyduck:8:0	text	data/pokemon/dex_entries/silver/psyduck.asm	8	0	page	powers. It seems	
data.pokemon.dex_entries.silver.psyduck:9:0	text	data/pokemon/dex_entries/silver/psyduck.asm	9	0	next	unable to recall	
data.pokemon.dex_entries.silver.psyduck:10:0	text	data/pokemon/dex_entries/silver/psyduck.asm	10	0	next	such an episode.@	
data.pokemon.dex_entries.silver.pupitar:1:0	text	data/pokemon/dex_entries/silver/pupitar.asm	1	0	db	HARD SHELL@	
data.pokemon.dex_entries.silver.pupitar:4:0	text	data/pokemon/dex_entries/silver/pupitar.asm	4	0	db	Even sealed in its	
data.pokemon.dex_entries.silver.pupitar:5:0	text	data/pokemon/dex_entries/silver/pupitar.asm	5	0	next	shell, it can move	
data.pokemon.dex_entries.silver.pupitar:6:0	text	data/pokemon/dex_entries/silver/pupitar.asm	6	0	next	freely. Hard and	
data.pokemon.dex_entries.silver.pupitar:8:0	text	data/pokemon/dex_entries/silver/pupitar.asm	8	0	page	fast, it has out-	
data.pokemon.dex_entries.silver.pupitar:9:0	text	data/pokemon/dex_entries/silver/pupitar.asm	9	0	next	standing destruc-	
data.pokemon.dex_entries.silver.pupitar:10:0	text	data/pokemon/dex_entries/silver/pupitar.asm	10	0	next	tive power.@	
data.pokemon.dex_entries.silver.quagsire:1:0	text	data/pokemon/dex_entries/silver/quagsire.asm	1	0	db	WATER FISH@	
data.pokemon.dex_entries.silver.quagsire:4:0	text	data/pokemon/dex_entries/silver/quagsire.asm	4	0	db	Due to its relaxed	
data.pokemon.dex_entries.silver.quagsire:5:0	text	data/pokemon/dex_entries/silver/quagsire.asm	5	0	next	and carefree atti-	
data.pokemon.dex_entries.silver.quagsire:6:0	text	data/pokemon/dex_entries/silver/quagsire.asm	6	0	next	tude, it often	
data.pokemon.dex_entries.silver.quagsire:8:0	text	data/pokemon/dex_entries/silver/quagsire.asm	8	0	page	bumps its head on	
data.pokemon.dex_entries.silver.quagsire:9:0	text	data/pokemon/dex_entries/silver/quagsire.asm	9	0	next	boulders and boat	
data.pokemon.dex_entries.silver.quagsire:10:0	text	data/pokemon/dex_entries/silver/quagsire.asm	10	0	next	hulls as it swims.@	
data.pokemon.dex_entries.silver.quilava:1:0	text	data/pokemon/dex_entries/silver/quilava.asm	1	0	db	VOLCANO@	
data.pokemon.dex_entries.silver.quilava:4:0	text	data/pokemon/dex_entries/silver/quilava.asm	4	0	db	This #MON is	
data.pokemon.dex_entries.silver.quilava:5:0	text	data/pokemon/dex_entries/silver/quilava.asm	5	0	next	fully covered by	
data.pokemon.dex_entries.silver.quilava:6:0	text	data/pokemon/dex_entries/silver/quilava.asm	6	0	next	nonflammable fur.	
data.pokemon.dex_entries.silver.quilava:8:0	text	data/pokemon/dex_entries/silver/quilava.asm	8	0	page	It can withstand	
data.pokemon.dex_entries.silver.quilava:9:0	text	data/pokemon/dex_entries/silver/quilava.asm	9	0	next	any kind of fire	
data.pokemon.dex_entries.silver.quilava:10:0	text	data/pokemon/dex_entries/silver/quilava.asm	10	0	next	attack.@	
data.pokemon.dex_entries.silver.qwilfish:1:0	text	data/pokemon/dex_entries/silver/qwilfish.asm	1	0	db	BALLOON@	
data.pokemon.dex_entries.silver.qwilfish:4:0	text	data/pokemon/dex_entries/silver/qwilfish.asm	4	0	db	The small spikes	
data.pokemon.dex_entries.silver.qwilfish:5:0	text	data/pokemon/dex_entries/silver/qwilfish.asm	5	0	next	covering its body	
data.pokemon.dex_entries.silver.qwilfish:6:0	text	data/pokemon/dex_entries/silver/qwilfish.asm	6	0	next	developed from	
data.pokemon.dex_entries.silver.qwilfish:8:0	text	data/pokemon/dex_entries/silver/qwilfish.asm	8	0	page	scales. They in-	
data.pokemon.dex_entries.silver.qwilfish:9:0	text	data/pokemon/dex_entries/silver/qwilfish.asm	9	0	next	ject a toxin that	
data.pokemon.dex_entries.silver.qwilfish:10:0	text	data/pokemon/dex_entries/silver/qwilfish.asm	10	0	next	causes fainting.@	
data.pokemon.dex_entries.silver.raichu:1:0	text	data/pokemon/dex_entries/silver/raichu.asm	1	0	db	MOUSE@	
data.pokemon.dex_entries.silver.raichu:4:0	text	data/pokemon/dex_entries/silver/raichu.asm	4	0	db	If the electric	
data.pokemon.dex_entries.silver.raichu:5:0	text	data/pokemon/dex_entries/silver/raichu.asm	5	0	next	pouches in its	
data.pokemon.dex_entries.silver.raichu:6:0	text	data/pokemon/dex_entries/silver/raichu.asm	6	0	next	cheeks become	
data.pokemon.dex_entries.silver.raichu:8:0	text	data/pokemon/dex_entries/silver/raichu.asm	8	0	page	fully charged,	
data.pokemon.dex_entries.silver.raichu:9:0	text	data/pokemon/dex_entries/silver/raichu.asm	9	0	next	both ears will	
data.pokemon.dex_entries.silver.raichu:10:0	text	data/pokemon/dex_entries/silver/raichu.asm	10	0	next	stand straight up.@	
data.pokemon.dex_entries.silver.raikou:1:0	text	data/pokemon/dex_entries/silver/raikou.asm	1	0	db	THUNDER@	
data.pokemon.dex_entries.silver.raikou:4:0	text	data/pokemon/dex_entries/silver/raikou.asm	4	0	db	A #MON that	
data.pokemon.dex_entries.silver.raikou:5:0	text	data/pokemon/dex_entries/silver/raikou.asm	5	0	next	races across the	
data.pokemon.dex_entries.silver.raikou:6:0	text	data/pokemon/dex_entries/silver/raikou.asm	6	0	next	land while barking	
data.pokemon.dex_entries.silver.raikou:8:0	text	data/pokemon/dex_entries/silver/raikou.asm	8	0	page	a cry that sounds	
data.pokemon.dex_entries.silver.raikou:9:0	text	data/pokemon/dex_entries/silver/raikou.asm	9	0	next	like crashing	
data.pokemon.dex_entries.silver.raikou:10:0	text	data/pokemon/dex_entries/silver/raikou.asm	10	0	next	thunder.@	
data.pokemon.dex_entries.silver.rapidash:1:0	text	data/pokemon/dex_entries/silver/rapidash.asm	1	0	db	FIRE HORSE@	
data.pokemon.dex_entries.silver.rapidash:4:0	text	data/pokemon/dex_entries/silver/rapidash.asm	4	0	db	With incredible	
data.pokemon.dex_entries.silver.rapidash:5:0	text	data/pokemon/dex_entries/silver/rapidash.asm	5	0	next	acceleration, it	
data.pokemon.dex_entries.silver.rapidash:6:0	text	data/pokemon/dex_entries/silver/rapidash.asm	6	0	next	reaches its top	
data.pokemon.dex_entries.silver.rapidash:8:0	text	data/pokemon/dex_entries/silver/rapidash.asm	8	0	page	speed of 150 mph	
data.pokemon.dex_entries.silver.rapidash:9:0	text	data/pokemon/dex_entries/silver/rapidash.asm	9	0	next	after running just	
data.pokemon.dex_entries.silver.rapidash:10:0	text	data/pokemon/dex_entries/silver/rapidash.asm	10	0	next	ten steps.@	
data.pokemon.dex_entries.silver.raticate:1:0	text	data/pokemon/dex_entries/silver/raticate.asm	1	0	db	RAT@	
data.pokemon.dex_entries.silver.raticate:4:0	text	data/pokemon/dex_entries/silver/raticate.asm	4	0	db	Its whiskers help	
data.pokemon.dex_entries.silver.raticate:5:0	text	data/pokemon/dex_entries/silver/raticate.asm	5	0	next	it to maintain	
data.pokemon.dex_entries.silver.raticate:6:0	text	data/pokemon/dex_entries/silver/raticate.asm	6	0	next	balance. Its fangs	
data.pokemon.dex_entries.silver.raticate:8:0	text	data/pokemon/dex_entries/silver/raticate.asm	8	0	page	never stop grow-	
data.pokemon.dex_entries.silver.raticate:9:0	text	data/pokemon/dex_entries/silver/raticate.asm	9	0	next	ing, so it gnaws	
data.pokemon.dex_entries.silver.raticate:10:0	text	data/pokemon/dex_entries/silver/raticate.asm	10	0	next	to pare them down.@	
data.pokemon.dex_entries.silver.rattata:1:0	text	data/pokemon/dex_entries/silver/rattata.asm	1	0	db	RAT@	
data.pokemon.dex_entries.silver.rattata:4:0	text	data/pokemon/dex_entries/silver/rattata.asm	4	0	db	Living wherever	
data.pokemon.dex_entries.silver.rattata:5:0	text	data/pokemon/dex_entries/silver/rattata.asm	5	0	next	there is food	
data.pokemon.dex_entries.silver.rattata:6:0	text	data/pokemon/dex_entries/silver/rattata.asm	6	0	next	available, it	
data.pokemon.dex_entries.silver.rattata:8:0	text	data/pokemon/dex_entries/silver/rattata.asm	8	0	page	ceaselessly scav-	
data.pokemon.dex_entries.silver.rattata:9:0	text	data/pokemon/dex_entries/silver/rattata.asm	9	0	next	enges for edibles	
data.pokemon.dex_entries.silver.rattata:10:0	text	data/pokemon/dex_entries/silver/rattata.asm	10	0	next	the entire day.@	
data.pokemon.dex_entries.silver.remoraid:1:0	text	data/pokemon/dex_entries/silver/remoraid.asm	1	0	db	JET@	
data.pokemon.dex_entries.silver.remoraid:4:0	text	data/pokemon/dex_entries/silver/remoraid.asm	4	0	db	Using its dorsal	
data.pokemon.dex_entries.silver.remoraid:5:0	text	data/pokemon/dex_entries/silver/remoraid.asm	5	0	next	fin as a suction	
data.pokemon.dex_entries.silver.remoraid:6:0	text	data/pokemon/dex_entries/silver/remoraid.asm	6	0	next	pad, it clings to	
data.pokemon.dex_entries.silver.remoraid:8:0	text	data/pokemon/dex_entries/silver/remoraid.asm	8	0	page	a MANTINE's under-	
data.pokemon.dex_entries.silver.remoraid:9:0	text	data/pokemon/dex_entries/silver/remoraid.asm	9	0	next	side to scavenge	
data.pokemon.dex_entries.silver.remoraid:10:0	text	data/pokemon/dex_entries/silver/remoraid.asm	10	0	next	for leftovers.@	
data.pokemon.dex_entries.silver.rhydon:1:0	text	data/pokemon/dex_entries/silver/rhydon.asm	1	0	db	DRILL@	
data.pokemon.dex_entries.silver.rhydon:4:0	text	data/pokemon/dex_entries/silver/rhydon.asm	4	0	db	Its brain devel-	
data.pokemon.dex_entries.silver.rhydon:5:0	text	data/pokemon/dex_entries/silver/rhydon.asm	5	0	next	oped when it began	
data.pokemon.dex_entries.silver.rhydon:6:0	text	data/pokemon/dex_entries/silver/rhydon.asm	6	0	next	walking on hind	
data.pokemon.dex_entries.silver.rhydon:8:0	text	data/pokemon/dex_entries/silver/rhydon.asm	8	0	page	legs. Its thick	
data.pokemon.dex_entries.silver.rhydon:9:0	text	data/pokemon/dex_entries/silver/rhydon.asm	9	0	next	hide protects it	
data.pokemon.dex_entries.silver.rhydon:10:0	text	data/pokemon/dex_entries/silver/rhydon.asm	10	0	next	even in magma.@	
data.pokemon.dex_entries.silver.rhyhorn:1:0	text	data/pokemon/dex_entries/silver/rhyhorn.asm	1	0	db	SPIKES@	
data.pokemon.dex_entries.silver.rhyhorn:4:0	text	data/pokemon/dex_entries/silver/rhyhorn.asm	4	0	db	It doesn't care if	
data.pokemon.dex_entries.silver.rhyhorn:5:0	text	data/pokemon/dex_entries/silver/rhyhorn.asm	5	0	next	there is anything	
data.pokemon.dex_entries.silver.rhyhorn:6:0	text	data/pokemon/dex_entries/silver/rhyhorn.asm	6	0	next	in its way. It	
data.pokemon.dex_entries.silver.rhyhorn:8:0	text	data/pokemon/dex_entries/silver/rhyhorn.asm	8	0	page	just charges and	
data.pokemon.dex_entries.silver.rhyhorn:9:0	text	data/pokemon/dex_entries/silver/rhyhorn.asm	9	0	next	destroys all ob-	
data.pokemon.dex_entries.silver.rhyhorn:10:0	text	data/pokemon/dex_entries/silver/rhyhorn.asm	10	0	next	stacles.@	
data.pokemon.dex_entries.silver.sandshrew:1:0	text	data/pokemon/dex_entries/silver/sandshrew.asm	1	0	db	MOUSE@	
data.pokemon.dex_entries.silver.sandshrew:4:0	text	data/pokemon/dex_entries/silver/sandshrew.asm	4	0	db	Disliking water,	
data.pokemon.dex_entries.silver.sandshrew:5:0	text	data/pokemon/dex_entries/silver/sandshrew.asm	5	0	next	it lives in deep	
data.pokemon.dex_entries.silver.sandshrew:6:0	text	data/pokemon/dex_entries/silver/sandshrew.asm	6	0	next	burrows in arid	
data.pokemon.dex_entries.silver.sandshrew:8:0	text	data/pokemon/dex_entries/silver/sandshrew.asm	8	0	page	areas. It can roll	
data.pokemon.dex_entries.silver.sandshrew:9:0	text	data/pokemon/dex_entries/silver/sandshrew.asm	9	0	next	itself instantly	
data.pokemon.dex_entries.silver.sandshrew:10:0	text	data/pokemon/dex_entries/silver/sandshrew.asm	10	0	next	into a ball.@	
data.pokemon.dex_entries.silver.sandslash:1:0	text	data/pokemon/dex_entries/silver/sandslash.asm	1	0	db	MOUSE@	
data.pokemon.dex_entries.silver.sandslash:4:0	text	data/pokemon/dex_entries/silver/sandslash.asm	4	0	db	If it digs at an	
data.pokemon.dex_entries.silver.sandslash:5:0	text	data/pokemon/dex_entries/silver/sandslash.asm	5	0	next	incredible pace,	
data.pokemon.dex_entries.silver.sandslash:6:0	text	data/pokemon/dex_entries/silver/sandslash.asm	6	0	next	it may snap off	
data.pokemon.dex_entries.silver.sandslash:8:0	text	data/pokemon/dex_entries/silver/sandslash.asm	8	0	page	its spikes and	
data.pokemon.dex_entries.silver.sandslash:9:0	text	data/pokemon/dex_entries/silver/sandslash.asm	9	0	next	claws. They grow	
data.pokemon.dex_entries.silver.sandslash:10:0	text	data/pokemon/dex_entries/silver/sandslash.asm	10	0	next	back in a day.@	
data.pokemon.dex_entries.silver.scizor:1:0	text	data/pokemon/dex_entries/silver/scizor.asm	1	0	db	SCISSORS@	
data.pokemon.dex_entries.silver.scizor:4:0	text	data/pokemon/dex_entries/silver/scizor.asm	4	0	db	Its wings are not	
data.pokemon.dex_entries.silver.scizor:5:0	text	data/pokemon/dex_entries/silver/scizor.asm	5	0	next	used for flying.	
data.pokemon.dex_entries.silver.scizor:6:0	text	data/pokemon/dex_entries/silver/scizor.asm	6	0	next	They are flapped	
data.pokemon.dex_entries.silver.scizor:8:0	text	data/pokemon/dex_entries/silver/scizor.asm	8	0	page	at high speed to	
data.pokemon.dex_entries.silver.scizor:9:0	text	data/pokemon/dex_entries/silver/scizor.asm	9	0	next	adjust its body	
data.pokemon.dex_entries.silver.scizor:10:0	text	data/pokemon/dex_entries/silver/scizor.asm	10	0	next	temperature.@	
data.pokemon.dex_entries.silver.scyther:1:0	text	data/pokemon/dex_entries/silver/scyther.asm	1	0	db	MANTIS@	
data.pokemon.dex_entries.silver.scyther:4:0	text	data/pokemon/dex_entries/silver/scyther.asm	4	0	db	When it moves, it	
data.pokemon.dex_entries.silver.scyther:5:0	text	data/pokemon/dex_entries/silver/scyther.asm	5	0	next	leaves only a	
data.pokemon.dex_entries.silver.scyther:6:0	text	data/pokemon/dex_entries/silver/scyther.asm	6	0	next	blur. If it hides	
data.pokemon.dex_entries.silver.scyther:8:0	text	data/pokemon/dex_entries/silver/scyther.asm	8	0	page	in grass, its pro-	
data.pokemon.dex_entries.silver.scyther:9:0	text	data/pokemon/dex_entries/silver/scyther.asm	9	0	next	tective colors	
data.pokemon.dex_entries.silver.scyther:10:0	text	data/pokemon/dex_entries/silver/scyther.asm	10	0	next	make it invisible.@	
data.pokemon.dex_entries.silver.seadra:1:0	text	data/pokemon/dex_entries/silver/seadra.asm	1	0	db	DRAGON@	
data.pokemon.dex_entries.silver.seadra:4:0	text	data/pokemon/dex_entries/silver/seadra.asm	4	0	db	Its fin-tips leak	
data.pokemon.dex_entries.silver.seadra:5:0	text	data/pokemon/dex_entries/silver/seadra.asm	5	0	next	poison. Its fins	
data.pokemon.dex_entries.silver.seadra:6:0	text	data/pokemon/dex_entries/silver/seadra.asm	6	0	next	and bones are	
data.pokemon.dex_entries.silver.seadra:8:0	text	data/pokemon/dex_entries/silver/seadra.asm	8	0	page	highly valued as	
data.pokemon.dex_entries.silver.seadra:9:0	text	data/pokemon/dex_entries/silver/seadra.asm	9	0	next	ingredients in	
data.pokemon.dex_entries.silver.seadra:10:0	text	data/pokemon/dex_entries/silver/seadra.asm	10	0	next	herbal medicine.@	
data.pokemon.dex_entries.silver.seaking:1:0	text	data/pokemon/dex_entries/silver/seaking.asm	1	0	db	GOLDFISH@	
data.pokemon.dex_entries.silver.seaking:4:0	text	data/pokemon/dex_entries/silver/seaking.asm	4	0	db	Using its horn, it	
data.pokemon.dex_entries.silver.seaking:5:0	text	data/pokemon/dex_entries/silver/seaking.asm	5	0	next	bores holes in	
data.pokemon.dex_entries.silver.seaking:6:0	text	data/pokemon/dex_entries/silver/seaking.asm	6	0	next	riverbed boulders,	
data.pokemon.dex_entries.silver.seaking:8:0	text	data/pokemon/dex_entries/silver/seaking.asm	8	0	page	making nests to	
data.pokemon.dex_entries.silver.seaking:9:0	text	data/pokemon/dex_entries/silver/seaking.asm	9	0	next	prevent its eggs	
data.pokemon.dex_entries.silver.seaking:10:0	text	data/pokemon/dex_entries/silver/seaking.asm	10	0	next	from washing away.@	
data.pokemon.dex_entries.silver.seel:1:0	text	data/pokemon/dex_entries/silver/seel.asm	1	0	db	SEA LION@	
data.pokemon.dex_entries.silver.seel:4:0	text	data/pokemon/dex_entries/silver/seel.asm	4	0	db	In daytime, it is	
data.pokemon.dex_entries.silver.seel:5:0	text	data/pokemon/dex_entries/silver/seel.asm	5	0	next	often found asleep	
data.pokemon.dex_entries.silver.seel:6:0	text	data/pokemon/dex_entries/silver/seel.asm	6	0	next	on the seabed in	
data.pokemon.dex_entries.silver.seel:8:0	text	data/pokemon/dex_entries/silver/seel.asm	8	0	page	shallow waters.	
data.pokemon.dex_entries.silver.seel:9:0	text	data/pokemon/dex_entries/silver/seel.asm	9	0	next	Its nostrils close	
data.pokemon.dex_entries.silver.seel:10:0	text	data/pokemon/dex_entries/silver/seel.asm	10	0	next	while it swims.@	
data.pokemon.dex_entries.silver.sentret:1:0	text	data/pokemon/dex_entries/silver/sentret.asm	1	0	db	SCOUT@	
data.pokemon.dex_entries.silver.sentret:4:0	text	data/pokemon/dex_entries/silver/sentret.asm	4	0	db	It stands on its	
data.pokemon.dex_entries.silver.sentret:5:0	text	data/pokemon/dex_entries/silver/sentret.asm	5	0	next	tail so it can see	
data.pokemon.dex_entries.silver.sentret:6:0	text	data/pokemon/dex_entries/silver/sentret.asm	6	0	next	a long way. If it	
data.pokemon.dex_entries.silver.sentret:8:0	text	data/pokemon/dex_entries/silver/sentret.asm	8	0	page	spots an enemy, it	
data.pokemon.dex_entries.silver.sentret:9:0	text	data/pokemon/dex_entries/silver/sentret.asm	9	0	next	cries loudly to	
data.pokemon.dex_entries.silver.sentret:10:0	text	data/pokemon/dex_entries/silver/sentret.asm	10	0	next	warn its kind.@	
data.pokemon.dex_entries.silver.shellder:1:0	text	data/pokemon/dex_entries/silver/shellder.asm	1	0	db	BIVALVE@	
data.pokemon.dex_entries.silver.shellder:4:0	text	data/pokemon/dex_entries/silver/shellder.asm	4	0	db	Grains of sand	
data.pokemon.dex_entries.silver.shellder:5:0	text	data/pokemon/dex_entries/silver/shellder.asm	5	0	next	trapped in its	
data.pokemon.dex_entries.silver.shellder:6:0	text	data/pokemon/dex_entries/silver/shellder.asm	6	0	next	shells mix with	
data.pokemon.dex_entries.silver.shellder:8:0	text	data/pokemon/dex_entries/silver/shellder.asm	8	0	page	its body fluids to	
data.pokemon.dex_entries.silver.shellder:9:0	text	data/pokemon/dex_entries/silver/shellder.asm	9	0	next	form beautiful	
data.pokemon.dex_entries.silver.shellder:10:0	text	data/pokemon/dex_entries/silver/shellder.asm	10	0	next	pearls.@	
data.pokemon.dex_entries.silver.shuckle:1:0	text	data/pokemon/dex_entries/silver/shuckle.asm	1	0	db	MOLD@	
data.pokemon.dex_entries.silver.shuckle:4:0	text	data/pokemon/dex_entries/silver/shuckle.asm	4	0	db	It stores BERRIES	
data.pokemon.dex_entries.silver.shuckle:5:0	text	data/pokemon/dex_entries/silver/shuckle.asm	5	0	next	inside its shell.	
data.pokemon.dex_entries.silver.shuckle:6:0	text	data/pokemon/dex_entries/silver/shuckle.asm	6	0	next	To avoid attacks,	
data.pokemon.dex_entries.silver.shuckle:8:0	text	data/pokemon/dex_entries/silver/shuckle.asm	8	0	page	it hides beneath	
data.pokemon.dex_entries.silver.shuckle:9:0	text	data/pokemon/dex_entries/silver/shuckle.asm	9	0	next	rocks and remains	
data.pokemon.dex_entries.silver.shuckle:10:0	text	data/pokemon/dex_entries/silver/shuckle.asm	10	0	next	completely still.@	
data.pokemon.dex_entries.silver.skarmory:1:0	text	data/pokemon/dex_entries/silver/skarmory.asm	1	0	db	ARMOR BIRD@	
data.pokemon.dex_entries.silver.skarmory:4:0	text	data/pokemon/dex_entries/silver/skarmory.asm	4	0	db	After nesting in	
data.pokemon.dex_entries.silver.skarmory:5:0	text	data/pokemon/dex_entries/silver/skarmory.asm	5	0	next	bramble bushes,	
data.pokemon.dex_entries.silver.skarmory:6:0	text	data/pokemon/dex_entries/silver/skarmory.asm	6	0	next	the wings of its	
data.pokemon.dex_entries.silver.skarmory:8:0	text	data/pokemon/dex_entries/silver/skarmory.asm	8	0	page	chicks grow hard	
data.pokemon.dex_entries.silver.skarmory:9:0	text	data/pokemon/dex_entries/silver/skarmory.asm	9	0	next	from scratches by	
data.pokemon.dex_entries.silver.skarmory:10:0	text	data/pokemon/dex_entries/silver/skarmory.asm	10	0	next	thorns.@	
data.pokemon.dex_entries.silver.skiploom:1:0	text	data/pokemon/dex_entries/silver/skiploom.asm	1	0	db	COTTONWEED@	
data.pokemon.dex_entries.silver.skiploom:4:0	text	data/pokemon/dex_entries/silver/skiploom.asm	4	0	db	It spreads its	
data.pokemon.dex_entries.silver.skiploom:5:0	text	data/pokemon/dex_entries/silver/skiploom.asm	5	0	next	petals to absorb	
data.pokemon.dex_entries.silver.skiploom:6:0	text	data/pokemon/dex_entries/silver/skiploom.asm	6	0	next	sunlight. It also	
data.pokemon.dex_entries.silver.skiploom:8:0	text	data/pokemon/dex_entries/silver/skiploom.asm	8	0	page	floats in the air	
data.pokemon.dex_entries.silver.skiploom:9:0	text	data/pokemon/dex_entries/silver/skiploom.asm	9	0	next	to get closer to	
data.pokemon.dex_entries.silver.skiploom:10:0	text	data/pokemon/dex_entries/silver/skiploom.asm	10	0	next	the sun.@	
data.pokemon.dex_entries.silver.slowbro:1:0	text	data/pokemon/dex_entries/silver/slowbro.asm	1	0	db	HERMITCRAB@	
data.pokemon.dex_entries.silver.slowbro:4:0	text	data/pokemon/dex_entries/silver/slowbro.asm	4	0	db	Naturally dull to	
data.pokemon.dex_entries.silver.slowbro:5:0	text	data/pokemon/dex_entries/silver/slowbro.asm	5	0	next	begin with, it	
data.pokemon.dex_entries.silver.slowbro:6:0	text	data/pokemon/dex_entries/silver/slowbro.asm	6	0	next	lost its ability	
data.pokemon.dex_entries.silver.slowbro:8:0	text	data/pokemon/dex_entries/silver/slowbro.asm	8	0	page	to feel pain due	
data.pokemon.dex_entries.silver.slowbro:9:0	text	data/pokemon/dex_entries/silver/slowbro.asm	9	0	next	to SHELLDER's	
data.pokemon.dex_entries.silver.slowbro:10:0	text	data/pokemon/dex_entries/silver/slowbro.asm	10	0	next	seeping poison.@	
data.pokemon.dex_entries.silver.slowking:1:0	text	data/pokemon/dex_entries/silver/slowking.asm	1	0	db	ROYAL@	
data.pokemon.dex_entries.silver.slowking:4:0	text	data/pokemon/dex_entries/silver/slowking.asm	4	0	db	When its head was	
data.pokemon.dex_entries.silver.slowking:5:0	text	data/pokemon/dex_entries/silver/slowking.asm	5	0	next	bitten, toxins	
data.pokemon.dex_entries.silver.slowking:6:0	text	data/pokemon/dex_entries/silver/slowking.asm	6	0	next	entered SLOWPOKE's	
data.pokemon.dex_entries.silver.slowking:8:0	text	data/pokemon/dex_entries/silver/slowking.asm	8	0	page	head and unlocked	
data.pokemon.dex_entries.silver.slowking:9:0	text	data/pokemon/dex_entries/silver/slowking.asm	9	0	next	an extraordinary	
data.pokemon.dex_entries.silver.slowking:10:0	text	data/pokemon/dex_entries/silver/slowking.asm	10	0	next	power.@	
data.pokemon.dex_entries.silver.slowpoke:1:0	text	data/pokemon/dex_entries/silver/slowpoke.asm	1	0	db	DOPEY@	
data.pokemon.dex_entries.silver.slowpoke:4:0	text	data/pokemon/dex_entries/silver/slowpoke.asm	4	0	db	A sweet sap leaks	
data.pokemon.dex_entries.silver.slowpoke:5:0	text	data/pokemon/dex_entries/silver/slowpoke.asm	5	0	next	from its tail's	
data.pokemon.dex_entries.silver.slowpoke:6:0	text	data/pokemon/dex_entries/silver/slowpoke.asm	6	0	next	tip. Although not	
data.pokemon.dex_entries.silver.slowpoke:8:0	text	data/pokemon/dex_entries/silver/slowpoke.asm	8	0	page	nutritious, the	
data.pokemon.dex_entries.silver.slowpoke:9:0	text	data/pokemon/dex_entries/silver/slowpoke.asm	9	0	next	tail is pleasant	
data.pokemon.dex_entries.silver.slowpoke:10:0	text	data/pokemon/dex_entries/silver/slowpoke.asm	10	0	next	to chew on.@	
data.pokemon.dex_entries.silver.slugma:1:0	text	data/pokemon/dex_entries/silver/slugma.asm	1	0	db	LAVA@	
data.pokemon.dex_entries.silver.slugma:4:0	text	data/pokemon/dex_entries/silver/slugma.asm	4	0	db	A common sight in	
data.pokemon.dex_entries.silver.slugma:5:0	text	data/pokemon/dex_entries/silver/slugma.asm	5	0	next	volcanic areas, it	
data.pokemon.dex_entries.silver.slugma:6:0	text	data/pokemon/dex_entries/silver/slugma.asm	6	0	next	slowly slithers	
data.pokemon.dex_entries.silver.slugma:8:0	text	data/pokemon/dex_entries/silver/slugma.asm	8	0	page	around in a con-	
data.pokemon.dex_entries.silver.slugma:9:0	text	data/pokemon/dex_entries/silver/slugma.asm	9	0	next	stant search for	
data.pokemon.dex_entries.silver.slugma:10:0	text	data/pokemon/dex_entries/silver/slugma.asm	10	0	next	warm places.@	
data.pokemon.dex_entries.silver.smeargle:1:0	text	data/pokemon/dex_entries/silver/smeargle.asm	1	0	db	PAINTER@	
data.pokemon.dex_entries.silver.smeargle:4:0	text	data/pokemon/dex_entries/silver/smeargle.asm	4	0	db	Once it becomes an	
data.pokemon.dex_entries.silver.smeargle:5:0	text	data/pokemon/dex_entries/silver/smeargle.asm	5	0	next	adult, it has a	
data.pokemon.dex_entries.silver.smeargle:6:0	text	data/pokemon/dex_entries/silver/smeargle.asm	6	0	next	tendency to let	
data.pokemon.dex_entries.silver.smeargle:8:0	text	data/pokemon/dex_entries/silver/smeargle.asm	8	0	page	its comrades plant	
data.pokemon.dex_entries.silver.smeargle:9:0	text	data/pokemon/dex_entries/silver/smeargle.asm	9	0	next	footprints on its	
data.pokemon.dex_entries.silver.smeargle:10:0	text	data/pokemon/dex_entries/silver/smeargle.asm	10	0	next	back.@	
data.pokemon.dex_entries.silver.smoochum:1:0	text	data/pokemon/dex_entries/silver/smoochum.asm	1	0	db	KISS@	
data.pokemon.dex_entries.silver.smoochum:4:0	text	data/pokemon/dex_entries/silver/smoochum.asm	4	0	db	It always rocks	
data.pokemon.dex_entries.silver.smoochum:5:0	text	data/pokemon/dex_entries/silver/smoochum.asm	5	0	next	its head slowly	
data.pokemon.dex_entries.silver.smoochum:6:0	text	data/pokemon/dex_entries/silver/smoochum.asm	6	0	next	backwards and for-	
data.pokemon.dex_entries.silver.smoochum:8:0	text	data/pokemon/dex_entries/silver/smoochum.asm	8	0	page	wards as if it is	
data.pokemon.dex_entries.silver.smoochum:9:0	text	data/pokemon/dex_entries/silver/smoochum.asm	9	0	next	trying to kiss	
data.pokemon.dex_entries.silver.smoochum:10:0	text	data/pokemon/dex_entries/silver/smoochum.asm	10	0	next	someone.@	
data.pokemon.dex_entries.silver.sneasel:1:0	text	data/pokemon/dex_entries/silver/sneasel.asm	1	0	db	SHARP CLAW@	
data.pokemon.dex_entries.silver.sneasel:4:0	text	data/pokemon/dex_entries/silver/sneasel.asm	4	0	db	Vicious in nature,	
data.pokemon.dex_entries.silver.sneasel:5:0	text	data/pokemon/dex_entries/silver/sneasel.asm	5	0	next	it drives PIDGEY	
data.pokemon.dex_entries.silver.sneasel:6:0	text	data/pokemon/dex_entries/silver/sneasel.asm	6	0	next	from their nests	
data.pokemon.dex_entries.silver.sneasel:8:0	text	data/pokemon/dex_entries/silver/sneasel.asm	8	0	page	and feasts on the	
data.pokemon.dex_entries.silver.sneasel:9:0	text	data/pokemon/dex_entries/silver/sneasel.asm	9	0	next	eggs that are left	
data.pokemon.dex_entries.silver.sneasel:10:0	text	data/pokemon/dex_entries/silver/sneasel.asm	10	0	next	behind.@	
data.pokemon.dex_entries.silver.snorlax:1:0	text	data/pokemon/dex_entries/silver/snorlax.asm	1	0	db	SLEEPING@	
data.pokemon.dex_entries.silver.snorlax:4:0	text	data/pokemon/dex_entries/silver/snorlax.asm	4	0	db	Its stomach's di-	
data.pokemon.dex_entries.silver.snorlax:5:0	text	data/pokemon/dex_entries/silver/snorlax.asm	5	0	next	gestive juices can	
data.pokemon.dex_entries.silver.snorlax:6:0	text	data/pokemon/dex_entries/silver/snorlax.asm	6	0	next	dissolve any kind	
data.pokemon.dex_entries.silver.snorlax:8:0	text	data/pokemon/dex_entries/silver/snorlax.asm	8	0	page	of poison. It can	
data.pokemon.dex_entries.silver.snorlax:9:0	text	data/pokemon/dex_entries/silver/snorlax.asm	9	0	next	even eat things	
data.pokemon.dex_entries.silver.snorlax:10:0	text	data/pokemon/dex_entries/silver/snorlax.asm	10	0	next	off the ground.@	
data.pokemon.dex_entries.silver.snubbull:1:0	text	data/pokemon/dex_entries/silver/snubbull.asm	1	0	db	FAIRY@	
data.pokemon.dex_entries.silver.snubbull:4:0	text	data/pokemon/dex_entries/silver/snubbull.asm	4	0	db	It has an active,	
data.pokemon.dex_entries.silver.snubbull:5:0	text	data/pokemon/dex_entries/silver/snubbull.asm	5	0	next	playful nature.	
data.pokemon.dex_entries.silver.snubbull:6:0	text	data/pokemon/dex_entries/silver/snubbull.asm	6	0	next	Many women like	
data.pokemon.dex_entries.silver.snubbull:8:0	text	data/pokemon/dex_entries/silver/snubbull.asm	8	0	page	to frolic with it	
data.pokemon.dex_entries.silver.snubbull:9:0	text	data/pokemon/dex_entries/silver/snubbull.asm	9	0	next	because of its af-	
data.pokemon.dex_entries.silver.snubbull:10:0	text	data/pokemon/dex_entries/silver/snubbull.asm	10	0	next	fectionate ways.@	
data.pokemon.dex_entries.silver.spearow:1:0	text	data/pokemon/dex_entries/silver/spearow.asm	1	0	db	TINY BIRD@	
data.pokemon.dex_entries.silver.spearow:4:0	text	data/pokemon/dex_entries/silver/spearow.asm	4	0	db	Very protective of	
data.pokemon.dex_entries.silver.spearow:5:0	text	data/pokemon/dex_entries/silver/spearow.asm	5	0	next	its territory, it	
data.pokemon.dex_entries.silver.spearow:6:0	text	data/pokemon/dex_entries/silver/spearow.asm	6	0	next	flaps its short	
data.pokemon.dex_entries.silver.spearow:8:0	text	data/pokemon/dex_entries/silver/spearow.asm	8	0	page	wings busily to	
data.pokemon.dex_entries.silver.spearow:9:0	text	data/pokemon/dex_entries/silver/spearow.asm	9	0	next	dart around at	
data.pokemon.dex_entries.silver.spearow:10:0	text	data/pokemon/dex_entries/silver/spearow.asm	10	0	next	high speed.@	
data.pokemon.dex_entries.silver.spinarak:1:0	text	data/pokemon/dex_entries/silver/spinarak.asm	1	0	db	STRINGSPIT@	
data.pokemon.dex_entries.silver.spinarak:4:0	text	data/pokemon/dex_entries/silver/spinarak.asm	4	0	db	It spins a web	
data.pokemon.dex_entries.silver.spinarak:5:0	text	data/pokemon/dex_entries/silver/spinarak.asm	5	0	next	using fine--but	
data.pokemon.dex_entries.silver.spinarak:6:0	text	data/pokemon/dex_entries/silver/spinarak.asm	6	0	next	durable--thread.	
data.pokemon.dex_entries.silver.spinarak:8:0	text	data/pokemon/dex_entries/silver/spinarak.asm	8	0	page	It then waits pa-	
data.pokemon.dex_entries.silver.spinarak:9:0	text	data/pokemon/dex_entries/silver/spinarak.asm	9	0	next	tiently for prey	
data.pokemon.dex_entries.silver.spinarak:10:0	text	data/pokemon/dex_entries/silver/spinarak.asm	10	0	next	to be trapped.@	
data.pokemon.dex_entries.silver.squirtle:1:0	text	data/pokemon/dex_entries/silver/squirtle.asm	1	0	db	TINYTURTLE@	
data.pokemon.dex_entries.silver.squirtle:4:0	text	data/pokemon/dex_entries/silver/squirtle.asm	4	0	db	The shell, which	
data.pokemon.dex_entries.silver.squirtle:5:0	text	data/pokemon/dex_entries/silver/squirtle.asm	5	0	next	hardens soon after	
data.pokemon.dex_entries.silver.squirtle:6:0	text	data/pokemon/dex_entries/silver/squirtle.asm	6	0	next	it is born, is	
data.pokemon.dex_entries.silver.squirtle:8:0	text	data/pokemon/dex_entries/silver/squirtle.asm	8	0	page	resilient. If you	
data.pokemon.dex_entries.silver.squirtle:9:0	text	data/pokemon/dex_entries/silver/squirtle.asm	9	0	next	poke it, it will	
data.pokemon.dex_entries.silver.squirtle:10:0	text	data/pokemon/dex_entries/silver/squirtle.asm	10	0	next	bounce back out.@	
data.pokemon.dex_entries.silver.stantler:1:0	text	data/pokemon/dex_entries/silver/stantler.asm	1	0	db	BIG HORN@	
data.pokemon.dex_entries.silver.stantler:4:0	text	data/pokemon/dex_entries/silver/stantler.asm	4	0	db	Those who stare at	
data.pokemon.dex_entries.silver.stantler:5:0	text	data/pokemon/dex_entries/silver/stantler.asm	5	0	next	its antlers will	
data.pokemon.dex_entries.silver.stantler:6:0	text	data/pokemon/dex_entries/silver/stantler.asm	6	0	next	gradually lose	
data.pokemon.dex_entries.silver.stantler:8:0	text	data/pokemon/dex_entries/silver/stantler.asm	8	0	page	control of their	
data.pokemon.dex_entries.silver.stantler:9:0	text	data/pokemon/dex_entries/silver/stantler.asm	9	0	next	senses and be	
data.pokemon.dex_entries.silver.stantler:10:0	text	data/pokemon/dex_entries/silver/stantler.asm	10	0	next	unable to stand.@	
data.pokemon.dex_entries.silver.starmie:1:0	text	data/pokemon/dex_entries/silver/starmie.asm	1	0	db	MYSTERIOUS@	
data.pokemon.dex_entries.silver.starmie:4:0	text	data/pokemon/dex_entries/silver/starmie.asm	4	0	db	Regardless of the	
data.pokemon.dex_entries.silver.starmie:5:0	text	data/pokemon/dex_entries/silver/starmie.asm	5	0	next	environment it	
data.pokemon.dex_entries.silver.starmie:6:0	text	data/pokemon/dex_entries/silver/starmie.asm	6	0	next	lives in, its body	
data.pokemon.dex_entries.silver.starmie:8:0	text	data/pokemon/dex_entries/silver/starmie.asm	8	0	page	grows to form a	
data.pokemon.dex_entries.silver.starmie:9:0	text	data/pokemon/dex_entries/silver/starmie.asm	9	0	next	symmetrical geo-	
data.pokemon.dex_entries.silver.starmie:10:0	text	data/pokemon/dex_entries/silver/starmie.asm	10	0	next	metric shape.@	
data.pokemon.dex_entries.silver.staryu:1:0	text	data/pokemon/dex_entries/silver/staryu.asm	1	0	db	STARSHAPE@	
data.pokemon.dex_entries.silver.staryu:4:0	text	data/pokemon/dex_entries/silver/staryu.asm	4	0	db	Even if its body	
data.pokemon.dex_entries.silver.staryu:5:0	text	data/pokemon/dex_entries/silver/staryu.asm	5	0	next	is torn, it can	
data.pokemon.dex_entries.silver.staryu:6:0	text	data/pokemon/dex_entries/silver/staryu.asm	6	0	next	regenerate as long	
data.pokemon.dex_entries.silver.staryu:8:0	text	data/pokemon/dex_entries/silver/staryu.asm	8	0	page	as the glowing	
data.pokemon.dex_entries.silver.staryu:9:0	text	data/pokemon/dex_entries/silver/staryu.asm	9	0	next	central core re-	
data.pokemon.dex_entries.silver.staryu:10:0	text	data/pokemon/dex_entries/silver/staryu.asm	10	0	next	mains intact.@	
data.pokemon.dex_entries.silver.steelix:1:0	text	data/pokemon/dex_entries/silver/steelix.asm	1	0	db	IRON SNAKE@	
data.pokemon.dex_entries.silver.steelix:4:0	text	data/pokemon/dex_entries/silver/steelix.asm	4	0	db	It is said that if	
data.pokemon.dex_entries.silver.steelix:5:0	text	data/pokemon/dex_entries/silver/steelix.asm	5	0	next	an ONIX lives for	
data.pokemon.dex_entries.silver.steelix:6:0	text	data/pokemon/dex_entries/silver/steelix.asm	6	0	next	over 100 years,	
data.pokemon.dex_entries.silver.steelix:8:0	text	data/pokemon/dex_entries/silver/steelix.asm	8	0	page	its composition	
data.pokemon.dex_entries.silver.steelix:9:0	text	data/pokemon/dex_entries/silver/steelix.asm	9	0	next	changes to become	
data.pokemon.dex_entries.silver.steelix:10:0	text	data/pokemon/dex_entries/silver/steelix.asm	10	0	next	diamond-like.@	
data.pokemon.dex_entries.silver.sudowoodo:1:0	text	data/pokemon/dex_entries/silver/sudowoodo.asm	1	0	db	IMITATION@	
data.pokemon.dex_entries.silver.sudowoodo:4:0	text	data/pokemon/dex_entries/silver/sudowoodo.asm	4	0	db	It disguises it-	
data.pokemon.dex_entries.silver.sudowoodo:5:0	text	data/pokemon/dex_entries/silver/sudowoodo.asm	5	0	next	self as a tree to	
data.pokemon.dex_entries.silver.sudowoodo:6:0	text	data/pokemon/dex_entries/silver/sudowoodo.asm	6	0	next	avoid attack. It	
data.pokemon.dex_entries.silver.sudowoodo:8:0	text	data/pokemon/dex_entries/silver/sudowoodo.asm	8	0	page	hates water, so it	
data.pokemon.dex_entries.silver.sudowoodo:9:0	text	data/pokemon/dex_entries/silver/sudowoodo.asm	9	0	next	will disappear if	
data.pokemon.dex_entries.silver.sudowoodo:10:0	text	data/pokemon/dex_entries/silver/sudowoodo.asm	10	0	next	it starts raining.@	
data.pokemon.dex_entries.silver.suicune:1:0	text	data/pokemon/dex_entries/silver/suicune.asm	1	0	db	AURORA@	
data.pokemon.dex_entries.silver.suicune:4:0	text	data/pokemon/dex_entries/silver/suicune.asm	4	0	db	This #MON races	
data.pokemon.dex_entries.silver.suicune:5:0	text	data/pokemon/dex_entries/silver/suicune.asm	5	0	next	across the land.	
data.pokemon.dex_entries.silver.suicune:6:0	text	data/pokemon/dex_entries/silver/suicune.asm	6	0	next	It is said that	
data.pokemon.dex_entries.silver.suicune:8:0	text	data/pokemon/dex_entries/silver/suicune.asm	8	0	page	north winds will	
data.pokemon.dex_entries.silver.suicune:9:0	text	data/pokemon/dex_entries/silver/suicune.asm	9	0	next	somehow blow when-	
data.pokemon.dex_entries.silver.suicune:10:0	text	data/pokemon/dex_entries/silver/suicune.asm	10	0	next	ever it appears.@	
data.pokemon.dex_entries.silver.sunflora:1:0	text	data/pokemon/dex_entries/silver/sunflora.asm	1	0	db	SUN@	
data.pokemon.dex_entries.silver.sunflora:4:0	text	data/pokemon/dex_entries/silver/sunflora.asm	4	0	db	In the daytime, it	
data.pokemon.dex_entries.silver.sunflora:5:0	text	data/pokemon/dex_entries/silver/sunflora.asm	5	0	next	rushes about in a	
data.pokemon.dex_entries.silver.sunflora:6:0	text	data/pokemon/dex_entries/silver/sunflora.asm	6	0	next	hectic manner, but	
data.pokemon.dex_entries.silver.sunflora:8:0	text	data/pokemon/dex_entries/silver/sunflora.asm	8	0	page	it comes to a com-	
data.pokemon.dex_entries.silver.sunflora:9:0	text	data/pokemon/dex_entries/silver/sunflora.asm	9	0	next	plete stop when	
data.pokemon.dex_entries.silver.sunflora:10:0	text	data/pokemon/dex_entries/silver/sunflora.asm	10	0	next	the sun sets.@	
data.pokemon.dex_entries.silver.sunkern:1:0	text	data/pokemon/dex_entries/silver/sunkern.asm	1	0	db	SEED@	
data.pokemon.dex_entries.silver.sunkern:4:0	text	data/pokemon/dex_entries/silver/sunkern.asm	4	0	db	It lives by drink-	
data.pokemon.dex_entries.silver.sunkern:5:0	text	data/pokemon/dex_entries/silver/sunkern.asm	5	0	next	ing only dewdrops	
data.pokemon.dex_entries.silver.sunkern:6:0	text	data/pokemon/dex_entries/silver/sunkern.asm	6	0	next	from under the	
data.pokemon.dex_entries.silver.sunkern:8:0	text	data/pokemon/dex_entries/silver/sunkern.asm	8	0	page	leaves of plants.	
data.pokemon.dex_entries.silver.sunkern:9:0	text	data/pokemon/dex_entries/silver/sunkern.asm	9	0	next	It is said that it	
data.pokemon.dex_entries.silver.sunkern:10:0	text	data/pokemon/dex_entries/silver/sunkern.asm	10	0	next	eats nothing else.@	
data.pokemon.dex_entries.silver.swinub:1:0	text	data/pokemon/dex_entries/silver/swinub.asm	1	0	db	PIG@	
data.pokemon.dex_entries.silver.swinub:4:0	text	data/pokemon/dex_entries/silver/swinub.asm	4	0	db	If it smells some-	
data.pokemon.dex_entries.silver.swinub:5:0	text	data/pokemon/dex_entries/silver/swinub.asm	5	0	next	thing enticing, it	
data.pokemon.dex_entries.silver.swinub:6:0	text	data/pokemon/dex_entries/silver/swinub.asm	6	0	next	dashes headlong	
data.pokemon.dex_entries.silver.swinub:8:0	text	data/pokemon/dex_entries/silver/swinub.asm	8	0	page	off to find the	
data.pokemon.dex_entries.silver.swinub:9:0	text	data/pokemon/dex_entries/silver/swinub.asm	9	0	next	source of the	
data.pokemon.dex_entries.silver.swinub:10:0	text	data/pokemon/dex_entries/silver/swinub.asm	10	0	next	aroma.@	
data.pokemon.dex_entries.silver.tangela:1:0	text	data/pokemon/dex_entries/silver/tangela.asm	1	0	db	VINE@	
data.pokemon.dex_entries.silver.tangela:4:0	text	data/pokemon/dex_entries/silver/tangela.asm	4	0	db	It tangles any	
data.pokemon.dex_entries.silver.tangela:5:0	text	data/pokemon/dex_entries/silver/tangela.asm	5	0	next	moving thing with	
data.pokemon.dex_entries.silver.tangela:6:0	text	data/pokemon/dex_entries/silver/tangela.asm	6	0	next	its vines. Their	
data.pokemon.dex_entries.silver.tangela:8:0	text	data/pokemon/dex_entries/silver/tangela.asm	8	0	page	subtle shaking	
data.pokemon.dex_entries.silver.tangela:9:0	text	data/pokemon/dex_entries/silver/tangela.asm	9	0	next	is ticklish if you	
data.pokemon.dex_entries.silver.tangela:10:0	text	data/pokemon/dex_entries/silver/tangela.asm	10	0	next	get ensnared.@	
data.pokemon.dex_entries.silver.tauros:1:0	text	data/pokemon/dex_entries/silver/tauros.asm	1	0	db	WILD BULL@	
data.pokemon.dex_entries.silver.tauros:4:0	text	data/pokemon/dex_entries/silver/tauros.asm	4	0	db	After heightening	
data.pokemon.dex_entries.silver.tauros:5:0	text	data/pokemon/dex_entries/silver/tauros.asm	5	0	next	its will to fight	
data.pokemon.dex_entries.silver.tauros:6:0	text	data/pokemon/dex_entries/silver/tauros.asm	6	0	next	by whipping itself	
data.pokemon.dex_entries.silver.tauros:8:0	text	data/pokemon/dex_entries/silver/tauros.asm	8	0	page	with its three	
data.pokemon.dex_entries.silver.tauros:9:0	text	data/pokemon/dex_entries/silver/tauros.asm	9	0	next	tails, it charges	
data.pokemon.dex_entries.silver.tauros:10:0	text	data/pokemon/dex_entries/silver/tauros.asm	10	0	next	at full speed.@	
data.pokemon.dex_entries.silver.teddiursa:1:0	text	data/pokemon/dex_entries/silver/teddiursa.asm	1	0	db	LITTLEBEAR@	
data.pokemon.dex_entries.silver.teddiursa:4:0	text	data/pokemon/dex_entries/silver/teddiursa.asm	4	0	db	Before food be-	
data.pokemon.dex_entries.silver.teddiursa:5:0	text	data/pokemon/dex_entries/silver/teddiursa.asm	5	0	next	comes scarce in	
data.pokemon.dex_entries.silver.teddiursa:6:0	text	data/pokemon/dex_entries/silver/teddiursa.asm	6	0	next	wintertime, its	
data.pokemon.dex_entries.silver.teddiursa:8:0	text	data/pokemon/dex_entries/silver/teddiursa.asm	8	0	page	habit is to hoard	
data.pokemon.dex_entries.silver.teddiursa:9:0	text	data/pokemon/dex_entries/silver/teddiursa.asm	9	0	next	food in many hid-	
data.pokemon.dex_entries.silver.teddiursa:10:0	text	data/pokemon/dex_entries/silver/teddiursa.asm	10	0	next	den locations.@	
data.pokemon.dex_entries.silver.tentacool:1:0	text	data/pokemon/dex_entries/silver/tentacool.asm	1	0	db	JELLYFISH@	
data.pokemon.dex_entries.silver.tentacool:4:0	text	data/pokemon/dex_entries/silver/tentacool.asm	4	0	db	It drifts aimless-	
data.pokemon.dex_entries.silver.tentacool:5:0	text	data/pokemon/dex_entries/silver/tentacool.asm	5	0	next	ly in waves. Very	
data.pokemon.dex_entries.silver.tentacool:6:0	text	data/pokemon/dex_entries/silver/tentacool.asm	6	0	next	difficult to see	
data.pokemon.dex_entries.silver.tentacool:8:0	text	data/pokemon/dex_entries/silver/tentacool.asm	8	0	page	in water, it may	
data.pokemon.dex_entries.silver.tentacool:9:0	text	data/pokemon/dex_entries/silver/tentacool.asm	9	0	next	not be noticed	
data.pokemon.dex_entries.silver.tentacool:10:0	text	data/pokemon/dex_entries/silver/tentacool.asm	10	0	next	until it stings.@	
data.pokemon.dex_entries.silver.tentacruel:1:0	text	data/pokemon/dex_entries/silver/tentacruel.asm	1	0	db	JELLYFISH@	
data.pokemon.dex_entries.silver.tentacruel:4:0	text	data/pokemon/dex_entries/silver/tentacruel.asm	4	0	db	In battle, it	
data.pokemon.dex_entries.silver.tentacruel:5:0	text	data/pokemon/dex_entries/silver/tentacruel.asm	5	0	next	extends all 80 of	
data.pokemon.dex_entries.silver.tentacruel:6:0	text	data/pokemon/dex_entries/silver/tentacruel.asm	6	0	next	its tentacles to	
data.pokemon.dex_entries.silver.tentacruel:8:0	text	data/pokemon/dex_entries/silver/tentacruel.asm	8	0	page	entrap its oppo-	
data.pokemon.dex_entries.silver.tentacruel:9:0	text	data/pokemon/dex_entries/silver/tentacruel.asm	9	0	next	nent inside a	
data.pokemon.dex_entries.silver.tentacruel:10:0	text	data/pokemon/dex_entries/silver/tentacruel.asm	10	0	next	poisonous net.@	
data.pokemon.dex_entries.silver.togepi:1:0	text	data/pokemon/dex_entries/silver/togepi.asm	1	0	db	SPIKE BALL@	
data.pokemon.dex_entries.silver.togepi:4:0	text	data/pokemon/dex_entries/silver/togepi.asm	4	0	db	A proverb claims	
data.pokemon.dex_entries.silver.togepi:5:0	text	data/pokemon/dex_entries/silver/togepi.asm	5	0	next	that happiness	
data.pokemon.dex_entries.silver.togepi:6:0	text	data/pokemon/dex_entries/silver/togepi.asm	6	0	next	will come to any-	
data.pokemon.dex_entries.silver.togepi:8:0	text	data/pokemon/dex_entries/silver/togepi.asm	8	0	page	one who can make a	
data.pokemon.dex_entries.silver.togepi:9:0	text	data/pokemon/dex_entries/silver/togepi.asm	9	0	next	sleeping TOGEPI	
data.pokemon.dex_entries.silver.togepi:10:0	text	data/pokemon/dex_entries/silver/togepi.asm	10	0	next	stand up.@	
data.pokemon.dex_entries.silver.togetic:1:0	text	data/pokemon/dex_entries/silver/togetic.asm	1	0	db	HAPPINESS@	
data.pokemon.dex_entries.silver.togetic:4:0	text	data/pokemon/dex_entries/silver/togetic.asm	4	0	db	It grows dispirit-	
data.pokemon.dex_entries.silver.togetic:5:0	text	data/pokemon/dex_entries/silver/togetic.asm	5	0	next	ed if it is not	
data.pokemon.dex_entries.silver.togetic:6:0	text	data/pokemon/dex_entries/silver/togetic.asm	6	0	next	with kind people.	
data.pokemon.dex_entries.silver.togetic:8:0	text	data/pokemon/dex_entries/silver/togetic.asm	8	0	page	It can float in	
data.pokemon.dex_entries.silver.togetic:9:0	text	data/pokemon/dex_entries/silver/togetic.asm	9	0	next	midair without	
data.pokemon.dex_entries.silver.togetic:10:0	text	data/pokemon/dex_entries/silver/togetic.asm	10	0	next	moving its wings.@	
data.pokemon.dex_entries.silver.totodile:1:0	text	data/pokemon/dex_entries/silver/totodile.asm	1	0	db	BIG JAW@	
data.pokemon.dex_entries.silver.totodile:4:0	text	data/pokemon/dex_entries/silver/totodile.asm	4	0	db	It is small but	
data.pokemon.dex_entries.silver.totodile:5:0	text	data/pokemon/dex_entries/silver/totodile.asm	5	0	next	rough and tough.	
data.pokemon.dex_entries.silver.totodile:6:0	text	data/pokemon/dex_entries/silver/totodile.asm	6	0	next	It won't hesitate	
data.pokemon.dex_entries.silver.totodile:8:0	text	data/pokemon/dex_entries/silver/totodile.asm	8	0	page	to take a bite out	
data.pokemon.dex_entries.silver.totodile:9:0	text	data/pokemon/dex_entries/silver/totodile.asm	9	0	next	of anything that	
data.pokemon.dex_entries.silver.totodile:10:0	text	data/pokemon/dex_entries/silver/totodile.asm	10	0	next	moves.@	
data.pokemon.dex_entries.silver.typhlosion:1:0	text	data/pokemon/dex_entries/silver/typhlosion.asm	1	0	db	VOLCANO@	
data.pokemon.dex_entries.silver.typhlosion:4:0	text	data/pokemon/dex_entries/silver/typhlosion.asm	4	0	db	It has a secret,	
data.pokemon.dex_entries.silver.typhlosion:5:0	text	data/pokemon/dex_entries/silver/typhlosion.asm	5	0	next	devastating move.	
data.pokemon.dex_entries.silver.typhlosion:6:0	text	data/pokemon/dex_entries/silver/typhlosion.asm	6	0	next	It rubs its blaz-	
data.pokemon.dex_entries.silver.typhlosion:7:0	text	data/pokemon/dex_entries/silver/typhlosion.asm	7	0	next		
data.pokemon.dex_entries.silver.typhlosion:9:0	text	data/pokemon/dex_entries/silver/typhlosion.asm	9	0	page	ing fur together	
data.pokemon.dex_entries.silver.typhlosion:10:0	text	data/pokemon/dex_entries/silver/typhlosion.asm	10	0	next	to cause huge	
data.pokemon.dex_entries.silver.typhlosion:11:0	text	data/pokemon/dex_entries/silver/typhlosion.asm	11	0	next	explosions.@	
data.pokemon.dex_entries.silver.tyranitar:1:0	text	data/pokemon/dex_entries/silver/tyranitar.asm	1	0	db	ARMOR@	
data.pokemon.dex_entries.silver.tyranitar:4:0	text	data/pokemon/dex_entries/silver/tyranitar.asm	4	0	db	Extremely strong,	
data.pokemon.dex_entries.silver.tyranitar:5:0	text	data/pokemon/dex_entries/silver/tyranitar.asm	5	0	next	it can change the	
data.pokemon.dex_entries.silver.tyranitar:6:0	text	data/pokemon/dex_entries/silver/tyranitar.asm	6	0	next	landscape. It has	
data.pokemon.dex_entries.silver.tyranitar:8:0	text	data/pokemon/dex_entries/silver/tyranitar.asm	8	0	page	an insolent nature	
data.pokemon.dex_entries.silver.tyranitar:9:0	text	data/pokemon/dex_entries/silver/tyranitar.asm	9	0	next	that makes it not	
data.pokemon.dex_entries.silver.tyranitar:10:0	text	data/pokemon/dex_entries/silver/tyranitar.asm	10	0	next	care about others.@	
data.pokemon.dex_entries.silver.tyrogue:1:0	text	data/pokemon/dex_entries/silver/tyrogue.asm	1	0	db	SCUFFLE@	
data.pokemon.dex_entries.silver.tyrogue:4:0	text	data/pokemon/dex_entries/silver/tyrogue.asm	4	0	db	Even though it is	
data.pokemon.dex_entries.silver.tyrogue:5:0	text	data/pokemon/dex_entries/silver/tyrogue.asm	5	0	next	small, it can't be	
data.pokemon.dex_entries.silver.tyrogue:6:0	text	data/pokemon/dex_entries/silver/tyrogue.asm	6	0	next	ignored because	
data.pokemon.dex_entries.silver.tyrogue:8:0	text	data/pokemon/dex_entries/silver/tyrogue.asm	8	0	page	it will slug any	
data.pokemon.dex_entries.silver.tyrogue:9:0	text	data/pokemon/dex_entries/silver/tyrogue.asm	9	0	next	handy target with-	
data.pokemon.dex_entries.silver.tyrogue:10:0	text	data/pokemon/dex_entries/silver/tyrogue.asm	10	0	next	out warning.@	
data.pokemon.dex_entries.silver.umbreon:1:0	text	data/pokemon/dex_entries/silver/umbreon.asm	1	0	db	MOONLIGHT@	
data.pokemon.dex_entries.silver.umbreon:4:0	text	data/pokemon/dex_entries/silver/umbreon.asm	4	0	db	When darkness	
data.pokemon.dex_entries.silver.umbreon:5:0	text	data/pokemon/dex_entries/silver/umbreon.asm	5	0	next	falls, the rings	
data.pokemon.dex_entries.silver.umbreon:6:0	text	data/pokemon/dex_entries/silver/umbreon.asm	6	0	next	on the body begin	
data.pokemon.dex_entries.silver.umbreon:8:0	text	data/pokemon/dex_entries/silver/umbreon.asm	8	0	page	to glow, striking	
data.pokemon.dex_entries.silver.umbreon:9:0	text	data/pokemon/dex_entries/silver/umbreon.asm	9	0	next	fear in the hearts	
data.pokemon.dex_entries.silver.umbreon:10:0	text	data/pokemon/dex_entries/silver/umbreon.asm	10	0	next	of anyone nearby.@	
data.pokemon.dex_entries.silver.unown:1:0	text	data/pokemon/dex_entries/silver/unown.asm	1	0	db	SYMBOL@	
data.pokemon.dex_entries.silver.unown:4:0	text	data/pokemon/dex_entries/silver/unown.asm	4	0	db	Its flat, thin	
data.pokemon.dex_entries.silver.unown:5:0	text	data/pokemon/dex_entries/silver/unown.asm	5	0	next	body is always	
data.pokemon.dex_entries.silver.unown:6:0	text	data/pokemon/dex_entries/silver/unown.asm	6	0	next	stuck on walls.	
data.pokemon.dex_entries.silver.unown:8:0	text	data/pokemon/dex_entries/silver/unown.asm	8	0	page	Its shape appears	
data.pokemon.dex_entries.silver.unown:9:0	text	data/pokemon/dex_entries/silver/unown.asm	9	0	next	to have some mean-	
data.pokemon.dex_entries.silver.unown:10:0	text	data/pokemon/dex_entries/silver/unown.asm	10	0	next	ing.@	
data.pokemon.dex_entries.silver.ursaring:1:0	text	data/pokemon/dex_entries/silver/ursaring.asm	1	0	db	HIBERNANT@	
data.pokemon.dex_entries.silver.ursaring:4:0	text	data/pokemon/dex_entries/silver/ursaring.asm	4	0	db	With its ability	
data.pokemon.dex_entries.silver.ursaring:5:0	text	data/pokemon/dex_entries/silver/ursaring.asm	5	0	next	to distinguish any	
data.pokemon.dex_entries.silver.ursaring:6:0	text	data/pokemon/dex_entries/silver/ursaring.asm	6	0	next	aroma, it unfail-	
data.pokemon.dex_entries.silver.ursaring:8:0	text	data/pokemon/dex_entries/silver/ursaring.asm	8	0	page	ingly finds all	
data.pokemon.dex_entries.silver.ursaring:9:0	text	data/pokemon/dex_entries/silver/ursaring.asm	9	0	next	food buried deep	
data.pokemon.dex_entries.silver.ursaring:10:0	text	data/pokemon/dex_entries/silver/ursaring.asm	10	0	next	underground.@	
data.pokemon.dex_entries.silver.vaporeon:1:0	text	data/pokemon/dex_entries/silver/vaporeon.asm	1	0	db	BUBBLE JET@	
data.pokemon.dex_entries.silver.vaporeon:4:0	text	data/pokemon/dex_entries/silver/vaporeon.asm	4	0	db	It prefers beauti-	
data.pokemon.dex_entries.silver.vaporeon:5:0	text	data/pokemon/dex_entries/silver/vaporeon.asm	5	0	next	ful shores. With	
data.pokemon.dex_entries.silver.vaporeon:6:0	text	data/pokemon/dex_entries/silver/vaporeon.asm	6	0	next	cells similar to	
data.pokemon.dex_entries.silver.vaporeon:8:0	text	data/pokemon/dex_entries/silver/vaporeon.asm	8	0	page	water molecules,	
data.pokemon.dex_entries.silver.vaporeon:9:0	text	data/pokemon/dex_entries/silver/vaporeon.asm	9	0	next	it could melt in	
data.pokemon.dex_entries.silver.vaporeon:10:0	text	data/pokemon/dex_entries/silver/vaporeon.asm	10	0	next	water.@	
data.pokemon.dex_entries.silver.venomoth:1:0	text	data/pokemon/dex_entries/silver/venomoth.asm	1	0	db	POISONMOTH@	
data.pokemon.dex_entries.silver.venomoth:4:0	text	data/pokemon/dex_entries/silver/venomoth.asm	4	0	db	The powder on its	
data.pokemon.dex_entries.silver.venomoth:5:0	text	data/pokemon/dex_entries/silver/venomoth.asm	5	0	next	wings is poisonous	
data.pokemon.dex_entries.silver.venomoth:6:0	text	data/pokemon/dex_entries/silver/venomoth.asm	6	0	next	if it is dark in	
data.pokemon.dex_entries.silver.venomoth:8:0	text	data/pokemon/dex_entries/silver/venomoth.asm	8	0	page	color. If it is	
data.pokemon.dex_entries.silver.venomoth:9:0	text	data/pokemon/dex_entries/silver/venomoth.asm	9	0	next	light, it causes	
data.pokemon.dex_entries.silver.venomoth:10:0	text	data/pokemon/dex_entries/silver/venomoth.asm	10	0	next	paralysis.@	
data.pokemon.dex_entries.silver.venonat:1:0	text	data/pokemon/dex_entries/silver/venonat.asm	1	0	db	INSECT@	
data.pokemon.dex_entries.silver.venonat:4:0	text	data/pokemon/dex_entries/silver/venonat.asm	4	0	db	Poison oozes from	
data.pokemon.dex_entries.silver.venonat:5:0	text	data/pokemon/dex_entries/silver/venonat.asm	5	0	next	all over its body.	
data.pokemon.dex_entries.silver.venonat:6:0	text	data/pokemon/dex_entries/silver/venonat.asm	6	0	next	It catches and	
data.pokemon.dex_entries.silver.venonat:8:0	text	data/pokemon/dex_entries/silver/venonat.asm	8	0	page	eats small bugs at	
data.pokemon.dex_entries.silver.venonat:9:0	text	data/pokemon/dex_entries/silver/venonat.asm	9	0	next	night that are at-	
data.pokemon.dex_entries.silver.venonat:10:0	text	data/pokemon/dex_entries/silver/venonat.asm	10	0	next	tracted by light.@	
data.pokemon.dex_entries.silver.venusaur:1:0	text	data/pokemon/dex_entries/silver/venusaur.asm	1	0	db	SEED@	
data.pokemon.dex_entries.silver.venusaur:4:0	text	data/pokemon/dex_entries/silver/venusaur.asm	4	0	db	It is able to con-	
data.pokemon.dex_entries.silver.venusaur:5:0	text	data/pokemon/dex_entries/silver/venusaur.asm	5	0	next	vert sunlight into	
data.pokemon.dex_entries.silver.venusaur:6:0	text	data/pokemon/dex_entries/silver/venusaur.asm	6	0	next	energy. As a	
data.pokemon.dex_entries.silver.venusaur:8:0	text	data/pokemon/dex_entries/silver/venusaur.asm	8	0	page	result, it is more	
data.pokemon.dex_entries.silver.venusaur:9:0	text	data/pokemon/dex_entries/silver/venusaur.asm	9	0	next	powerful in the	
data.pokemon.dex_entries.silver.venusaur:10:0	text	data/pokemon/dex_entries/silver/venusaur.asm	10	0	next	summertime.@	
data.pokemon.dex_entries.silver.victreebel:1:0	text	data/pokemon/dex_entries/silver/victreebel.asm	1	0	db	FLYCATCHER@	
data.pokemon.dex_entries.silver.victreebel:4:0	text	data/pokemon/dex_entries/silver/victreebel.asm	4	0	db	This horrifying	
data.pokemon.dex_entries.silver.victreebel:5:0	text	data/pokemon/dex_entries/silver/victreebel.asm	5	0	next	plant #MON at-	
data.pokemon.dex_entries.silver.victreebel:6:0	text	data/pokemon/dex_entries/silver/victreebel.asm	6	0	next	tracts prey with	
data.pokemon.dex_entries.silver.victreebel:8:0	text	data/pokemon/dex_entries/silver/victreebel.asm	8	0	page	aromatic honey,	
data.pokemon.dex_entries.silver.victreebel:9:0	text	data/pokemon/dex_entries/silver/victreebel.asm	9	0	next	then melts them in	
data.pokemon.dex_entries.silver.victreebel:10:0	text	data/pokemon/dex_entries/silver/victreebel.asm	10	0	next	its mouth.@	
data.pokemon.dex_entries.silver.vileplume:1:0	text	data/pokemon/dex_entries/silver/vileplume.asm	1	0	db	FLOWER@	
data.pokemon.dex_entries.silver.vileplume:4:0	text	data/pokemon/dex_entries/silver/vileplume.asm	4	0	db	The bud bursts	
data.pokemon.dex_entries.silver.vileplume:5:0	text	data/pokemon/dex_entries/silver/vileplume.asm	5	0	next	into bloom with a	
data.pokemon.dex_entries.silver.vileplume:6:0	text	data/pokemon/dex_entries/silver/vileplume.asm	6	0	next	bang. It then	
data.pokemon.dex_entries.silver.vileplume:8:0	text	data/pokemon/dex_entries/silver/vileplume.asm	8	0	page	starts scattering	
data.pokemon.dex_entries.silver.vileplume:9:0	text	data/pokemon/dex_entries/silver/vileplume.asm	9	0	next	allergenic, poi-	
data.pokemon.dex_entries.silver.vileplume:10:0	text	data/pokemon/dex_entries/silver/vileplume.asm	10	0	next	sonous pollen.@	
data.pokemon.dex_entries.silver.voltorb:1:0	text	data/pokemon/dex_entries/silver/voltorb.asm	1	0	db	BALL@	
data.pokemon.dex_entries.silver.voltorb:4:0	text	data/pokemon/dex_entries/silver/voltorb.asm	4	0	db	It was discovered	
data.pokemon.dex_entries.silver.voltorb:5:0	text	data/pokemon/dex_entries/silver/voltorb.asm	5	0	next	when # BALLS	
data.pokemon.dex_entries.silver.voltorb:6:0	text	data/pokemon/dex_entries/silver/voltorb.asm	6	0	next	were introduced.	
data.pokemon.dex_entries.silver.voltorb:8:0	text	data/pokemon/dex_entries/silver/voltorb.asm	8	0	page	It is said that	
data.pokemon.dex_entries.silver.voltorb:9:0	text	data/pokemon/dex_entries/silver/voltorb.asm	9	0	next	there is some	
data.pokemon.dex_entries.silver.voltorb:10:0	text	data/pokemon/dex_entries/silver/voltorb.asm	10	0	next	connection.@	
data.pokemon.dex_entries.silver.vulpix:1:0	text	data/pokemon/dex_entries/silver/vulpix.asm	1	0	db	FOX@	
data.pokemon.dex_entries.silver.vulpix:4:0	text	data/pokemon/dex_entries/silver/vulpix.asm	4	0	db	If it is attacked	
data.pokemon.dex_entries.silver.vulpix:5:0	text	data/pokemon/dex_entries/silver/vulpix.asm	5	0	next	by an enemy that	
data.pokemon.dex_entries.silver.vulpix:6:0	text	data/pokemon/dex_entries/silver/vulpix.asm	6	0	next	is stronger than	
data.pokemon.dex_entries.silver.vulpix:8:0	text	data/pokemon/dex_entries/silver/vulpix.asm	8	0	page	itself, it feigns	
data.pokemon.dex_entries.silver.vulpix:9:0	text	data/pokemon/dex_entries/silver/vulpix.asm	9	0	next	injury to fool the	
data.pokemon.dex_entries.silver.vulpix:10:0	text	data/pokemon/dex_entries/silver/vulpix.asm	10	0	next	enemy and escapes.@	
data.pokemon.dex_entries.silver.wartortle:1:0	text	data/pokemon/dex_entries/silver/wartortle.asm	1	0	db	TURTLE@	
data.pokemon.dex_entries.silver.wartortle:4:0	text	data/pokemon/dex_entries/silver/wartortle.asm	4	0	db	It cleverly con-	
data.pokemon.dex_entries.silver.wartortle:5:0	text	data/pokemon/dex_entries/silver/wartortle.asm	5	0	next	trols its furry	
data.pokemon.dex_entries.silver.wartortle:6:0	text	data/pokemon/dex_entries/silver/wartortle.asm	6	0	next	ears and tail to	
data.pokemon.dex_entries.silver.wartortle:8:0	text	data/pokemon/dex_entries/silver/wartortle.asm	8	0	page	maintain its	
data.pokemon.dex_entries.silver.wartortle:9:0	text	data/pokemon/dex_entries/silver/wartortle.asm	9	0	next	balance while	
data.pokemon.dex_entries.silver.wartortle:10:0	text	data/pokemon/dex_entries/silver/wartortle.asm	10	0	next	swimming.@	
data.pokemon.dex_entries.silver.weedle:1:0	text	data/pokemon/dex_entries/silver/weedle.asm	1	0	db	HAIRY BUG@	
data.pokemon.dex_entries.silver.weedle:4:0	text	data/pokemon/dex_entries/silver/weedle.asm	4	0	db	It attacks using a	
data.pokemon.dex_entries.silver.weedle:5:0	text	data/pokemon/dex_entries/silver/weedle.asm	5	0	next	two-inch poison	
data.pokemon.dex_entries.silver.weedle:6:0	text	data/pokemon/dex_entries/silver/weedle.asm	6	0	next	barb on its head.	
data.pokemon.dex_entries.silver.weedle:8:0	text	data/pokemon/dex_entries/silver/weedle.asm	8	0	page	It can usually be	
data.pokemon.dex_entries.silver.weedle:9:0	text	data/pokemon/dex_entries/silver/weedle.asm	9	0	next	found under the	
data.pokemon.dex_entries.silver.weedle:10:0	text	data/pokemon/dex_entries/silver/weedle.asm	10	0	next	leaves it eats.@	
data.pokemon.dex_entries.silver.weepinbell:1:0	text	data/pokemon/dex_entries/silver/weepinbell.asm	1	0	db	FLYCATCHER@	
data.pokemon.dex_entries.silver.weepinbell:4:0	text	data/pokemon/dex_entries/silver/weepinbell.asm	4	0	db	If its prey is	
data.pokemon.dex_entries.silver.weepinbell:5:0	text	data/pokemon/dex_entries/silver/weepinbell.asm	5	0	next	bigger than its	
data.pokemon.dex_entries.silver.weepinbell:6:0	text	data/pokemon/dex_entries/silver/weepinbell.asm	6	0	next	mouth, it slices	
data.pokemon.dex_entries.silver.weepinbell:8:0	text	data/pokemon/dex_entries/silver/weepinbell.asm	8	0	page	up the victim with	
data.pokemon.dex_entries.silver.weepinbell:9:0	text	data/pokemon/dex_entries/silver/weepinbell.asm	9	0	next	sharp leaves, then	
data.pokemon.dex_entries.silver.weepinbell:10:0	text	data/pokemon/dex_entries/silver/weepinbell.asm	10	0	next	eats every morsel.@	
data.pokemon.dex_entries.silver.weezing:1:0	text	data/pokemon/dex_entries/silver/weezing.asm	1	0	db	POISON GAS@	
data.pokemon.dex_entries.silver.weezing:4:0	text	data/pokemon/dex_entries/silver/weezing.asm	4	0	db	Top-grade perfume	
data.pokemon.dex_entries.silver.weezing:5:0	text	data/pokemon/dex_entries/silver/weezing.asm	5	0	next	is made using its	
data.pokemon.dex_entries.silver.weezing:6:0	text	data/pokemon/dex_entries/silver/weezing.asm	6	0	next	internal poison	
data.pokemon.dex_entries.silver.weezing:8:0	text	data/pokemon/dex_entries/silver/weezing.asm	8	0	page	gases by diluting	
data.pokemon.dex_entries.silver.weezing:9:0	text	data/pokemon/dex_entries/silver/weezing.asm	9	0	next	them to the high-	
data.pokemon.dex_entries.silver.weezing:10:0	text	data/pokemon/dex_entries/silver/weezing.asm	10	0	next	est level.@	
data.pokemon.dex_entries.silver.wigglytuff:1:0	text	data/pokemon/dex_entries/silver/wigglytuff.asm	1	0	db	BALLOON@	
data.pokemon.dex_entries.silver.wigglytuff:4:0	text	data/pokemon/dex_entries/silver/wigglytuff.asm	4	0	db	It has a very fine	
data.pokemon.dex_entries.silver.wigglytuff:5:0	text	data/pokemon/dex_entries/silver/wigglytuff.asm	5	0	next	fur. Take care not	
data.pokemon.dex_entries.silver.wigglytuff:6:0	text	data/pokemon/dex_entries/silver/wigglytuff.asm	6	0	next	to make it angry,	
data.pokemon.dex_entries.silver.wigglytuff:8:0	text	data/pokemon/dex_entries/silver/wigglytuff.asm	8	0	page	or it may inflate	
data.pokemon.dex_entries.silver.wigglytuff:9:0	text	data/pokemon/dex_entries/silver/wigglytuff.asm	9	0	next	steadily and hit	
data.pokemon.dex_entries.silver.wigglytuff:10:0	text	data/pokemon/dex_entries/silver/wigglytuff.asm	10	0	next	with a BODY SLAM.@	
data.pokemon.dex_entries.silver.wobbuffet:1:0	text	data/pokemon/dex_entries/silver/wobbuffet.asm	1	0	db	PATIENT@	
data.pokemon.dex_entries.silver.wobbuffet:4:0	text	data/pokemon/dex_entries/silver/wobbuffet.asm	4	0	db	To keep its pitch-	
data.pokemon.dex_entries.silver.wobbuffet:5:0	text	data/pokemon/dex_entries/silver/wobbuffet.asm	5	0	next	black tail hidden,	
data.pokemon.dex_entries.silver.wobbuffet:6:0	text	data/pokemon/dex_entries/silver/wobbuffet.asm	6	0	next	it lives quietly	
data.pokemon.dex_entries.silver.wobbuffet:8:0	text	data/pokemon/dex_entries/silver/wobbuffet.asm	8	0	page	in the darkness.	
data.pokemon.dex_entries.silver.wobbuffet:9:0	text	data/pokemon/dex_entries/silver/wobbuffet.asm	9	0	next	It is never first	
data.pokemon.dex_entries.silver.wobbuffet:10:0	text	data/pokemon/dex_entries/silver/wobbuffet.asm	10	0	next	to attack.@	
data.pokemon.dex_entries.silver.wooper:1:0	text	data/pokemon/dex_entries/silver/wooper.asm	1	0	db	WATER FISH@	
data.pokemon.dex_entries.silver.wooper:4:0	text	data/pokemon/dex_entries/silver/wooper.asm	4	0	db	When it walks a-	
data.pokemon.dex_entries.silver.wooper:5:0	text	data/pokemon/dex_entries/silver/wooper.asm	5	0	next	round on the	
data.pokemon.dex_entries.silver.wooper:6:0	text	data/pokemon/dex_entries/silver/wooper.asm	6	0	next	ground, it coats	
data.pokemon.dex_entries.silver.wooper:8:0	text	data/pokemon/dex_entries/silver/wooper.asm	8	0	page	its body with a	
data.pokemon.dex_entries.silver.wooper:9:0	text	data/pokemon/dex_entries/silver/wooper.asm	9	0	next	slimy, poisonous	
data.pokemon.dex_entries.silver.wooper:10:0	text	data/pokemon/dex_entries/silver/wooper.asm	10	0	next	film.@	
data.pokemon.dex_entries.silver.xatu:1:0	text	data/pokemon/dex_entries/silver/xatu.asm	1	0	db	MYSTIC@	
data.pokemon.dex_entries.silver.xatu:4:0	text	data/pokemon/dex_entries/silver/xatu.asm	4	0	db	In South America,	
data.pokemon.dex_entries.silver.xatu:5:0	text	data/pokemon/dex_entries/silver/xatu.asm	5	0	next	it is said that	
data.pokemon.dex_entries.silver.xatu:6:0	text	data/pokemon/dex_entries/silver/xatu.asm	6	0	next	its right eye sees	
data.pokemon.dex_entries.silver.xatu:8:0	text	data/pokemon/dex_entries/silver/xatu.asm	8	0	page	the future and its	
data.pokemon.dex_entries.silver.xatu:9:0	text	data/pokemon/dex_entries/silver/xatu.asm	9	0	next	left eye views the	
data.pokemon.dex_entries.silver.xatu:10:0	text	data/pokemon/dex_entries/silver/xatu.asm	10	0	next	past.@	
data.pokemon.dex_entries.silver.yanma:1:0	text	data/pokemon/dex_entries/silver/yanma.asm	1	0	db	CLEAR WING@	
data.pokemon.dex_entries.silver.yanma:4:0	text	data/pokemon/dex_entries/silver/yanma.asm	4	0	db	Its large eyes can	
data.pokemon.dex_entries.silver.yanma:5:0	text	data/pokemon/dex_entries/silver/yanma.asm	5	0	next	scan 360 degrees.	
data.pokemon.dex_entries.silver.yanma:6:0	text	data/pokemon/dex_entries/silver/yanma.asm	6	0	next	It looks in all	
data.pokemon.dex_entries.silver.yanma:8:0	text	data/pokemon/dex_entries/silver/yanma.asm	8	0	page	directions to seek	
data.pokemon.dex_entries.silver.yanma:9:0	text	data/pokemon/dex_entries/silver/yanma.asm	9	0	next	out insects as its	
data.pokemon.dex_entries.silver.yanma:10:0	text	data/pokemon/dex_entries/silver/yanma.asm	10	0	next	prey.@	
data.pokemon.dex_entries.silver.zapdos:1:0	text	data/pokemon/dex_entries/silver/zapdos.asm	1	0	db	ELECTRIC@	
data.pokemon.dex_entries.silver.zapdos:4:0	text	data/pokemon/dex_entries/silver/zapdos.asm	4	0	db	This legendary	
data.pokemon.dex_entries.silver.zapdos:5:0	text	data/pokemon/dex_entries/silver/zapdos.asm	5	0	next	bird #MON is	
data.pokemon.dex_entries.silver.zapdos:6:0	text	data/pokemon/dex_entries/silver/zapdos.asm	6	0	next	said to appear	
data.pokemon.dex_entries.silver.zapdos:8:0	text	data/pokemon/dex_entries/silver/zapdos.asm	8	0	page	only when a thun-	
data.pokemon.dex_entries.silver.zapdos:9:0	text	data/pokemon/dex_entries/silver/zapdos.asm	9	0	next	dercloud parts	
data.pokemon.dex_entries.silver.zapdos:10:0	text	data/pokemon/dex_entries/silver/zapdos.asm	10	0	next	into two halves.@	
data.pokemon.dex_entries.silver.zubat:1:0	text	data/pokemon/dex_entries/silver/zubat.asm	1	0	db	BAT@	
data.pokemon.dex_entries.silver.zubat:4:0	text	data/pokemon/dex_entries/silver/zubat.asm	4	0	db	Capable of flying	
data.pokemon.dex_entries.silver.zubat:5:0	text	data/pokemon/dex_entries/silver/zubat.asm	5	0	next	safely in dark	
data.pokemon.dex_entries.silver.zubat:6:0	text	data/pokemon/dex_entries/silver/zubat.asm	6	0	next	places, it emits	
data.pokemon.dex_entries.silver.zubat:8:0	text	data/pokemon/dex_entries/silver/zubat.asm	8	0	page	ultrasonic cries	
data.pokemon.dex_entries.silver.zubat:9:0	text	data/pokemon/dex_entries/silver/zubat.asm	9	0	next	to check for any	
data.pokemon.dex_entries.silver.zubat:10:0	text	data/pokemon/dex_entries/silver/zubat.asm	10	0	next	obstacles.@	
data.pokemon.names:3:0	text	data/pokemon/names.asm	3	0	dname	BULBASAUR	
data.pokemon.names:4:0	text	data/pokemon/names.asm	4	0	dname	IVYSAUR	
data.pokemon.names:5:0	text	data/pokemon/names.asm	5	0	dname	VENUSAUR	
data.pokemon.names:6:0	text	data/pokemon/names.asm	6	0	dname	CHARMANDER	
data.pokemon.names:7:0	text	data/pokemon/names.asm	7	0	dname	CHARMELEON	
data.pokemon.names:8:0	text	data/pokemon/names.asm	8	0	dname	CHARIZARD	
data.pokemon.names:9:0	text	data/pokemon/names.asm	9	0	dname	SQUIRTLE	
data.pokemon.names:10:0	text	data/pokemon/names.asm	10	0	dname	WARTORTLE	
data.pokemon.names:11:0	text	data/pokemon/names.asm	11	0	dname	BLASTOISE	
data.pokemon.names:12:0	text	data/pokemon/names.asm	12	0	dname	CATERPIE	
data.pokemon.names:13:0	text	data/pokemon/names.asm	13	0	dname	METAPOD	
data.pokemon.names:14:0	text	data/pokemon/names.asm	14	0	dname	BUTTERFREE	
data.pokemon.names:15:0	text	data/pokemon/names.asm	15	0	dname	WEEDLE	
data.pokemon.names:16:0	text	data/pokemon/names.asm	16	0	dname	KAKUNA	
data.pokemon.names:17:0	text	data/pokemon/names.asm	17	0	dname	BEEDRILL	
data.pokemon.names:18:0	text	data/pokemon/names.asm	18	0	dname	PIDGEY	
data.pokemon.names:19:0	text	data/pokemon/names.asm	19	0	dname	PIDGEOTTO	
data.pokemon.names:20:0	text	data/pokemon/names.asm	20	0	dname	PIDGEOT	
data.pokemon.names:21:0	text	data/pokemon/names.asm	21	0	dname	RATTATA	
data.pokemon.names:22:0	text	data/pokemon/names.asm	22	0	dname	RATICATE	
data.pokemon.names:23:0	text	data/pokemon/names.asm	23	0	dname	SPEAROW	
data.pokemon.names:24:0	text	data/pokemon/names.asm	24	0	dname	FEAROW	
data.pokemon.names:25:0	text	data/pokemon/names.asm	25	0	dname	EKANS	
data.pokemon.names:26:0	text	data/pokemon/names.asm	26	0	dname	ARBOK	
data.pokemon.names:27:0	text	data/pokemon/names.asm	27	0	dname	PIKACHU	
data.pokemon.names:28:0	text	data/pokemon/names.asm	28	0	dname	RAICHU	
data.pokemon.names:29:0	text	data/pokemon/names.asm	29	0	dname	SANDSHREW	
data.pokemon.names:30:0	text	data/pokemon/names.asm	30	0	dname	SANDSLASH	
data.pokemon.names:31:0	text	data/pokemon/names.asm	31	0	dname	NIDORAN♀	
data.pokemon.names:32:0	text	data/pokemon/names.asm	32	0	dname	NIDORINA	
data.pokemon.names:33:0	text	data/pokemon/names.asm	33	0	dname	NIDOQUEEN	
data.pokemon.names:34:0	text	data/pokemon/names.asm	34	0	dname	NIDORAN♂	
data.pokemon.names:35:0	text	data/pokemon/names.asm	35	0	dname	NIDORINO	
data.pokemon.names:36:0	text	data/pokemon/names.asm	36	0	dname	NIDOKING	
data.pokemon.names:37:0	text	data/pokemon/names.asm	37	0	dname	CLEFAIRY	
data.pokemon.names:38:0	text	data/pokemon/names.asm	38	0	dname	CLEFABLE	
data.pokemon.names:39:0	text	data/pokemon/names.asm	39	0	dname	VULPIX	
data.pokemon.names:40:0	text	data/pokemon/names.asm	40	0	dname	NINETALES	
data.pokemon.names:41:0	text	data/pokemon/names.asm	41	0	dname	JIGGLYPUFF	
data.pokemon.names:42:0	text	data/pokemon/names.asm	42	0	dname	WIGGLYTUFF	
data.pokemon.names:43:0	text	data/pokemon/names.asm	43	0	dname	ZUBAT	
data.pokemon.names:44:0	text	data/pokemon/names.asm	44	0	dname	GOLBAT	
data.pokemon.names:45:0	text	data/pokemon/names.asm	45	0	dname	ODDISH	
data.pokemon.names:46:0	text	data/pokemon/names.asm	46	0	dname	GLOOM	
data.pokemon.names:47:0	text	data/pokemon/names.asm	47	0	dname	VILEPLUME	
data.pokemon.names:48:0	text	data/pokemon/names.asm	48	0	dname	PARAS	
data.pokemon.names:49:0	text	data/pokemon/names.asm	49	0	dname	PARASECT	
data.pokemon.names:50:0	text	data/pokemon/names.asm	50	0	dname	VENONAT	
data.pokemon.names:51:0	text	data/pokemon/names.asm	51	0	dname	VENOMOTH	
data.pokemon.names:52:0	text	data/pokemon/names.asm	52	0	dname	DIGLETT	
data.pokemon.names:53:0	text	data/pokemon/names.asm	53	0	dname	DUGTRIO	
data.pokemon.names:54:0	text	data/pokemon/names.asm	54	0	dname	MEOWTH	
data.pokemon.names:55:0	text	data/pokemon/names.asm	55	0	dname	PERSIAN	
data.pokemon.names:56:0	text	data/pokemon/names.asm	56	0	dname	PSYDUCK	
data.pokemon.names:57:0	text	data/pokemon/names.asm	57	0	dname	GOLDUCK	
data.pokemon.names:58:0	text	data/pokemon/names.asm	58	0	dname	MANKEY	
data.pokemon.names:59:0	text	data/pokemon/names.asm	59	0	dname	PRIMEAPE	
data.pokemon.names:60:0	text	data/pokemon/names.asm	60	0	dname	GROWLITHE	
data.pokemon.names:61:0	text	data/pokemon/names.asm	61	0	dname	ARCANINE	
data.pokemon.names:62:0	text	data/pokemon/names.asm	62	0	dname	POLIWAG	
data.pokemon.names:63:0	text	data/pokemon/names.asm	63	0	dname	POLIWHIRL	
data.pokemon.names:64:0	text	data/pokemon/names.asm	64	0	dname	POLIWRATH	
data.pokemon.names:65:0	text	data/pokemon/names.asm	65	0	dname	ABRA	
data.pokemon.names:66:0	text	data/pokemon/names.asm	66	0	dname	KADABRA	
data.pokemon.names:67:0	text	data/pokemon/names.asm	67	0	dname	ALAKAZAM	
data.pokemon.names:68:0	text	data/pokemon/names.asm	68	0	dname	MACHOP	
data.pokemon.names:69:0	text	data/pokemon/names.asm	69	0	dname	MACHOKE	
data.pokemon.names:70:0	text	data/pokemon/names.asm	70	0	dname	MACHAMP	
data.pokemon.names:71:0	text	data/pokemon/names.asm	71	0	dname	BELLSPROUT	
data.pokemon.names:72:0	text	data/pokemon/names.asm	72	0	dname	WEEPINBELL	
data.pokemon.names:73:0	text	data/pokemon/names.asm	73	0	dname	VICTREEBEL	
data.pokemon.names:74:0	text	data/pokemon/names.asm	74	0	dname	TENTACOOL	
data.pokemon.names:75:0	text	data/pokemon/names.asm	75	0	dname	TENTACRUEL	
data.pokemon.names:76:0	text	data/pokemon/names.asm	76	0	dname	GEODUDE	
data.pokemon.names:77:0	text	data/pokemon/names.asm	77	0	dname	GRAVELER	
data.pokemon.names:78:0	text	data/pokemon/names.asm	78	0	dname	GOLEM	
data.pokemon.names:79:0	text	data/pokemon/names.asm	79	0	dname	PONYTA	
data.pokemon.names:80:0	text	data/pokemon/names.asm	80	0	dname	RAPIDASH	
data.pokemon.names:81:0	text	data/pokemon/names.asm	81	0	dname	SLOWPOKE	
data.pokemon.names:82:0	text	data/pokemon/names.asm	82	0	dname	SLOWBRO	
data.pokemon.names:83:0	text	data/pokemon/names.asm	83	0	dname	MAGNEMITE	
data.pokemon.names:84:0	text	data/pokemon/names.asm	84	0	dname	MAGNETON	
data.pokemon.names:85:0	text	data/pokemon/names.asm	85	0	dname	FARFETCH'D	
data.pokemon.names:86:0	text	data/pokemon/names.asm	86	0	dname	DODUO	
data.pokemon.names:87:0	text	data/pokemon/names.asm	87	0	dname	DODRIO	
data.pokemon.names:88:0	text	data/pokemon/names.asm	88	0	dname	SEEL	
data.pokemon.names:89:0	text	data/pokemon/names.asm	89	0	dname	DEWGONG	
data.pokemon.names:90:0	text	data/pokemon/names.asm	90	0	dname	GRIMER	
data.pokemon.names:91:0	text	data/pokemon/names.asm	91	0	dname	MUK	
data.pokemon.names:92:0	text	data/pokemon/names.asm	92	0	dname	SHELLDER	
data.pokemon.names:93:0	text	data/pokemon/names.asm	93	0	dname	CLOYSTER	
data.pokemon.names:94:0	text	data/pokemon/names.asm	94	0	dname	GASTLY	
data.pokemon.names:95:0	text	data/pokemon/names.asm	95	0	dname	HAUNTER	
data.pokemon.names:96:0	text	data/pokemon/names.asm	96	0	dname	GENGAR	
data.pokemon.names:97:0	text	data/pokemon/names.asm	97	0	dname	ONIX	
data.pokemon.names:98:0	text	data/pokemon/names.asm	98	0	dname	DROWZEE	
data.pokemon.names:99:0	text	data/pokemon/names.asm	99	0	dname	HYPNO	
data.pokemon.names:100:0	text	data/pokemon/names.asm	100	0	dname	KRABBY	
data.pokemon.names:101:0	text	data/pokemon/names.asm	101	0	dname	KINGLER	
data.pokemon.names:102:0	text	data/pokemon/names.asm	102	0	dname	VOLTORB	
data.pokemon.names:103:0	text	data/pokemon/names.asm	103	0	dname	ELECTRODE	
data.pokemon.names:104:0	text	data/pokemon/names.asm	104	0	dname	EXEGGCUTE	
data.pokemon.names:105:0	text	data/pokemon/names.asm	105	0	dname	EXEGGUTOR	
data.pokemon.names:106:0	text	data/pokemon/names.asm	106	0	dname	CUBONE	
data.pokemon.names:107:0	text	data/pokemon/names.asm	107	0	dname	MAROWAK	
data.pokemon.names:108:0	text	data/pokemon/names.asm	108	0	dname	HITMONLEE	
data.pokemon.names:109:0	text	data/pokemon/names.asm	109	0	dname	HITMONCHAN	
data.pokemon.names:110:0	text	data/pokemon/names.asm	110	0	dname	LICKITUNG	
data.pokemon.names:111:0	text	data/pokemon/names.asm	111	0	dname	KOFFING	
data.pokemon.names:112:0	text	data/pokemon/names.asm	112	0	dname	WEEZING	
data.pokemon.names:113:0	text	data/pokemon/names.asm	113	0	dname	RHYHORN	
data.pokemon.names:114:0	text	data/pokemon/names.asm	114	0	dname	RHYDON	
data.pokemon.names:115:0	text	data/pokemon/names.asm	115	0	dname	CHANSEY	
data.pokemon.names:116:0	text	data/pokemon/names.asm	116	0	dname	TANGELA	
data.pokemon.names:117:0	text	data/pokemon/names.asm	117	0	dname	KANGASKHAN	
data.pokemon.names:118:0	text	data/pokemon/names.asm	118	0	dname	HORSEA	
data.pokemon.names:119:0	text	data/pokemon/names.asm	119	0	dname	SEADRA	
data.pokemon.names:120:0	text	data/pokemon/names.asm	120	0	dname	GOLDEEN	
data.pokemon.names:121:0	text	data/pokemon/names.asm	121	0	dname	SEAKING	
data.pokemon.names:122:0	text	data/pokemon/names.asm	122	0	dname	STARYU	
data.pokemon.names:123:0	text	data/pokemon/names.asm	123	0	dname	STARMIE	
data.pokemon.names:124:0	text	data/pokemon/names.asm	124	0	dname	MR.MIME	
data.pokemon.names:125:0	text	data/pokemon/names.asm	125	0	dname	SCYTHER	
data.pokemon.names:126:0	text	data/pokemon/names.asm	126	0	dname	JYNX	
data.pokemon.names:127:0	text	data/pokemon/names.asm	127	0	dname	ELECTABUZZ	
data.pokemon.names:128:0	text	data/pokemon/names.asm	128	0	dname	MAGMAR	
data.pokemon.names:129:0	text	data/pokemon/names.asm	129	0	dname	PINSIR	
data.pokemon.names:130:0	text	data/pokemon/names.asm	130	0	dname	TAUROS	
data.pokemon.names:131:0	text	data/pokemon/names.asm	131	0	dname	MAGIKARP	
data.pokemon.names:132:0	text	data/pokemon/names.asm	132	0	dname	GYARADOS	
data.pokemon.names:133:0	text	data/pokemon/names.asm	133	0	dname	LAPRAS	
data.pokemon.names:134:0	text	data/pokemon/names.asm	134	0	dname	DITTO	
data.pokemon.names:135:0	text	data/pokemon/names.asm	135	0	dname	EEVEE	
data.pokemon.names:136:0	text	data/pokemon/names.asm	136	0	dname	VAPOREON	
data.pokemon.names:137:0	text	data/pokemon/names.asm	137	0	dname	JOLTEON	
data.pokemon.names:138:0	text	data/pokemon/names.asm	138	0	dname	FLAREON	
data.pokemon.names:139:0	text	data/pokemon/names.asm	139	0	dname	PORYGON	
data.pokemon.names:140:0	text	data/pokemon/names.asm	140	0	dname	OMANYTE	
data.pokemon.names:141:0	text	data/pokemon/names.asm	141	0	dname	OMASTAR	
data.pokemon.names:142:0	text	data/pokemon/names.asm	142	0	dname	KABUTO	
data.pokemon.names:143:0	text	data/pokemon/names.asm	143	0	dname	KABUTOPS	
data.pokemon.names:144:0	text	data/pokemon/names.asm	144	0	dname	AERODACTYL	
data.pokemon.names:145:0	text	data/pokemon/names.asm	145	0	dname	SNORLAX	
data.pokemon.names:146:0	text	data/pokemon/names.asm	146	0	dname	ARTICUNO	
data.pokemon.names:147:0	text	data/pokemon/names.asm	147	0	dname	ZAPDOS	
data.pokemon.names:148:0	text	data/pokemon/names.asm	148	0	dname	MOLTRES	
data.pokemon.names:149:0	text	data/pokemon/names.asm	149	0	dname	DRATINI	
data.pokemon.names:150:0	text	data/pokemon/names.asm	150	0	dname	DRAGONAIR	
data.pokemon.names:151:0	text	data/pokemon/names.asm	151	0	dname	DRAGONITE	
data.pokemon.names:152:0	text	data/pokemon/names.asm	152	0	dname	MEWTWO	
data.pokemon.names:153:0	text	data/pokemon/names.asm	153	0	dname	MEW	
data.pokemon.names:154:0	text	data/pokemon/names.asm	154	0	dname	CHIKORITA	
data.pokemon.names:155:0	text	data/pokemon/names.asm	155	0	dname	BAYLEEF	
data.pokemon.names:156:0	text	data/pokemon/names.asm	156	0	dname	MEGANIUM	
data.pokemon.names:157:0	text	data/pokemon/names.asm	157	0	dname	CYNDAQUIL	
data.pokemon.names:158:0	text	data/pokemon/names.asm	158	0	dname	QUILAVA	
data.pokemon.names:159:0	text	data/pokemon/names.asm	159	0	dname	TYPHLOSION	
data.pokemon.names:160:0	text	data/pokemon/names.asm	160	0	dname	TOTODILE	
data.pokemon.names:161:0	text	data/pokemon/names.asm	161	0	dname	CROCONAW	
data.pokemon.names:162:0	text	data/pokemon/names.asm	162	0	dname	FERALIGATR	
data.pokemon.names:163:0	text	data/pokemon/names.asm	163	0	dname	SENTRET	
data.pokemon.names:164:0	text	data/pokemon/names.asm	164	0	dname	FURRET	
data.pokemon.names:165:0	text	data/pokemon/names.asm	165	0	dname	HOOTHOOT	
data.pokemon.names:166:0	text	data/pokemon/names.asm	166	0	dname	NOCTOWL	
data.pokemon.names:167:0	text	data/pokemon/names.asm	167	0	dname	LEDYBA	
data.pokemon.names:168:0	text	data/pokemon/names.asm	168	0	dname	LEDIAN	
data.pokemon.names:169:0	text	data/pokemon/names.asm	169	0	dname	SPINARAK	
data.pokemon.names:170:0	text	data/pokemon/names.asm	170	0	dname	ARIADOS	
data.pokemon.names:171:0	text	data/pokemon/names.asm	171	0	dname	CROBAT	
data.pokemon.names:172:0	text	data/pokemon/names.asm	172	0	dname	CHINCHOU	
data.pokemon.names:173:0	text	data/pokemon/names.asm	173	0	dname	LANTURN	
data.pokemon.names:174:0	text	data/pokemon/names.asm	174	0	dname	PICHU	
data.pokemon.names:175:0	text	data/pokemon/names.asm	175	0	dname	CLEFFA	
data.pokemon.names:176:0	text	data/pokemon/names.asm	176	0	dname	IGGLYBUFF	
data.pokemon.names:177:0	text	data/pokemon/names.asm	177	0	dname	TOGEPI	
data.pokemon.names:178:0	text	data/pokemon/names.asm	178	0	dname	TOGETIC	
data.pokemon.names:179:0	text	data/pokemon/names.asm	179	0	dname	NATU	
data.pokemon.names:180:0	text	data/pokemon/names.asm	180	0	dname	XATU	
data.pokemon.names:181:0	text	data/pokemon/names.asm	181	0	dname	MAREEP	
data.pokemon.names:182:0	text	data/pokemon/names.asm	182	0	dname	FLAAFFY	
data.pokemon.names:183:0	text	data/pokemon/names.asm	183	0	dname	AMPHAROS	
data.pokemon.names:184:0	text	data/pokemon/names.asm	184	0	dname	BELLOSSOM	
data.pokemon.names:185:0	text	data/pokemon/names.asm	185	0	dname	MARILL	
data.pokemon.names:186:0	text	data/pokemon/names.asm	186	0	dname	AZUMARILL	
data.pokemon.names:187:0	text	data/pokemon/names.asm	187	0	dname	SUDOWOODO	
data.pokemon.names:188:0	text	data/pokemon/names.asm	188	0	dname	POLITOED	
data.pokemon.names:189:0	text	data/pokemon/names.asm	189	0	dname	HOPPIP	
data.pokemon.names:190:0	text	data/pokemon/names.asm	190	0	dname	SKIPLOOM	
data.pokemon.names:191:0	text	data/pokemon/names.asm	191	0	dname	JUMPLUFF	
data.pokemon.names:192:0	text	data/pokemon/names.asm	192	0	dname	AIPOM	
data.pokemon.names:193:0	text	data/pokemon/names.asm	193	0	dname	SUNKERN	
data.pokemon.names:194:0	text	data/pokemon/names.asm	194	0	dname	SUNFLORA	
data.pokemon.names:195:0	text	data/pokemon/names.asm	195	0	dname	YANMA	
data.pokemon.names:196:0	text	data/pokemon/names.asm	196	0	dname	WOOPER	
data.pokemon.names:197:0	text	data/pokemon/names.asm	197	0	dname	QUAGSIRE	
data.pokemon.names:198:0	text	data/pokemon/names.asm	198	0	dname	ESPEON	
data.pokemon.names:199:0	text	data/pokemon/names.asm	199	0	dname	UMBREON	
data.pokemon.names:200:0	text	data/pokemon/names.asm	200	0	dname	MURKROW	
data.pokemon.names:201:0	text	data/pokemon/names.asm	201	0	dname	SLOWKING	
data.pokemon.names:202:0	text	data/pokemon/names.asm	202	0	dname	MISDREAVUS	
data.pokemon.names:203:0	text	data/pokemon/names.asm	203	0	dname	UNOWN	
data.pokemon.names:204:0	text	data/pokemon/names.asm	204	0	dname	WOBBUFFET	
data.pokemon.names:205:0	text	data/pokemon/names.asm	205	0	dname	GIRAFARIG	
data.pokemon.names:206:0	text	data/pokemon/names.asm	206	0	dname	PINECO	
data.pokemon.names:207:0	text	data/pokemon/names.asm	207	0	dname	FORRETRESS	
data.pokemon.names:208:0	text	data/pokemon/names.asm	208	0	dname	DUNSPARCE	
data.pokemon.names:209:0	text	data/pokemon/names.asm	209	0	dname	GLIGAR	
data.pokemon.names:210:0	text	data/pokemon/names.asm	210	0	dname	STEELIX	
data.pokemon.names:211:0	text	data/pokemon/names.asm	211	0	dname	SNUBBULL	
data.pokemon.names:212:0	text	data/pokemon/names.asm	212	0	dname	GRANBULL	
data.pokemon.names:213:0	text	data/pokemon/names.asm	213	0	dname	QWILFISH	
data.pokemon.names:214:0	text	data/pokemon/names.asm	214	0	dname	SCIZOR	
data.pokemon.names:215:0	text	data/pokemon/names.asm	215	0	dname	SHUCKLE	
data.pokemon.names:216:0	text	data/pokemon/names.asm	216	0	dname	HERACROSS	
data.pokemon.names:217:0	text	data/pokemon/names.asm	217	0	dname	SNEASEL	
data.pokemon.names:218:0	text	data/pokemon/names.asm	218	0	dname	TEDDIURSA	
data.pokemon.names:219:0	text	data/pokemon/names.asm	219	0	dname	URSARING	
data.pokemon.names:220:0	text	data/pokemon/names.asm	220	0	dname	SLUGMA	
data.pokemon.names:221:0	text	data/pokemon/names.asm	221	0	dname	MAGCARGO	
data.pokemon.names:222:0	text	data/pokemon/names.asm	222	0	dname	SWINUB	
data.pokemon.names:223:0	text	data/pokemon/names.asm	223	0	dname	PILOSWINE	
data.pokemon.names:224:0	text	data/pokemon/names.asm	224	0	dname	CORSOLA	
data.pokemon.names:225:0	text	data/pokemon/names.asm	225	0	dname	REMORAID	
data.pokemon.names:226:0	text	data/pokemon/names.asm	226	0	dname	OCTILLERY	
data.pokemon.names:227:0	text	data/pokemon/names.asm	227	0	dname	DELIBIRD	
data.pokemon.names:228:0	text	data/pokemon/names.asm	228	0	dname	MANTINE	
data.pokemon.names:229:0	text	data/pokemon/names.asm	229	0	dname	SKARMORY	
data.pokemon.names:230:0	text	data/pokemon/names.asm	230	0	dname	HOUNDOUR	
data.pokemon.names:231:0	text	data/pokemon/names.asm	231	0	dname	HOUNDOOM	
data.pokemon.names:232:0	text	data/pokemon/names.asm	232	0	dname	KINGDRA	
data.pokemon.names:233:0	text	data/pokemon/names.asm	233	0	dname	PHANPY	
data.pokemon.names:234:0	text	data/pokemon/names.asm	234	0	dname	DONPHAN	
data.pokemon.names:235:0	text	data/pokemon/names.asm	235	0	dname	PORYGON2	
data.pokemon.names:236:0	text	data/pokemon/names.asm	236	0	dname	STANTLER	
data.pokemon.names:237:0	text	data/pokemon/names.asm	237	0	dname	SMEARGLE	
data.pokemon.names:238:0	text	data/pokemon/names.asm	238	0	dname	TYROGUE	
data.pokemon.names:239:0	text	data/pokemon/names.asm	239	0	dname	HITMONTOP	
data.pokemon.names:240:0	text	data/pokemon/names.asm	240	0	dname	SMOOCHUM	
data.pokemon.names:241:0	text	data/pokemon/names.asm	241	0	dname	ELEKID	
data.pokemon.names:242:0	text	data/pokemon/names.asm	242	0	dname	MAGBY	
data.pokemon.names:243:0	text	data/pokemon/names.asm	243	0	dname	MILTANK	
data.pokemon.names:244:0	text	data/pokemon/names.asm	244	0	dname	BLISSEY	
data.pokemon.names:245:0	text	data/pokemon/names.asm	245	0	dname	RAIKOU	
data.pokemon.names:246:0	text	data/pokemon/names.asm	246	0	dname	ENTEI	
data.pokemon.names:247:0	text	data/pokemon/names.asm	247	0	dname	SUICUNE	
data.pokemon.names:248:0	text	data/pokemon/names.asm	248	0	dname	LARVITAR	
data.pokemon.names:249:0	text	data/pokemon/names.asm	249	0	dname	PUPITAR	
data.pokemon.names:250:0	text	data/pokemon/names.asm	250	0	dname	TYRANITAR	
data.pokemon.names:251:0	text	data/pokemon/names.asm	251	0	dname	LUGIA	
data.pokemon.names:252:0	text	data/pokemon/names.asm	252	0	dname	HO-OH	
data.pokemon.names:253:0	text	data/pokemon/names.asm	253	0	dname	CELEBI	
data.pokemon.names:255:0	text	data/pokemon/names.asm	255	0	dname	?????	
data.pokemon.names:256:0	text	data/pokemon/names.asm	256	0	dname	EGG	
data.pokemon.names:258:0	text	data/pokemon/names.asm	258	0	dname	?????	
data.pokemon.names:259:0	text	data/pokemon/names.asm	259	0	dname	?????	
data.pokemon.names:260:0	text	data/pokemon/names.asm	260	0	dname	?????	
data.pokemon.unown_words:40:0	text	data/pokemon/unown_words.asm	40	0	unownword	ANGRY	
data.pokemon.unown_words:41:0	text	data/pokemon/unown_words.asm	41	0	unownword	BEAR	
data.pokemon.unown_words:42:0	text	data/pokemon/unown_words.asm	42	0	unownword	CHASE	
data.pokemon.unown_words:43:0	text	data/pokemon/unown_words.asm	43	0	unownword	DIRECT	
data.pokemon.unown_words:44:0	text	data/pokemon/unown_words.asm	44	0	unownword	ENGAGE	
data.pokemon.unown_words:45:0	text	data/pokemon/unown_words.asm	45	0	unownword	FIND	
data.pokemon.unown_words:46:0	text	data/pokemon/unown_words.asm	46	0	unownword	GIVE	
data.pokemon.unown_words:47:0	text	data/pokemon/unown_words.asm	47	0	unownword	HELP	
data.pokemon.unown_words:48:0	text	data/pokemon/unown_words.asm	48	0	unownword	INCREASE	
data.pokemon.unown_words:49:0	text	data/pokemon/unown_words.asm	49	0	unownword	JOIN	
data.pokemon.unown_words:50:0	text	data/pokemon/unown_words.asm	50	0	unownword	KEEP	
data.pokemon.unown_words:51:0	text	data/pokemon/unown_words.asm	51	0	unownword	LAUGH	
data.pokemon.unown_words:52:0	text	data/pokemon/unown_words.asm	52	0	unownword	MAKE	
data.pokemon.unown_words:53:0	text	data/pokemon/unown_words.asm	53	0	unownword	NUZZLE	
data.pokemon.unown_words:54:0	text	data/pokemon/unown_words.asm	54	0	unownword	OBSERVE	
data.pokemon.unown_words:55:0	text	data/pokemon/unown_words.asm	55	0	unownword	PERFORM	
data.pokemon.unown_words:56:0	text	data/pokemon/unown_words.asm	56	0	unownword	QUICKEN	
data.pokemon.unown_words:57:0	text	data/pokemon/unown_words.asm	57	0	unownword	REASSURE	
data.pokemon.unown_words:58:0	text	data/pokemon/unown_words.asm	58	0	unownword	SEARCH	
data.pokemon.unown_words:59:0	text	data/pokemon/unown_words.asm	59	0	unownword	TELL	
data.pokemon.unown_words:60:0	text	data/pokemon/unown_words.asm	60	0	unownword	UNDO	
data.pokemon.unown_words:61:0	text	data/pokemon/unown_words.asm	61	0	unownword	VANISH	
data.pokemon.unown_words:62:0	text	data/pokemon/unown_words.asm	62	0	unownword	WANT	
data.pokemon.unown_words:63:0	text	data/pokemon/unown_words.asm	63	0	unownword	XXXXX	
data.pokemon.unown_words:64:0	text	data/pokemon/unown_words.asm	64	0	unownword	YIELD	
data.pokemon.unown_words:65:0	text	data/pokemon/unown_words.asm	65	0	unownword	ZOOM	
data.text.battle:4:0	text	data/text/battle.asm	4	0	text	<PLAYER> picked up	
data.text.battle:5:0	text	data/text/battle.asm	5	0	line	¥@	
data.text.battle:7:0	text	data/text/battle.asm	7	0	text	!	
data.text.battle:11:0	text	data/text/battle.asm	11	0	text	Wild @	
data.text.battle:14:0	text	data/text/battle.asm	14	0	line	appeared!	
data.text.battle:18:0	text	data/text/battle.asm	18	0	text	The hooked	
data.text.battle:19:0	text	data/text/battle.asm	19	0	line	@	
data.text.battle:22:0	text	data/text/battle.asm	22	0	cont	attacked!	
data.text.battle:27:0	text	data/text/battle.asm	27	0	text	 fell	
data.text.battle:28:0	text	data/text/battle.asm	28	0	line	out of the tree!	
data.text.battle:32:0	text	data/text/battle.asm	32	0	text	<ENEMY>	
data.text.battle:33:0	text	data/text/battle.asm	33	0	line	wants to battle!	
data.text.battle:37:0	text	data/text/battle.asm	37	0	text	Wild @	
data.text.battle:40:0	text	data/text/battle.asm	40	0	line	fled!	
data.text.battle:44:0	text	data/text/battle.asm	44	0	text	Enemy @	
data.text.battle:47:0	text	data/text/battle.asm	47	0	line	fled!	
data.text.battle:51:0	text	data/text/battle.asm	51	0	text	<USER>	
data.text.battle:52:0	text	data/text/battle.asm	52	0	line	is hurt by poison!	
data.text.battle:56:0	text	data/text/battle.asm	56	0	text	<USER>'s	
data.text.battle:57:0	text	data/text/battle.asm	57	0	line	hurt by its burn!	
data.text.battle:61:0	text	data/text/battle.asm	61	0	text	LEECH SEED saps	
data.text.battle:62:0	text	data/text/battle.asm	62	0	line	<USER>!	
data.text.battle:66:0	text	data/text/battle.asm	66	0	text	<USER>	
data.text.battle:67:0	text	data/text/battle.asm	67	0	line	has a NIGHTMARE!	
data.text.battle:71:0	text	data/text/battle.asm	71	0	text	<USER>'s	
data.text.battle:72:0	text	data/text/battle.asm	72	0	line	hurt by the CURSE!	
data.text.battle:76:0	text	data/text/battle.asm	76	0	text	The SANDSTORM hits	
data.text.battle:77:0	text	data/text/battle.asm	77	0	line	<USER>!	
data.text.battle:81:0	text	data/text/battle.asm	81	0	text	<USER>'s	
data.text.battle:82:0	text	data/text/battle.asm	82	0	line	PERISH count is @	
data.text.battle:84:0	text	data/text/battle.asm	84	0	text	!	
data.text.battle:88:0	text	data/text/battle.asm	88	0	text	<TARGET>	
data.text.battle:89:0	text	data/text/battle.asm	89	0	line	recovered with	
data.text.battle:90:0	text	data/text/battle.asm	90	0	cont	@	
data.text.battle:92:0	text	data/text/battle.asm	92	0	text	.	
data.text.battle:96:0	text	data/text/battle.asm	96	0	text	<USER>	
data.text.battle:97:0	text	data/text/battle.asm	97	0	line	recovered PP using	
data.text.battle:98:0	text	data/text/battle.asm	98	0	cont	@	
data.text.battle:100:0	text	data/text/battle.asm	100	0	text	.	
data.text.battle:104:0	text	data/text/battle.asm	104	0	text	<TARGET>	
data.text.battle:105:0	text	data/text/battle.asm	105	0	line	was hit by FUTURE	
data.text.battle:106:0	text	data/text/battle.asm	106	0	cont	SIGHT!	
data.text.battle:110:0	text	data/text/battle.asm	110	0	text	<USER>'s	
data.text.battle:111:0	text	data/text/battle.asm	111	0	line	SAFEGUARD faded!	
data.text.battle:116:0	text	data/text/battle.asm	116	0	text	 #MON's	
data.text.battle:117:0	text	data/text/battle.asm	117	0	line	LIGHT SCREEN fell!	
data.text.battle:122:0	text	data/text/battle.asm	122	0	text	 #MON's	
data.text.battle:123:0	text	data/text/battle.asm	123	0	line	REFLECT faded!	
data.text.battle:127:0	text	data/text/battle.asm	127	0	text	Rain continues to	
data.text.battle:128:0	text	data/text/battle.asm	128	0	line	fall.	
data.text.battle:132:0	text	data/text/battle.asm	132	0	text	The sunlight is	
data.text.battle:133:0	text	data/text/battle.asm	133	0	line	strong.	
data.text.battle:137:0	text	data/text/battle.asm	137	0	text	The SANDSTORM	
data.text.battle:138:0	text	data/text/battle.asm	138	0	line	rages.	
data.text.battle:142:0	text	data/text/battle.asm	142	0	text	The rain stopped.	
data.text.battle:146:0	text	data/text/battle.asm	146	0	text	The sunlight	
data.text.battle:147:0	text	data/text/battle.asm	147	0	line	faded.	
data.text.battle:151:0	text	data/text/battle.asm	151	0	text	The SANDSTORM	
data.text.battle:152:0	text	data/text/battle.asm	152	0	line	subsided.	
data.text.battle:156:0	text	data/text/battle.asm	156	0	text	Enemy @	
data.text.battle:159:0	text	data/text/battle.asm	159	0	line	fainted!	
data.text.battle:163:0	text	data/text/battle.asm	163	0	text	<PLAYER> got ¥@	
data.text.battle:166:0	text	data/text/battle.asm	166	0	line	for winning!	
data.text.battle:170:0	text	data/text/battle.asm	170	0	text	<ENEMY>	
data.text.battle:171:0	text	data/text/battle.asm	171	0	line	was defeated!	
data.text.battle:175:0	text	data/text/battle.asm	175	0	text	Tied against	
data.text.battle:176:0	text	data/text/battle.asm	176	0	line	<ENEMY>!	
data.text.battle:180:0	text	data/text/battle.asm	180	0	text	<PLAYER> got ¥@	
data.text.battle:183:0	text	data/text/battle.asm	183	0	line	for winning!	
data.text.battle:184:0	text	data/text/battle.asm	184	0	cont	Sent some to MOM!	
data.text.battle:188:0	text	data/text/battle.asm	188	0	text	Sent half to MOM!	
data.text.battle:192:0	text	data/text/battle.asm	192	0	text	Sent all to MOM!	
data.text.battle:196:0	text	data/text/battle.asm	196	0	text	<RIVAL>: Huh? I	
data.text.battle:197:0	text	data/text/battle.asm	197	0	line	should've chosen	
data.text.battle:198:0	text	data/text/battle.asm	198	0	cont	your #MON!	
data.text.battle:204:0	text	data/text/battle.asm	204	0	line	fainted!	
data.text.battle:208:0	text	data/text/battle.asm	208	0	text	Use next #MON?	
data.text.battle:212:0	text	data/text/battle.asm	212	0	text	<RIVAL>: Yes!	
data.text.battle:213:0	text	data/text/battle.asm	213	0	line	I guess I chose a	
data.text.battle:214:0	text	data/text/battle.asm	214	0	cont	good #MON!	
data.text.battle:218:0	text	data/text/battle.asm	218	0	text	Lost against	
data.text.battle:219:0	text	data/text/battle.asm	219	0	line	<ENEMY>!	
data.text.battle:223:0	text	data/text/battle.asm	223	0	text	<ENEMY>	
data.text.battle:224:0	text	data/text/battle.asm	224	0	line	is about to use	
data.text.battle:225:0	text	data/text/battle.asm	225	0	cont	@	
data.text.battle:227:0	text	data/text/battle.asm	227	0	text	.	
data.text.battle:229:0	text	data/text/battle.asm	229	0	para	Will <PLAYER>	
data.text.battle:230:0	text	data/text/battle.asm	230	0	line	change #MON?	
data.text.battle:234:0	text	data/text/battle.asm	234	0	text	<ENEMY>	
data.text.battle:235:0	text	data/text/battle.asm	235	0	line	sent out	
data.text.battle:236:0	text	data/text/battle.asm	236	0	cont	@	
data.text.battle:238:0	text	data/text/battle.asm	238	0	text	!	
data.text.battle:242:0	text	data/text/battle.asm	242	0	text	There's no will to	
data.text.battle:243:0	text	data/text/battle.asm	243	0	line	battle!	
data.text.battle:247:0	text	data/text/battle.asm	247	0	text	An EGG can't	
data.text.battle:248:0	text	data/text/battle.asm	248	0	line	battle!	
data.text.battle:252:0	text	data/text/battle.asm	252	0	text	Can't escape!	
data.text.battle:256:0	text	data/text/battle.asm	256	0	text	No! There's no	
data.text.battle:257:0	text	data/text/battle.asm	257	0	line	running from a	
data.text.battle:258:0	text	data/text/battle.asm	258	0	cont	trainer battle!	
data.text.battle:262:0	text	data/text/battle.asm	262	0	text	Got away safely!	
data.text.battle:266:0	text	data/text/battle.asm	266	0	text	<USER>	
data.text.battle:267:0	text	data/text/battle.asm	267	0	line	fled using a	
data.text.battle:268:0	text	data/text/battle.asm	268	0	cont	@	
data.text.battle:270:0	text	data/text/battle.asm	270	0	text	!	
data.text.battle:274:0	text	data/text/battle.asm	274	0	text	Can't escape!	
data.text.battle:278:0	text	data/text/battle.asm	278	0	text	<USER>'s	
data.text.battle:279:0	text	data/text/battle.asm	279	0	line	hurt by SPIKES!	
data.text.battle:283:0	text	data/text/battle.asm	283	0	text	<TARGET>	
data.text.battle:284:0	text	data/text/battle.asm	284	0	line	recovered using a	
data.text.battle:285:0	text	data/text/battle.asm	285	0	cont	@	
data.text.battle:287:0	text	data/text/battle.asm	287	0	text	!	
data.text.battle:291:0	text	data/text/battle.asm	291	0	text	<USER>'s	
data.text.battle:292:0	text	data/text/battle.asm	292	0	line	@	
data.text.battle:295:0	text	data/text/battle.asm	295	0	cont	activated!	
data.text.battle:299:0	text	data/text/battle.asm	299	0	text	Items can't be	
data.text.battle:300:0	text	data/text/battle.asm	300	0	line	used here.	
data.text.battle:306:0	text	data/text/battle.asm	306	0	line	is already out.	
data.text.battle:312:0	text	data/text/battle.asm	312	0	line	can't be recalled!	
data.text.battle:316:0	text	data/text/battle.asm	316	0	text	There's no PP left	
data.text.battle:317:0	text	data/text/battle.asm	317	0	line	for this move!	
data.text.battle:321:0	text	data/text/battle.asm	321	0	text	The move is	
data.text.battle:322:0	text	data/text/battle.asm	322	0	line	DISABLED!	
data.text.battle:328:0	text	data/text/battle.asm	328	0	line	has no moves left!	
data.text.battle:332:0	text	data/text/battle.asm	332	0	text	<TARGET>'s	
data.text.battle:333:0	text	data/text/battle.asm	333	0	line	ENCORE ended!	
data.text.battle:338:0	text	data/text/battle.asm	338	0	text	 grew to	
data.text.battle:339:0	text	data/text/battle.asm	339	0	line	level @	
data.text.battle:341:0	text	data/text/battle.asm	341	0	text	!@	
data.text.battle:346:0	text	data/text/battle.asm	346	0	text	Wild @	
data.text.battle:349:0	text	data/text/battle.asm	349	0	line	is eating!	
data.text.battle:353:0	text	data/text/battle.asm	353	0	text	Wild @	
data.text.battle:356:0	text	data/text/battle.asm	356	0	line	is angry!	
data.text.battle:360:0	text	data/text/battle.asm	360	0	text	<USER>	
data.text.battle:361:0	text	data/text/battle.asm	361	0	line	is fast asleep!	
data.text.battle:365:0	text	data/text/battle.asm	365	0	text	<USER>	
data.text.battle:366:0	text	data/text/battle.asm	366	0	line	woke up!	
data.text.battle:370:0	text	data/text/battle.asm	370	0	text	<USER>	
data.text.battle:371:0	text	data/text/battle.asm	371	0	line	is frozen solid!	
data.text.battle:375:0	text	data/text/battle.asm	375	0	text	<USER>	
data.text.battle:376:0	text	data/text/battle.asm	376	0	line	flinched!	
data.text.battle:380:0	text	data/text/battle.asm	380	0	text	<USER>	
data.text.battle:381:0	text	data/text/battle.asm	381	0	line	must recharge!	
data.text.battle:385:0	text	data/text/battle.asm	385	0	text	<USER>'s	
data.text.battle:386:0	text	data/text/battle.asm	386	0	line	disabled no more!	
data.text.battle:390:0	text	data/text/battle.asm	390	0	text	<USER>	
data.text.battle:391:0	text	data/text/battle.asm	391	0	line	is confused!	
data.text.battle:395:0	text	data/text/battle.asm	395	0	text	It hurt itself in	
data.text.battle:396:0	text	data/text/battle.asm	396	0	line	its confusion!	
data.text.battle:400:0	text	data/text/battle.asm	400	0	text	<USER>'s	
data.text.battle:401:0	text	data/text/battle.asm	401	0	line	confused no more!	
data.text.battle:405:0	text	data/text/battle.asm	405	0	text	<TARGET>	
data.text.battle:406:0	text	data/text/battle.asm	406	0	line	became confused!	
data.text.battle:410:0	text	data/text/battle.asm	410	0	text	A @	
data.text.battle:412:0	text	data/text/battle.asm	412	0	text	 rid	
data.text.battle:413:0	text	data/text/battle.asm	413	0	line	<TARGET>	
data.text.battle:414:0	text	data/text/battle.asm	414	0	cont	of its confusion.	
data.text.battle:418:0	text	data/text/battle.asm	418	0	text	<TARGET>'s	
data.text.battle:419:0	text	data/text/battle.asm	419	0	line	already confused!	
data.text.battle:423:0	text	data/text/battle.asm	423	0	text	<USER>'s	
data.text.battle:424:0	text	data/text/battle.asm	424	0	line	hurt by	
data.text.battle:425:0	text	data/text/battle.asm	425	0	cont	@	
data.text.battle:427:0	text	data/text/battle.asm	427	0	text	!	
data.text.battle:431:0	text	data/text/battle.asm	431	0	text	<USER>	
data.text.battle:432:0	text	data/text/battle.asm	432	0	line	was released from	
data.text.battle:433:0	text	data/text/battle.asm	433	0	cont	@	
data.text.battle:435:0	text	data/text/battle.asm	435	0	text	!	
data.text.battle:439:0	text	data/text/battle.asm	439	0	text	<USER>	
data.text.battle:440:0	text	data/text/battle.asm	440	0	line	used BIND on	
data.text.battle:441:0	text	data/text/battle.asm	441	0	cont	<TARGET>!	
data.text.battle:445:0	text	data/text/battle.asm	445	0	text	<TARGET>	
data.text.battle:446:0	text	data/text/battle.asm	446	0	line	was trapped!	
data.text.battle:450:0	text	data/text/battle.asm	450	0	text	<TARGET>	
data.text.battle:451:0	text	data/text/battle.asm	451	0	line	was WRAPPED by	
data.text.battle:452:0	text	data/text/battle.asm	452	0	cont	<USER>!	
data.text.battle:456:0	text	data/text/battle.asm	456	0	text	<TARGET>	
data.text.battle:457:0	text	data/text/battle.asm	457	0	line	was CLAMPED by	
data.text.battle:458:0	text	data/text/battle.asm	458	0	cont	<USER>!	
data.text.battle:462:0	text	data/text/battle.asm	462	0	text	<USER>	
data.text.battle:463:0	text	data/text/battle.asm	463	0	line	is storing energy!	
data.text.battle:467:0	text	data/text/battle.asm	467	0	text	<USER>	
data.text.battle:468:0	text	data/text/battle.asm	468	0	line	unleashed energy!	
data.text.battle:472:0	text	data/text/battle.asm	472	0	text	<TARGET>	
data.text.battle:473:0	text	data/text/battle.asm	473	0	line	hung on with	
data.text.battle:474:0	text	data/text/battle.asm	474	0	cont	@	
data.text.battle:476:0	text	data/text/battle.asm	476	0	text	!	
data.text.battle:480:0	text	data/text/battle.asm	480	0	text	<TARGET>	
data.text.battle:481:0	text	data/text/battle.asm	481	0	line	ENDURED the hit!	
data.text.battle:485:0	text	data/text/battle.asm	485	0	text	<USER>	
data.text.battle:486:0	text	data/text/battle.asm	486	0	line	is in love with	
data.text.battle:487:0	text	data/text/battle.asm	487	0	cont	<TARGET>!	
data.text.battle:491:0	text	data/text/battle.asm	491	0	text	<USER>'s	
data.text.battle:492:0	text	data/text/battle.asm	492	0	line	infatuation kept	
data.text.battle:493:0	text	data/text/battle.asm	493	0	cont	it from attacking!	
data.text.battle:497:0	text	data/text/battle.asm	497	0	text	<USER>'s	
data.text.battle:498:0	text	data/text/battle.asm	498	0	line	@	
data.text.battle:500:0	text	data/text/battle.asm	500	0	text	 is	
data.text.battle:501:0	text	data/text/battle.asm	501	0	cont	DISABLED!	
data.text.battle:506:0	text	data/text/battle.asm	506	0	text	 is	
data.text.battle:507:0	text	data/text/battle.asm	507	0	line	loafing around.	
data.text.battle:512:0	text	data/text/battle.asm	512	0	text	 began	
data.text.battle:513:0	text	data/text/battle.asm	513	0	line	to nap!	
data.text.battle:518:0	text	data/text/battle.asm	518	0	text	 won't	
data.text.battle:519:0	text	data/text/battle.asm	519	0	line	obey!	
data.text.battle:524:0	text	data/text/battle.asm	524	0	text	 turned	
data.text.battle:525:0	text	data/text/battle.asm	525	0	line	away!	
data.text.battle:530:0	text	data/text/battle.asm	530	0	text	 ignored	
data.text.battle:531:0	text	data/text/battle.asm	531	0	line	orders!	
data.text.battle:536:0	text	data/text/battle.asm	536	0	text	 ignored	
data.text.battle:537:0	text	data/text/battle.asm	537	0	line	orders…sleeping!	
data.text.battle:541:0	text	data/text/battle.asm	541	0	text	But no PP is left	
data.text.battle:542:0	text	data/text/battle.asm	542	0	line	for the move!	
data.text.battle:546:0	text	data/text/battle.asm	546	0	text	<USER>	
data.text.battle:547:0	text	data/text/battle.asm	547	0	line	has no PP left for	
data.text.battle:548:0	text	data/text/battle.asm	548	0	cont	@	
data.text.battle:550:0	text	data/text/battle.asm	550	0	text	!	
data.text.battle:554:0	text	data/text/battle.asm	554	0	text	<USER>	
data.text.battle:555:0	text	data/text/battle.asm	555	0	line	went to sleep!	
data.text.battle:559:0	text	data/text/battle.asm	559	0	text	<USER>	
data.text.battle:560:0	text	data/text/battle.asm	560	0	line	fell asleep and	
data.text.battle:561:0	text	data/text/battle.asm	561	0	cont	became healthy!	
data.text.battle:565:0	text	data/text/battle.asm	565	0	text	<USER>	
data.text.battle:566:0	text	data/text/battle.asm	566	0	line	regained health!	
data.text.battle:570:0	text	data/text/battle.asm	570	0	text	<USER>'s	
data.text.battle:571:0	text	data/text/battle.asm	571	0	line	attack missed!	
data.text.battle:575:0	text	data/text/battle.asm	575	0	text	<USER>'s	
data.text.battle:576:0	text	data/text/battle.asm	576	0	line	attack missed!	
data.text.battle:580:0	text	data/text/battle.asm	580	0	text	<USER>	
data.text.battle:581:0	text	data/text/battle.asm	581	0	line	kept going and	
data.text.battle:582:0	text	data/text/battle.asm	582	0	cont	crashed!	
data.text.battle:586:0	text	data/text/battle.asm	586	0	text	<TARGET>'s	
data.text.battle:587:0	text	data/text/battle.asm	587	0	line	unaffected!	
data.text.battle:591:0	text	data/text/battle.asm	591	0	text	It doesn't affect	
data.text.battle:592:0	text	data/text/battle.asm	592	0	line	<TARGET>!	
data.text.battle:596:0	text	data/text/battle.asm	596	0	text	A critical hit!	
data.text.battle:600:0	text	data/text/battle.asm	600	0	text	It's a one-hit KO!	
data.text.battle:604:0	text	data/text/battle.asm	604	0	text	It's super-	
data.text.battle:605:0	text	data/text/battle.asm	605	0	line	effective!	
data.text.battle:609:0	text	data/text/battle.asm	609	0	text	It's not very	
data.text.battle:610:0	text	data/text/battle.asm	610	0	line	effective…	
data.text.battle:614:0	text	data/text/battle.asm	614	0	text	<TARGET>	
data.text.battle:615:0	text	data/text/battle.asm	615	0	line	took down with it,	
data.text.battle:616:0	text	data/text/battle.asm	616	0	cont	<USER>!	
data.text.battle:620:0	text	data/text/battle.asm	620	0	text	<USER>'s	
data.text.battle:621:0	text	data/text/battle.asm	621	0	line	RAGE is building!	
data.text.battle:625:0	text	data/text/battle.asm	625	0	text	<TARGET>	
data.text.battle:626:0	text	data/text/battle.asm	626	0	line	got an ENCORE!	
data.text.battle:630:0	text	data/text/battle.asm	630	0	text	The battlers	
data.text.battle:631:0	text	data/text/battle.asm	631	0	line	shared pain!	
data.text.battle:635:0	text	data/text/battle.asm	635	0	text	<USER>	
data.text.battle:636:0	text	data/text/battle.asm	636	0	line	took aim!	
data.text.battle:640:0	text	data/text/battle.asm	640	0	text	<USER>	
data.text.battle:641:0	text	data/text/battle.asm	641	0	line	SKETCHED	
data.text.battle:642:0	text	data/text/battle.asm	642	0	cont	@	
data.text.battle:644:0	text	data/text/battle.asm	644	0	text	!	
data.text.battle:648:0	text	data/text/battle.asm	648	0	text	<USER>'s	
data.text.battle:649:0	text	data/text/battle.asm	649	0	line	trying to take its	
data.text.battle:650:0	text	data/text/battle.asm	650	0	cont	opponent with it!	
data.text.battle:654:0	text	data/text/battle.asm	654	0	text	<TARGET>'s	
data.text.battle:655:0	text	data/text/battle.asm	655	0	line	@	
data.text.battle:657:0	text	data/text/battle.asm	657	0	text	 was	
data.text.battle:658:0	text	data/text/battle.asm	658	0	cont	reduced by @	
data.text.battle:660:0	text	data/text/battle.asm	660	0	text	!	
data.text.battle:664:0	text	data/text/battle.asm	664	0	text	A bell chimed!	
data.text.battle:665:0	text	data/text/battle.asm	665	0	line		
data.text.battle:669:0	text	data/text/battle.asm	669	0	text	<TARGET>	
data.text.battle:670:0	text	data/text/battle.asm	670	0	line	fell asleep!	
data.text.battle:674:0	text	data/text/battle.asm	674	0	text	<TARGET>'s	
data.text.battle:675:0	text	data/text/battle.asm	675	0	line	already asleep!	
data.text.battle:679:0	text	data/text/battle.asm	679	0	text	<TARGET>	
data.text.battle:680:0	text	data/text/battle.asm	680	0	line	was poisoned!	
data.text.battle:684:0	text	data/text/battle.asm	684	0	text	<TARGET>'s	
data.text.battle:685:0	text	data/text/battle.asm	685	0	line	badly poisoned!	
data.text.battle:689:0	text	data/text/battle.asm	689	0	text	<TARGET>'s	
data.text.battle:690:0	text	data/text/battle.asm	690	0	line	already poisoned!	
data.text.battle:694:0	text	data/text/battle.asm	694	0	text	Sucked health from	
data.text.battle:695:0	text	data/text/battle.asm	695	0	line	<TARGET>!	
data.text.battle:699:0	text	data/text/battle.asm	699	0	text	<TARGET>'s	
data.text.battle:700:0	text	data/text/battle.asm	700	0	line	dream was eaten!	
data.text.battle:704:0	text	data/text/battle.asm	704	0	text	<TARGET>	
data.text.battle:705:0	text	data/text/battle.asm	705	0	line	was burned!	
data.text.battle:709:0	text	data/text/battle.asm	709	0	text	<TARGET>	
data.text.battle:710:0	text	data/text/battle.asm	710	0	line	was defrosted!	
data.text.battle:714:0	text	data/text/battle.asm	714	0	text	<TARGET>	
data.text.battle:715:0	text	data/text/battle.asm	715	0	line	was frozen solid!	
data.text.battle:719:0	text	data/text/battle.asm	719	0	text	<USER>'s	
data.text.battle:720:0	text	data/text/battle.asm	720	0	line	@	
data.text.battle:722:0	text	data/text/battle.asm	722	0	text	 won't	
data.text.battle:723:0	text	data/text/battle.asm	723	0	cont	rise anymore!	
data.text.battle:727:0	text	data/text/battle.asm	727	0	text	<TARGET>'s	
data.text.battle:728:0	text	data/text/battle.asm	728	0	line	@	
data.text.battle:730:0	text	data/text/battle.asm	730	0	text	 won't	
data.text.battle:731:0	text	data/text/battle.asm	731	0	cont	drop anymore!	
data.text.battle:735:0	text	data/text/battle.asm	735	0	text	<USER>	
data.text.battle:736:0	text	data/text/battle.asm	736	0	line	fled from battle!	
data.text.battle:740:0	text	data/text/battle.asm	740	0	text	<TARGET>	
data.text.battle:741:0	text	data/text/battle.asm	741	0	line	fled in fear!	
data.text.battle:745:0	text	data/text/battle.asm	745	0	text	<TARGET>	
data.text.battle:746:0	text	data/text/battle.asm	746	0	line	was blown away!	
data.text.battle:750:0	text	data/text/battle.asm	750	0	text	Hit @	
data.text.battle:752:0	text	data/text/battle.asm	752	0	text	 times!	
data.text.battle:756:0	text	data/text/battle.asm	756	0	text	Hit @	
data.text.battle:758:0	text	data/text/battle.asm	758	0	text	 times!	
data.text.battle:762:0	text	data/text/battle.asm	762	0	text	<USER>'s	
data.text.battle:763:0	text	data/text/battle.asm	763	0	line	shrouded in MIST!	
data.text.battle:767:0	text	data/text/battle.asm	767	0	text	<TARGET>'s	
data.text.battle:768:0	text	data/text/battle.asm	768	0	line	protected by MIST.	
data.text.battle:773:0	text	data/text/battle.asm	773	0	text	<USER>'s	
data.text.battle:774:0	text	data/text/battle.asm	774	0	line	getting pumped!	
data.text.battle:778:0	text	data/text/battle.asm	778	0	text	<USER>'s	
data.text.battle:779:0	text	data/text/battle.asm	779	0	line	hit with recoil!	
data.text.battle:783:0	text	data/text/battle.asm	783	0	text	<USER>	
data.text.battle:784:0	text	data/text/battle.asm	784	0	line	made a SUBSTITUTE!	
data.text.battle:788:0	text	data/text/battle.asm	788	0	text	<USER>	
data.text.battle:789:0	text	data/text/battle.asm	789	0	line	has a SUBSTITUTE!	
data.text.battle:793:0	text	data/text/battle.asm	793	0	text	Too weak to make	
data.text.battle:794:0	text	data/text/battle.asm	794	0	line	a SUBSTITUTE!	
data.text.battle:798:0	text	data/text/battle.asm	798	0	text	The SUBSTITUTE	
data.text.battle:799:0	text	data/text/battle.asm	799	0	line	took damage for	
data.text.battle:800:0	text	data/text/battle.asm	800	0	cont	<TARGET>!	
data.text.battle:804:0	text	data/text/battle.asm	804	0	text	<TARGET>'s	
data.text.battle:805:0	text	data/text/battle.asm	805	0	line	SUBSTITUTE faded!	
data.text.battle:809:0	text	data/text/battle.asm	809	0	text	<USER>	
data.text.battle:810:0	text	data/text/battle.asm	810	0	line	learned	
data.text.battle:811:0	text	data/text/battle.asm	811	0	cont	@	
data.text.battle:813:0	text	data/text/battle.asm	813	0	text	!	
data.text.battle:817:0	text	data/text/battle.asm	817	0	text	<TARGET>	
data.text.battle:818:0	text	data/text/battle.asm	818	0	line	was seeded!	
data.text.battle:822:0	text	data/text/battle.asm	822	0	text	<TARGET>	
data.text.battle:823:0	text	data/text/battle.asm	823	0	line	evaded the attack!	
data.text.battle:827:0	text	data/text/battle.asm	827	0	text	<TARGET>'s	
data.text.battle:828:0	text	data/text/battle.asm	828	0	line	@	
data.text.battle:830:0	text	data/text/battle.asm	830	0	text	 was	
data.text.battle:831:0	text	data/text/battle.asm	831	0	cont	DISABLED!	
data.text.battle:835:0	text	data/text/battle.asm	835	0	text	Coins scattered	
data.text.battle:836:0	text	data/text/battle.asm	836	0	line	everywhere!	
data.text.battle:840:0	text	data/text/battle.asm	840	0	text	<USER>	
data.text.battle:841:0	text	data/text/battle.asm	841	0	line	transformed into	
data.text.battle:842:0	text	data/text/battle.asm	842	0	cont	the @	
data.text.battle:844:0	text	data/text/battle.asm	844	0	text	-type!	
data.text.battle:848:0	text	data/text/battle.asm	848	0	text	All stat changes	
data.text.battle:849:0	text	data/text/battle.asm	849	0	line	were eliminated!	
data.text.battle:853:0	text	data/text/battle.asm	853	0	text	<USER>	
data.text.battle:854:0	text	data/text/battle.asm	854	0	line	TRANSFORMED into	
data.text.battle:855:0	text	data/text/battle.asm	855	0	cont	@	
data.text.battle:857:0	text	data/text/battle.asm	857	0	text	!	
data.text.battle:861:0	text	data/text/battle.asm	861	0	text	<USER>'s	
data.text.battle:862:0	text	data/text/battle.asm	862	0	line	SPCL.DEF rose!	
data.text.battle:866:0	text	data/text/battle.asm	866	0	text	<USER>'s	
data.text.battle:867:0	text	data/text/battle.asm	867	0	line	DEFENSE rose!	
data.text.battle:871:0	text	data/text/battle.asm	871	0	text	But nothing	
data.text.battle:872:0	text	data/text/battle.asm	872	0	line	happened.	
data.text.battle:876:0	text	data/text/battle.asm	876	0	text	But it failed!	
data.text.battle:880:0	text	data/text/battle.asm	880	0	text	It failed!	
data.text.battle:884:0	text	data/text/battle.asm	884	0	text	It didn't affect	
data.text.battle:885:0	text	data/text/battle.asm	885	0	line	<TARGET>!	
data.text.battle:889:0	text	data/text/battle.asm	889	0	text	It didn't affect	
data.text.battle:890:0	text	data/text/battle.asm	890	0	line	<TARGET>!	
data.text.battle:894:0	text	data/text/battle.asm	894	0	text	<USER>'s	
data.text.battle:895:0	text	data/text/battle.asm	895	0	line	HP is full!	
data.text.battle:899:0	text	data/text/battle.asm	899	0	text	<USER>	
data.text.battle:900:0	text	data/text/battle.asm	900	0	line	was dragged out!	
data.text.battle:904:0	text	data/text/battle.asm	904	0	text	<TARGET>'s	
data.text.battle:905:0	text	data/text/battle.asm	905	0	line	paralyzed! Maybe	
data.text.battle:906:0	text	data/text/battle.asm	906	0	cont	it can't attack!	
data.text.battle:910:0	text	data/text/battle.asm	910	0	text	<USER>'s	
data.text.battle:911:0	text	data/text/battle.asm	911	0	line	fully paralyzed!	
data.text.battle:915:0	text	data/text/battle.asm	915	0	text	<TARGET>'s	
data.text.battle:916:0	text	data/text/battle.asm	916	0	line	already paralyzed!	
data.text.battle:920:0	text	data/text/battle.asm	920	0	text	<TARGET>'s	
data.text.battle:921:0	text	data/text/battle.asm	921	0	line	protected by	
data.text.battle:922:0	text	data/text/battle.asm	922	0	cont	@	
data.text.battle:924:0	text	data/text/battle.asm	924	0	text	!	
data.text.battle:928:0	text	data/text/battle.asm	928	0	text	The MIRROR MOVE	
data.text.battle:929:0	text	data/text/battle.asm	929	0	next	failed!	
data.text.battle:933:0	text	data/text/battle.asm	933	0	text	<USER>	
data.text.battle:934:0	text	data/text/battle.asm	934	0	line	stole @	
data.text.battle:937:0	text	data/text/battle.asm	937	0	cont	from its foe!	
data.text.battle:941:0	text	data/text/battle.asm	941	0	text	<TARGET>	
data.text.battle:942:0	text	data/text/battle.asm	942	0	line	can't escape now!	
data.text.battle:946:0	text	data/text/battle.asm	946	0	text	<TARGET>	
data.text.battle:947:0	text	data/text/battle.asm	947	0	line	started to have a	
data.text.battle:948:0	text	data/text/battle.asm	948	0	cont	NIGHTMARE!	
data.text.battle:952:0	text	data/text/battle.asm	952	0	text	<USER>	
data.text.battle:953:0	text	data/text/battle.asm	953	0	line	was defrosted!	
data.text.battle:957:0	text	data/text/battle.asm	957	0	text	<USER>	
data.text.battle:958:0	text	data/text/battle.asm	958	0	line	cut its own HP and	
data.text.battle:960:0	text	data/text/battle.asm	960	0	para	put a CURSE on	
data.text.battle:961:0	text	data/text/battle.asm	961	0	line	<TARGET>!	
data.text.battle:965:0	text	data/text/battle.asm	965	0	text	<USER>	
data.text.battle:966:0	text	data/text/battle.asm	966	0	line	PROTECTED itself!	
data.text.battle:970:0	text	data/text/battle.asm	970	0	text	<TARGET>'s	
data.text.battle:971:0	text	data/text/battle.asm	971	0	line	PROTECTING itself!	
data.text.battle:975:0	text	data/text/battle.asm	975	0	text	SPIKES scattered	
data.text.battle:976:0	text	data/text/battle.asm	976	0	line	all around	
data.text.battle:977:0	text	data/text/battle.asm	977	0	cont	<TARGET>!	
data.text.battle:981:0	text	data/text/battle.asm	981	0	text	<USER>	
data.text.battle:982:0	text	data/text/battle.asm	982	0	line	identified	
data.text.battle:983:0	text	data/text/battle.asm	983	0	cont	<TARGET>!	
data.text.battle:987:0	text	data/text/battle.asm	987	0	text	Both #MON will	
data.text.battle:988:0	text	data/text/battle.asm	988	0	line	faint in 3 turns!	
data.text.battle:992:0	text	data/text/battle.asm	992	0	text	A SANDSTORM	
data.text.battle:993:0	text	data/text/battle.asm	993	0	line	brewed!	
data.text.battle:997:0	text	data/text/battle.asm	997	0	text	<USER>	
data.text.battle:998:0	text	data/text/battle.asm	998	0	line	braced itself!	
data.text.battle:1002:0	text	data/text/battle.asm	1002	0	text	<TARGET>	
data.text.battle:1003:0	text	data/text/battle.asm	1003	0	line	fell in love!	
data.text.battle:1007:0	text	data/text/battle.asm	1007	0	text	<USER>'s	
data.text.battle:1008:0	text	data/text/battle.asm	1008	0	line	covered by a veil!	
data.text.battle:1012:0	text	data/text/battle.asm	1012	0	text	<TARGET>	
data.text.battle:1013:0	text	data/text/battle.asm	1013	0	line	is protected by	
data.text.battle:1014:0	text	data/text/battle.asm	1014	0	cont	SAFEGUARD!	
data.text.battle:1018:0	text	data/text/battle.asm	1018	0	text	Magnitude @	
data.text.battle:1020:0	text	data/text/battle.asm	1020	0	text	!	
data.text.battle:1024:0	text	data/text/battle.asm	1024	0	text	<USER>	
data.text.battle:1025:0	text	data/text/battle.asm	1025	0	line	was released by	
data.text.battle:1026:0	text	data/text/battle.asm	1026	0	cont	<TARGET>!	
data.text.battle:1030:0	text	data/text/battle.asm	1030	0	text	<USER>	
data.text.battle:1031:0	text	data/text/battle.asm	1031	0	line	shed LEECH SEED!	
data.text.battle:1035:0	text	data/text/battle.asm	1035	0	text	<USER>	
data.text.battle:1036:0	text	data/text/battle.asm	1036	0	line	blew away SPIKES!	
data.text.battle:1040:0	text	data/text/battle.asm	1040	0	text	A downpour	
data.text.battle:1041:0	text	data/text/battle.asm	1041	0	line	started!	
data.text.battle:1045:0	text	data/text/battle.asm	1045	0	text	The sunlight got	
data.text.battle:1046:0	text	data/text/battle.asm	1046	0	line	bright!	
data.text.battle:1050:0	text	data/text/battle.asm	1050	0	text	<USER>	
data.text.battle:1051:0	text	data/text/battle.asm	1051	0	line	cut its HP and	
data.text.battle:1052:0	text	data/text/battle.asm	1052	0	cont	maximized ATTACK!	
data.text.battle:1056:0	text	data/text/battle.asm	1056	0	text	<USER>	
data.text.battle:1057:0	text	data/text/battle.asm	1057	0	line	copied the stat	
data.text.battle:1059:0	text	data/text/battle.asm	1059	0	para	changes of	
data.text.battle:1060:0	text	data/text/battle.asm	1060	0	line	<TARGET>!	
data.text.battle:1064:0	text	data/text/battle.asm	1064	0	text	<USER>	
data.text.battle:1065:0	text	data/text/battle.asm	1065	0	line	foresaw an attack!	
data.text.battle:1070:0	text	data/text/battle.asm	1070	0	text	's	
data.text.battle:1071:0	text	data/text/battle.asm	1071	0	line	attack!	
data.text.battle:1076:0	text	data/text/battle.asm	1076	0	text	<TARGET> can't	
data.text.battle:1077:0	text	data/text/battle.asm	1077	0	line	receive the gift!	
data.text.battle:1081:0	text	data/text/battle.asm	1081	0	text	<USER>	
data.text.battle:1082:0	text	data/text/battle.asm	1082	0	line	ignored orders!	
data.text.common_1:2:0	text	data/text/common_1.asm	2	0	text	It's a fruit-	
data.text.common_1:3:0	text	data/text/common_1.asm	3	0	line	bearing tree.	
data.text.common_1:7:0	text	data/text/common_1.asm	7	0	text	Hey! It's	
data.text.common_1:8:0	text	data/text/common_1.asm	8	0	line	@	
data.text.common_1:10:0	text	data/text/common_1.asm	10	0	text	!	
data.text.common_1:14:0	text	data/text/common_1.asm	14	0	text	Obtained	
data.text.common_1:15:0	text	data/text/common_1.asm	15	0	line	@	
data.text.common_1:17:0	text	data/text/common_1.asm	17	0	text	!	
data.text.common_1:21:0	text	data/text/common_1.asm	21	0	text	But the PACK is	
data.text.common_1:22:0	text	data/text/common_1.asm	22	0	line	full…	
data.text.common_1:26:0	text	data/text/common_1.asm	26	0	text	There's nothing	
data.text.common_1:27:0	text	data/text/common_1.asm	27	0	line	here…	
data.text.common_1:33:0	text	data/text/common_1.asm	33	0	line	recovered @	
data.text.common_1:35:0	text	data/text/common_1.asm	35	0	text	HP!	
data.text.common_1:40:0	text	data/text/common_1.asm	40	0	text	's	
data.text.common_1:41:0	text	data/text/common_1.asm	41	0	line	cured of poison.	
data.text.common_1:46:0	text	data/text/common_1.asm	46	0	text	's	
data.text.common_1:47:0	text	data/text/common_1.asm	47	0	line	rid of paralysis.	
data.text.common_1:52:0	text	data/text/common_1.asm	52	0	text	's	
data.text.common_1:53:0	text	data/text/common_1.asm	53	0	line	burn was healed.	
data.text.common_1:59:0	text	data/text/common_1.asm	59	0	line	was defrosted.	
data.text.common_1:65:0	text	data/text/common_1.asm	65	0	line	woke up.	
data.text.common_1:70:0	text	data/text/common_1.asm	70	0	text	's	
data.text.common_1:71:0	text	data/text/common_1.asm	71	0	line	health returned.	
data.text.common_1:77:0	text	data/text/common_1.asm	77	0	line	is revitalized.	
data.text.common_1:82:0	text	data/text/common_1.asm	82	0	text	 grew to	
data.text.common_1:83:0	text	data/text/common_1.asm	83	0	line	level @	
data.text.common_1:85:0	text	data/text/common_1.asm	85	0	text	!@	
data.text.common_1:92:0	text	data/text/common_1.asm	92	0	text	 came	
data.text.common_1:93:0	text	data/text/common_1.asm	93	0	line	to its senses.	
data.text.common_1:97:0	text	data/text/common_1.asm	97	0	text	<……><……><……><……><……><……>	
data.text.common_1:98:0	text	data/text/common_1.asm	98	0	line	<……><……><……><……><……><……>	
data.text.common_1:100:0	text	data/text/common_1.asm	100	0	para	Zzz… Hm? Wha…?	
data.text.common_1:101:0	text	data/text/common_1.asm	101	0	line	You woke me up!	
data.text.common_1:103:0	text	data/text/common_1.asm	103	0	para	Will you check the	
data.text.common_1:104:0	text	data/text/common_1.asm	104	0	line	clock for me?	
data.text.common_1:108:0	text	data/text/common_1.asm	108	0	text	What time is it?	
data.text.common_1:112:0	text	data/text/common_1.asm	112	0	text	What?@	
data.text.common_1:116:0	text	data/text/common_1.asm	116	0	text	?	
data.text.common_1:120:0	text	data/text/common_1.asm	120	0	text	How many minutes?	
data.text.common_1:124:0	text	data/text/common_1.asm	124	0	text	Whoa!@	
data.text.common_1:128:0	text	data/text/common_1.asm	128	0	text	?	
data.text.common_1:132:0	text	data/text/common_1.asm	132	0	text	!	
data.text.common_1:133:0	text	data/text/common_1.asm	133	0	line	I overslept!	
data.text.common_1:137:0	text	data/text/common_1.asm	137	0	text	!	
data.text.common_1:138:0	text	data/text/common_1.asm	138	0	line	Yikes! I over-	
data.text.common_1:139:0	text	data/text/common_1.asm	139	0	cont	slept!	
data.text.common_1:143:0	text	data/text/common_1.asm	143	0	text	!	
data.text.common_1:144:0	text	data/text/common_1.asm	144	0	line	No wonder it's so	
data.text.common_1:145:0	text	data/text/common_1.asm	145	0	cont	dark!	
data.text.common_1:149:0	text	data/text/common_1.asm	149	0	text	What day is it?	
data.text.common_1:153:0	text	data/text/common_1.asm	153	0	text	, is it?	
data.text.common_1:157:0	text	data/text/common_1.asm	157	0	text	<ENEMY>	
data.text.common_1:158:0	text	data/text/common_1.asm	158	0	line	withdrew	
data.text.common_1:159:0	text	data/text/common_1.asm	159	0	cont	@	
data.text.common_1:161:0	text	data/text/common_1.asm	161	0	text	!	
data.text.common_1:165:0	text	data/text/common_1.asm	165	0	text	<ENEMY>	
data.text.common_1:166:0	text	data/text/common_1.asm	166	0	line	used @	
data.text.common_1:169:0	text	data/text/common_1.asm	169	0	cont	on @	
data.text.common_1:171:0	text	data/text/common_1.asm	171	0	text	!	
data.text.common_1:175:0	text	data/text/common_1.asm	175	0	text	That can't be used	
data.text.common_1:176:0	text	data/text/common_1.asm	176	0	line	right now.	
data.text.common_1:180:0	text	data/text/common_1.asm	180	0	text	That item can't be	
data.text.common_1:181:0	text	data/text/common_1.asm	181	0	line	put in the PACK.	
data.text.common_1:185:0	text	data/text/common_1.asm	185	0	text	The @	
data.text.common_1:188:0	text	data/text/common_1.asm	188	0	line	was put in the	
data.text.common_1:189:0	text	data/text/common_1.asm	189	0	cont	PACK.	
data.text.common_1:193:0	text	data/text/common_1.asm	193	0	text	Remaining Time	
data.text.common_1:197:0	text	data/text/common_1.asm	197	0	text	Your #MON's HP	
data.text.common_1:198:0	text	data/text/common_1.asm	198	0	line	was healed.	
data.text.common_1:202:0	text	data/text/common_1.asm	202	0	text	Warping…	
data.text.common_1:206:0	text	data/text/common_1.asm	206	0	text	Which number	
data.text.common_1:207:0	text	data/text/common_1.asm	207	0	line	should be changed?	
data.text.common_1:211:0	text	data/text/common_1.asm	211	0	text	Will you play with	
data.text.common_1:212:0	text	data/text/common_1.asm	212	0	line	@	
data.text.common_1:214:0	text	data/text/common_1.asm	214	0	text	?	
data.text.common_1:218:0	text	data/text/common_1.asm	218	0	text	You need two #-	
data.text.common_1:219:0	text	data/text/common_1.asm	219	0	line	MON for breeding.	
data.text.common_1:223:0	text	data/text/common_1.asm	223	0	text	Breeding is not	
data.text.common_1:224:0	text	data/text/common_1.asm	224	0	line	possible.	
data.text.common_1:228:0	text	data/text/common_1.asm	228	0	text	The compatibility	
data.text.common_1:229:0	text	data/text/common_1.asm	229	0	line	is @	
data.text.common_1:231:0	text	data/text/common_1.asm	231	0	text	.	
data.text.common_1:232:0	text	data/text/common_1.asm	232	0	cont	Should they breed?	
data.text.common_1:236:0	text	data/text/common_1.asm	236	0	text	There is no EGG.	
data.text.common_1:237:0	text	data/text/common_1.asm	237	0	line		
data.text.common_1:241:0	text	data/text/common_1.asm	241	0	text	It's going to	
data.text.common_1:242:0	text	data/text/common_1.asm	242	0	line	hatch!	
data.text.common_1:246:0	text	data/text/common_1.asm	246	0	text	Test event	
data.text.common_1:247:0	text	data/text/common_1.asm	247	0	line	@	
data.text.common_1:249:0	text	data/text/common_1.asm	249	0	text	?	
data.text.common_1:253:0	text	data/text/common_1.asm	253	0	text	What do you want	
data.text.common_1:254:0	text	data/text/common_1.asm	254	0	line	to play with?	
data.text.common_1:258:0	text	data/text/common_1.asm	258	0	text	You can have this.	
data.text.common_1:262:0	text	data/text/common_1.asm	262	0	text	The BOX is full!	
data.text.common_1:266:0	text	data/text/common_1.asm	266	0	text	Obtained the	
data.text.common_1:267:0	text	data/text/common_1.asm	267	0	line	VOLTORBBADGE!	
data.text.common_1:271:0	text	data/text/common_1.asm	271	0	text	The password is:	
data.text.common_1:272:0	text	data/text/common_1.asm	272	0	line		
data.text.common_1:276:0	text	data/text/common_1.asm	276	0	text	Is this OK?	
data.text.common_1:280:0	text	data/text/common_1.asm	280	0	text	Enter the	
data.text.common_1:281:0	text	data/text/common_1.asm	281	0	line	ID no.	
data.text.common_1:285:0	text	data/text/common_1.asm	285	0	text	Enter the	
data.text.common_1:286:0	text	data/text/common_1.asm	286	0	line	amount.	
data.text.common_1:290:0	text	data/text/common_1.asm	290	0	text	There's nothing to	
data.text.common_1:291:0	text	data/text/common_1.asm	291	0	line	choose.	
data.text.common_1:295:0	text	data/text/common_1.asm	295	0	text	Which side do you	
data.text.common_1:296:0	text	data/text/common_1.asm	296	0	line	want to put it on?	
data.text.common_1:300:0	text	data/text/common_1.asm	300	0	text	Which side do you	
data.text.common_1:301:0	text	data/text/common_1.asm	301	0	line	want to put away?	
data.text.common_1:305:0	text	data/text/common_1.asm	305	0	text	Put away the	
data.text.common_1:306:0	text	data/text/common_1.asm	306	0	line	@	
data.text.common_1:308:0	text	data/text/common_1.asm	308	0	text	.	
data.text.common_1:312:0	text	data/text/common_1.asm	312	0	text	There's nothing to	
data.text.common_1:313:0	text	data/text/common_1.asm	313	0	line	put away.	
data.text.common_1:317:0	text	data/text/common_1.asm	317	0	text	Set up the	
data.text.common_1:318:0	text	data/text/common_1.asm	318	0	line	@	
data.text.common_1:320:0	text	data/text/common_1.asm	320	0	text	.	
data.text.common_1:324:0	text	data/text/common_1.asm	324	0	text	Put away the	
data.text.common_1:325:0	text	data/text/common_1.asm	325	0	line	@	
data.text.common_1:329:0	text	data/text/common_1.asm	329	0	para	and set up the	
data.text.common_1:330:0	text	data/text/common_1.asm	330	0	line	@	
data.text.common_1:332:0	text	data/text/common_1.asm	332	0	text	.	
data.text.common_1:336:0	text	data/text/common_1.asm	336	0	text	That's already set	
data.text.common_1:337:0	text	data/text/common_1.asm	337	0	line	up.	
data.text.common_1:341:0	text	data/text/common_1.asm	341	0	text	It's the TOWN MAP.	
data.text.common_1:345:0	text	data/text/common_1.asm	345	0	text	It's a poster of a	
data.text.common_1:346:0	text	data/text/common_1.asm	346	0	line	cute PIKACHU.	
data.text.common_1:350:0	text	data/text/common_1.asm	350	0	text	It's a poster of a	
data.text.common_1:351:0	text	data/text/common_1.asm	351	0	line	cute CLEFAIRY.	
data.text.common_1:355:0	text	data/text/common_1.asm	355	0	text	It's a poster of a	
data.text.common_1:356:0	text	data/text/common_1.asm	356	0	line	cute JIGGLYPUFF.	
data.text.common_1:360:0	text	data/text/common_1.asm	360	0	text	It's an adorable	
data.text.common_1:361:0	text	data/text/common_1.asm	361	0	line	@	
data.text.common_1:363:0	text	data/text/common_1.asm	363	0	text	.	
data.text.common_1:367:0	text	data/text/common_1.asm	367	0	text	A giant doll! It's	
data.text.common_1:368:0	text	data/text/common_1.asm	368	0	line	fluffy and cuddly.	
data.text.common_1:372:0	text	data/text/common_1.asm	372	0	text	Hi, <PLAYER>!	
data.text.common_1:373:0	text	data/text/common_1.asm	373	0	line	How are you?	
data.text.common_1:377:0	text	data/text/common_1.asm	377	0	text	I found a useful	
data.text.common_1:378:0	text	data/text/common_1.asm	378	0	line	item shopping, so	
data.text.common_1:382:0	text	data/text/common_1.asm	382	0	text	I bought it with	
data.text.common_1:383:0	text	data/text/common_1.asm	383	0	line	your money. Sorry!	
data.text.common_1:387:0	text	data/text/common_1.asm	387	0	text	It's in your PC.	
data.text.common_1:388:0	text	data/text/common_1.asm	388	0	line	You'll like it!	
data.text.common_1:392:0	text	data/text/common_1.asm	392	0	text	While shopping	
data.text.common_1:393:0	text	data/text/common_1.asm	393	0	line	today, I saw this	
data.text.common_1:394:0	text	data/text/common_1.asm	394	0	cont	adorable doll, so	
data.text.common_1:398:0	text	data/text/common_1.asm	398	0	text	It's in your room.	
data.text.common_1:399:0	text	data/text/common_1.asm	399	0	line	You'll love it!	
data.text.common_1:404:0	text	data/text/common_1.asm	404	0	text	 was	
data.text.common_1:405:0	text	data/text/common_1.asm	405	0	line	sent to @	
data.text.common_1:407:0	text	data/text/common_1.asm	407	0	text	.	
data.text.common_1:416:0	text	data/text/common_1.asm	416	0	text	 bids	
data.text.common_1:417:0	text	data/text/common_1.asm	417	0	line	farewell to	
data.text.common_1:422:0	text	data/text/common_1.asm	422	0	text	.	
data.text.common_1:426:0	text	data/text/common_1.asm	426	0	text	Take good care of	
data.text.common_1:427:0	text	data/text/common_1.asm	427	0	line	@	
data.text.common_1:429:0	text	data/text/common_1.asm	429	0	text	.	
data.text.common_1:433:0	text	data/text/common_1.asm	433	0	text	For @	
data.text.common_1:435:0	text	data/text/common_1.asm	435	0	text	's	
data.text.common_1:436:0	text	data/text/common_1.asm	436	0	line	@	
data.text.common_1:438:0	text	data/text/common_1.asm	438	0	text	,	
data.text.common_1:443:0	text	data/text/common_1.asm	443	0	text	 sends	
data.text.common_1:444:0	text	data/text/common_1.asm	444	0	line	@	
data.text.common_1:446:0	text	data/text/common_1.asm	446	0	text	.	
data.text.common_1:451:0	text	data/text/common_1.asm	451	0	text	 will	
data.text.common_1:452:0	text	data/text/common_1.asm	452	0	line	trade @	
data.text.common_1:459:0	text	data/text/common_1.asm	459	0	text	for @	
data.text.common_1:461:0	text	data/text/common_1.asm	461	0	text	's	
data.text.common_1:462:0	text	data/text/common_1.asm	462	0	line	@	
data.text.common_1:464:0	text	data/text/common_1.asm	464	0	text	.	
data.text.common_1:471:0	text	data/text/common_1.asm	471	0	line	MARY: PROF.OAK'S	
data.text.common_1:476:0	text	data/text/common_1.asm	476	0	line	#MON TALK!	
data.text.common_1:481:0	text	data/text/common_1.asm	481	0	line	With me, MARY!	
data.text.common_1:486:0	text	data/text/common_1.asm	486	0	line	OAK: @	
data.text.common_1:494:0	text	data/text/common_1.asm	494	0	line	may be seen around	
data.text.common_1:499:0	text	data/text/common_1.asm	499	0	line	@	
data.text.common_1:501:0	text	data/text/common_1.asm	501	0	text	.	
data.text.common_1:506:0	text	data/text/common_1.asm	506	0	line	MARY: @	
data.text.common_1:508:0	text	data/text/common_1.asm	508	0	text	's	
data.text.common_1:513:0	text	data/text/common_1.asm	513	0	line	sweet and adorably	
data.text.common_1:518:0	text	data/text/common_1.asm	518	0	line	wiggly and slickly	
data.text.common_1:523:0	text	data/text/common_1.asm	523	0	line	aptly named and	
data.text.common_1:528:0	text	data/text/common_1.asm	528	0	line	undeniably kind of	
data.text.common_1:533:0	text	data/text/common_1.asm	533	0	line	so, so unbearably	
data.text.common_1:538:0	text	data/text/common_1.asm	538	0	line	wow, impressively	
data.text.common_1:543:0	text	data/text/common_1.asm	543	0	line	almost poisonously	
data.text.common_1:548:0	text	data/text/common_1.asm	548	0	line	ooh, so sensually	
data.text.common_1:553:0	text	data/text/common_1.asm	553	0	line	so mischievously	
data.text.common_1:558:0	text	data/text/common_1.asm	558	0	line	so very topically	
data.text.common_1:563:0	text	data/text/common_1.asm	563	0	line	sure addictively	
data.text.common_1:568:0	text	data/text/common_1.asm	568	0	line	looks in water is	
data.text.common_1:573:0	text	data/text/common_1.asm	573	0	line	evolution must be	
data.text.common_1:578:0	text	data/text/common_1.asm	578	0	line	provocatively	
data.text.common_1:583:0	text	data/text/common_1.asm	583	0	line	so flipped out and	
data.text.common_1:588:0	text	data/text/common_1.asm	588	0	line	heart-meltingly	
data.text.common_1:593:0	text	data/text/common_1.asm	593	0	line	cute.	
data.text.common_1:598:0	text	data/text/common_1.asm	598	0	line	weird.	
data.text.common_1:603:0	text	data/text/common_1.asm	603	0	line	pleasant.	
data.text.common_1:608:0	text	data/text/common_1.asm	608	0	line	bold, sort of.	
data.text.common_1:613:0	text	data/text/common_1.asm	613	0	line	frightening.	
data.text.common_1:618:0	text	data/text/common_1.asm	618	0	line	suave & debonair!	
data.text.common_1:623:0	text	data/text/common_1.asm	623	0	line	powerful.	
data.text.common_1:628:0	text	data/text/common_1.asm	628	0	line	exciting.	
data.text.common_1:633:0	text	data/text/common_1.asm	633	0	line	now!	
data.text.common_1:638:0	text	data/text/common_1.asm	638	0	line	inspiring.	
data.text.common_1:643:0	text	data/text/common_1.asm	643	0	line	friendly.	
data.text.common_1:648:0	text	data/text/common_1.asm	648	0	line	hot, hot, hot!	
data.text.common_1:653:0	text	data/text/common_1.asm	653	0	line	stimulating.	
data.text.common_1:658:0	text	data/text/common_1.asm	658	0	line	guarded.	
data.text.common_1:663:0	text	data/text/common_1.asm	663	0	line	lovely.	
data.text.common_1:668:0	text	data/text/common_1.asm	668	0	line	speedy.	
data.text.common_1:672:0	text	data/text/common_1.asm	672	0	text	#MON	
data.text.common_1:677:0	text	data/text/common_1.asm	677	0	line	@	
data.text.common_1:685:0	text	data/text/common_1.asm	685	0	line	BEN: #MON MUSIC	
data.text.common_1:690:0	text	data/text/common_1.asm	690	0	line	CHANNEL!	
data.text.common_1:695:0	text	data/text/common_1.asm	695	0	line	It's me, DJ BEN!	
data.text.common_1:700:0	text	data/text/common_1.asm	700	0	line	FERN: #MUSIC!	
data.text.common_1:705:0	text	data/text/common_1.asm	705	0	line	With DJ FERN!	
data.text.common_1:710:0	text	data/text/common_1.asm	710	0	line	Today's @	
data.text.common_1:712:0	text	data/text/common_1.asm	712	0	text	,	
data.text.common_1:717:0	text	data/text/common_1.asm	717	0	line	so let us jam to	
data.text.common_1:722:0	text	data/text/common_1.asm	722	0	line	so chill out to	
data.text.common_1:727:0	text	data/text/common_1.asm	727	0	line	#MON March!	
data.text.common_1:732:0	text	data/text/common_1.asm	732	0	line	#MON Lullaby!	
data.text.common_1:739:0	text	data/text/common_1.asm	739	0	line	REED: Yeehaw! How	
data.text.common_1:744:0	text	data/text/common_1.asm	744	0	line	y'all doin' now?	
data.text.common_1:749:0	text	data/text/common_1.asm	749	0	line	Whether you're up	
data.text.common_1:754:0	text	data/text/common_1.asm	754	0	line	or way down low,	
data.text.common_1:759:0	text	data/text/common_1.asm	759	0	line	don't you miss the	
data.text.common_1:764:0	text	data/text/common_1.asm	764	0	line	LUCKY NUMBER SHOW!	
data.text.common_1:769:0	text	data/text/common_1.asm	769	0	line	This week's Lucky	
data.text.common_1:774:0	text	data/text/common_1.asm	774	0	line	Number is @	
data.text.common_1:777:0	text	data/text/common_1.asm	777	0	text	!	
data.text.common_1:782:0	text	data/text/common_1.asm	782	0	line	I'll repeat that!	
data.text.common_1:787:0	text	data/text/common_1.asm	787	0	line	Match it and go to	
data.text.common_1:792:0	text	data/text/common_1.asm	792	0	line	the RADIO TOWER!	
data.text.common_1:797:0	text	data/text/common_1.asm	797	0	line	…Repeating myself	
data.text.common_1:802:0	text	data/text/common_1.asm	802	0	line	gets to be a drag…	
data.text.common_1:809:0	text	data/text/common_1.asm	809	0	line	PLACES AND PEOPLE!	
data.text.common_1:814:0	text	data/text/common_1.asm	814	0	line	Brought to you by	
data.text.common_1:819:0	text	data/text/common_1.asm	819	0	line	me, DJ LILY!	
data.text.common_1:824:0	text	data/text/common_1.asm	824	0	line	@	
data.text.common_1:826:0	text	data/text/common_1.asm	826	0	text	 @	
data.text.common_1:834:0	text	data/text/common_1.asm	834	0	line	is cute.	
data.text.common_1:839:0	text	data/text/common_1.asm	839	0	line	is sort of lazy.	
data.text.common_1:844:0	text	data/text/common_1.asm	844	0	line	is always happy.	
data.text.common_1:849:0	text	data/text/common_1.asm	849	0	line	is quite noisy.	
data.text.common_1:854:0	text	data/text/common_1.asm	854	0	line	is precocious.	
data.text.common_1:859:0	text	data/text/common_1.asm	859	0	line	is somewhat bold.	
data.text.common_1:864:0	text	data/text/common_1.asm	864	0	line	is too picky!	
data.text.common_1:869:0	text	data/text/common_1.asm	869	0	line	is sort of OK.	
data.text.common_1:874:0	text	data/text/common_1.asm	874	0	line	is just so-so.	
data.text.common_1:879:0	text	data/text/common_1.asm	879	0	line	is actually great.	
data.text.common_1:884:0	text	data/text/common_1.asm	884	0	line	is just my type.	
data.text.common_1:889:0	text	data/text/common_1.asm	889	0	line	is so cool, no?	
data.text.common_1:894:0	text	data/text/common_1.asm	894	0	line	is inspiring!	
data.text.common_1:899:0	text	data/text/common_1.asm	899	0	line	is kind of weird.	
data.text.common_1:904:0	text	data/text/common_1.asm	904	0	line	is right for me?	
data.text.common_1:909:0	text	data/text/common_1.asm	909	0	line	is definitely odd!	
data.text.common_1:914:0	text	data/text/common_1.asm	914	0	line	@	
data.text.common_1:922:0	text	data/text/common_1.asm	922	0	line	… …Ahem, we are	
data.text.common_1:927:0	text	data/text/common_1.asm	927	0	line	TEAM ROCKET!	
data.text.common_1:932:0	text	data/text/common_1.asm	932	0	line	After three years	
data.text.common_1:937:0	text	data/text/common_1.asm	937	0	line	of preparation, we	
data.text.common_1:942:0	text	data/text/common_1.asm	942	0	line	have risen again	
data.text.common_1:947:0	text	data/text/common_1.asm	947	0	line	from the ashes!	
data.text.common_1:952:0	text	data/text/common_1.asm	952	0	line	GIOVANNI! @	
data.text.common_1:954:0	text	data/text/common_1.asm	954	0	text	Can you	
data.text.common_1:959:0	text	data/text/common_1.asm	959	0	line	hear?@	
data.text.common_1:961:0	text	data/text/common_1.asm	961	0	text	 We did it!	
data.text.common_1:966:0	text	data/text/common_1.asm	966	0	line	@	
data.text.common_1:968:0	text	data/text/common_1.asm	968	0	text	Where is our Boss?	
data.text.common_1:973:0	text	data/text/common_1.asm	973	0	line	@	
data.text.common_1:975:0	text	data/text/common_1.asm	975	0	text	Is he listening?	
data.text.common_1:979:0	text	data/text/common_1.asm	979	0	text	Which floor?	
data.text.common_1:983:0	text	data/text/common_1.asm	983	0	text	ANNOUNCER: BEEEP!	
data.text.common_1:985:0	text	data/text/common_1.asm	985	0	para	Time's up!	
data.text.common_1:989:0	text	data/text/common_1.asm	989	0	text	ANNOUNCER: The	
data.text.common_1:990:0	text	data/text/common_1.asm	990	0	line	Contest is over!	
data.text.common_1:994:0	text	data/text/common_1.asm	994	0	text	REPEL's effect	
data.text.common_1:995:0	text	data/text/common_1.asm	995	0	line	wore off.	
data.text.common_1:999:0	text	data/text/common_1.asm	999	0	text	<PLAYER> found	
data.text.common_1:1000:0	text	data/text/common_1.asm	1000	0	line	@	
data.text.common_1:1002:0	text	data/text/common_1.asm	1002	0	text	.	
data.text.common_1:1006:0	text	data/text/common_1.asm	1006	0	text	But <PLAYER> has	
data.text.common_1:1007:0	text	data/text/common_1.asm	1007	0	line	no space left…	
data.text.common_1:1011:0	text	data/text/common_1.asm	1011	0	text	I just saw some	
data.text.common_1:1012:0	text	data/text/common_1.asm	1012	0	line	rare @	
data.text.common_1:1014:0	text	data/text/common_1.asm	1014	0	text	 in	
data.text.common_1:1015:0	text	data/text/common_1.asm	1015	0	cont	@	
data.text.common_1:1017:0	text	data/text/common_1.asm	1017	0	text	.	
data.text.common_1:1019:0	text	data/text/common_1.asm	1019	0	para	I'll call you if I	
data.text.common_1:1020:0	text	data/text/common_1.asm	1020	0	line	see another rare	
data.text.common_1:1021:0	text	data/text/common_1.asm	1021	0	cont	#MON, OK?	
data.text.common_1:1025:0	text	data/text/common_1.asm	1025	0	text	SAVING RECORD…	
data.text.common_1:1026:0	text	data/text/common_1.asm	1026	0	line	DON'T TURN OFF!	
data.text.common_1:1031:0	text	data/text/common_1.asm	1031	0	text	 received	
data.text.common_1:1032:0	text	data/text/common_1.asm	1032	0	line	@	
data.text.common_1:1034:0	text	data/text/common_1.asm	1034	0	text	!@	
data.text.common_1:1040:0	text	data/text/common_1.asm	1040	0	text	You have no coins.	
data.text.common_1:1044:0	text	data/text/common_1.asm	1044	0	text	You don't have a	
data.text.common_1:1045:0	text	data/text/common_1.asm	1045	0	line	COIN CASE.	
data.text.common_1:1049:0	text	data/text/common_1.asm	1049	0	text	OK, connect the	
data.text.common_1:1050:0	text	data/text/common_1.asm	1050	0	line	Game Link Cable.	
data.text.common_1:1054:0	text	data/text/common_1.asm	1054	0	text	<PLAYER> traded	
data.text.common_1:1055:0	text	data/text/common_1.asm	1055	0	line	@	
data.text.common_1:1057:0	text	data/text/common_1.asm	1057	0	text	 for	
data.text.common_1:1058:0	text	data/text/common_1.asm	1058	0	cont	@	
data.text.common_1:1060:0	text	data/text/common_1.asm	1060	0	text	.@	
data.text.common_1:1069:0	text	data/text/common_1.asm	1069	0	text	I collect #MON.	
data.text.common_1:1070:0	text	data/text/common_1.asm	1070	0	line	Do you have	
data.text.common_1:1071:0	text	data/text/common_1.asm	1071	0	cont	@	
data.text.common_1:1073:0	text	data/text/common_1.asm	1073	0	text	?	
data.text.common_1:1075:0	text	data/text/common_1.asm	1075	0	para	Want to trade it	
data.text.common_1:1076:0	text	data/text/common_1.asm	1076	0	line	for my @	
data.text.common_1:1078:0	text	data/text/common_1.asm	1078	0	text	?	
data.text.common_1:1082:0	text	data/text/common_1.asm	1082	0	text	You don't want to	
data.text.common_1:1083:0	text	data/text/common_1.asm	1083	0	line	trade? Aww…	
data.text.common_1:1087:0	text	data/text/common_1.asm	1087	0	text	Huh? That's not	
data.text.common_1:1088:0	text	data/text/common_1.asm	1088	0	line	@	
data.text.common_1:1090:0	text	data/text/common_1.asm	1090	0	text	. 	
data.text.common_1:1091:0	text	data/text/common_1.asm	1091	0	cont	What a letdown…	
data.text.common_1:1095:0	text	data/text/common_1.asm	1095	0	text	Yay! I got myself	
data.text.common_1:1096:0	text	data/text/common_1.asm	1096	0	line	@	
data.text.common_1:1098:0	text	data/text/common_1.asm	1098	0	text	!	
data.text.common_1:1099:0	text	data/text/common_1.asm	1099	0	cont	Thanks!	
data.text.common_1:1103:0	text	data/text/common_1.asm	1103	0	text	Hi, how's my old	
data.text.common_1:1104:0	text	data/text/common_1.asm	1104	0	line	@	
data.text.common_1:1106:0	text	data/text/common_1.asm	1106	0	text	 doing?	
data.text.common_1:1110:0	text	data/text/common_1.asm	1110	0	text	Hi, I'm looking	
data.text.common_1:1111:0	text	data/text/common_1.asm	1111	0	line	for this #MON.	
data.text.common_1:1113:0	text	data/text/common_1.asm	1113	0	para	If you have	
data.text.common_1:1114:0	text	data/text/common_1.asm	1114	0	line	@	
data.text.common_1:1116:0	text	data/text/common_1.asm	1116	0	text	, would	
data.text.common_1:1118:0	text	data/text/common_1.asm	1118	0	para	you trade it for	
data.text.common_1:1119:0	text	data/text/common_1.asm	1119	0	line	my @	
data.text.common_1:1121:0	text	data/text/common_1.asm	1121	0	text	?	
data.text.common_1:1125:0	text	data/text/common_1.asm	1125	0	text	You don't have	
data.text.common_1:1126:0	text	data/text/common_1.asm	1126	0	line	one either?	
data.text.common_1:1128:0	text	data/text/common_1.asm	1128	0	para	Gee, that's really	
data.text.common_1:1129:0	text	data/text/common_1.asm	1129	0	line	disappointing…	
data.text.common_1:1133:0	text	data/text/common_1.asm	1133	0	text	You don't have	
data.text.common_1:1134:0	text	data/text/common_1.asm	1134	0	line	@	
data.text.common_1:1136:0	text	data/text/common_1.asm	1136	0	text	? That's	
data.text.common_1:1137:0	text	data/text/common_1.asm	1137	0	cont	too bad, then.	
data.text.common_1:1141:0	text	data/text/common_1.asm	1141	0	text	Great! Thank you!	
data.text.common_1:1143:0	text	data/text/common_1.asm	1143	0	para	I finally got	
data.text.common_1:1144:0	text	data/text/common_1.asm	1144	0	line	@	
data.text.common_1:1146:0	text	data/text/common_1.asm	1146	0	text	.	
data.text.common_1:1150:0	text	data/text/common_1.asm	1150	0	text	Hi! The @	
data.text.common_1:1153:0	text	data/text/common_1.asm	1153	0	line	you traded me is	
data.text.common_1:1154:0	text	data/text/common_1.asm	1154	0	cont	doing great!	
data.text.common_1:1159:0	text	data/text/common_1.asm	1159	0	text	's cute,	
data.text.common_1:1160:0	text	data/text/common_1.asm	1160	0	line	but I don't have	
data.text.common_1:1162:0	text	data/text/common_1.asm	1162	0	para	it. Do you have	
data.text.common_1:1163:0	text	data/text/common_1.asm	1163	0	line	@	
data.text.common_1:1165:0	text	data/text/common_1.asm	1165	0	text	?	
data.text.common_1:1167:0	text	data/text/common_1.asm	1167	0	para	Want to trade it	
data.text.common_1:1168:0	text	data/text/common_1.asm	1168	0	line	for my @	
data.text.common_1:1170:0	text	data/text/common_1.asm	1170	0	text	?	
data.text.common_1:1174:0	text	data/text/common_1.asm	1174	0	text	You don't want to	
data.text.common_1:1175:0	text	data/text/common_1.asm	1175	0	line	trade? Oh, darn…	
data.text.common_1:1179:0	text	data/text/common_1.asm	1179	0	text	That's not	
data.text.common_1:1180:0	text	data/text/common_1.asm	1180	0	line	@	
data.text.common_1:1182:0	text	data/text/common_1.asm	1182	0	text	.	
data.text.common_1:1184:0	text	data/text/common_1.asm	1184	0	para	Please trade with	
data.text.common_1:1185:0	text	data/text/common_1.asm	1185	0	line	me if you get one.	
data.text.common_1:1189:0	text	data/text/common_1.asm	1189	0	text	Wow! Thank you!	
data.text.common_1:1190:0	text	data/text/common_1.asm	1190	0	line	I always wanted	
data.text.common_1:1191:0	text	data/text/common_1.asm	1191	0	cont	@	
data.text.common_1:1193:0	text	data/text/common_1.asm	1193	0	text	!	
data.text.common_1:1197:0	text	data/text/common_1.asm	1197	0	text	How is that	
data.text.common_1:1198:0	text	data/text/common_1.asm	1198	0	line	@	
data.text.common_1:1200:0	text	data/text/common_1.asm	1200	0	text	 I	
data.text.common_1:1201:0	text	data/text/common_1.asm	1201	0	cont	traded you doing?	
data.text.common_1:1203:0	text	data/text/common_1.asm	1203	0	para	Your @	
data.text.common_1:1205:0	text	data/text/common_1.asm	1205	0	text	's	
data.text.common_1:1206:0	text	data/text/common_1.asm	1206	0	line	so cute!	
data.text.common_1:1210:0	text	data/text/common_1.asm	1210	0	text	Wow, that's a cute	
data.text.common_1:1211:0	text	data/text/common_1.asm	1211	0	line	#MON.	
data.text.common_1:1213:0	text	data/text/common_1.asm	1213	0	para	Where did you get	
data.text.common_1:1214:0	text	data/text/common_1.asm	1214	0	line	it?	
data.text.common_1:1216:0	text	data/text/common_1.asm	1216	0	para	…	
data.text.common_1:1218:0	text	data/text/common_1.asm	1218	0	para	So, you're leaving	
data.text.common_1:1219:0	text	data/text/common_1.asm	1219	0	line	on an adventure…	
data.text.common_1:1221:0	text	data/text/common_1.asm	1221	0	para	OK!	
data.text.common_1:1222:0	text	data/text/common_1.asm	1222	0	line	I'll help too.	
data.text.common_1:1224:0	text	data/text/common_1.asm	1224	0	para	But what can I do	
data.text.common_1:1225:0	text	data/text/common_1.asm	1225	0	line	for you?	
data.text.common_1:1227:0	text	data/text/common_1.asm	1227	0	para	I know! I'll save	
data.text.common_1:1228:0	text	data/text/common_1.asm	1228	0	line	money for you.	
data.text.common_1:1230:0	text	data/text/common_1.asm	1230	0	para	On a long journey,	
data.text.common_1:1231:0	text	data/text/common_1.asm	1231	0	line	money's important.	
data.text.common_1:1233:0	text	data/text/common_1.asm	1233	0	para	Do you want me to	
data.text.common_1:1234:0	text	data/text/common_1.asm	1234	0	line	save your money?	
data.text.common_1:1238:0	text	data/text/common_1.asm	1238	0	text	OK, I'll take care	
data.text.common_1:1239:0	text	data/text/common_1.asm	1239	0	line	of your money.	
data.text.common_1:1241:0	text	data/text/common_1.asm	1241	0	para	<……><……><……>	
data.text.common_1:1245:0	text	data/text/common_1.asm	1245	0	text	Be careful.	
data.text.common_1:1247:0	text	data/text/common_1.asm	1247	0	para	#MON are your	
data.text.common_1:1248:0	text	data/text/common_1.asm	1248	0	line	friends. You need	
data.text.common_1:1249:0	text	data/text/common_1.asm	1249	0	cont	to work as a team.	
data.text.common_1:1251:0	text	data/text/common_1.asm	1251	0	para	Now, go on!	
data.text.common_1:1255:0	text	data/text/common_1.asm	1255	0	text	Hi! Welcome home!	
data.text.common_1:1256:0	text	data/text/common_1.asm	1256	0	line	You're trying very	
data.text.common_1:1257:0	text	data/text/common_1.asm	1257	0	cont	hard, I see.	
data.text.common_1:1259:0	text	data/text/common_1.asm	1259	0	para	I've kept your	
data.text.common_1:1260:0	text	data/text/common_1.asm	1260	0	line	room tidy.	
data.text.common_1:1262:0	text	data/text/common_1.asm	1262	0	para	Or is this about	
data.text.common_1:1263:0	text	data/text/common_1.asm	1263	0	line	your money?	
data.text.common_1:1267:0	text	data/text/common_1.asm	1267	0	text	What do you want	
data.text.common_1:1268:0	text	data/text/common_1.asm	1268	0	line	to do?	
data.text.common_1:1272:0	text	data/text/common_1.asm	1272	0	text	How much do you	
data.text.common_1:1273:0	text	data/text/common_1.asm	1273	0	line	want to save?	
data.text.common_1:1277:0	text	data/text/common_1.asm	1277	0	text	How much do you	
data.text.common_1:1278:0	text	data/text/common_1.asm	1278	0	line	want to take?	
data.text.common_1:1282:0	text	data/text/common_1.asm	1282	0	text	Do you want to	
data.text.common_1:1283:0	text	data/text/common_1.asm	1283	0	line	save some money?	
data.text.common_1:1287:0	text	data/text/common_1.asm	1287	0	text	You haven't saved	
data.text.common_1:1288:0	text	data/text/common_1.asm	1288	0	line	that much.	
data.text.common_1:1292:0	text	data/text/common_1.asm	1292	0	text	You can't take	
data.text.common_1:1293:0	text	data/text/common_1.asm	1293	0	line	that much.	
data.text.common_1:1297:0	text	data/text/common_1.asm	1297	0	text	You don't have	
data.text.common_1:1298:0	text	data/text/common_1.asm	1298	0	line	that much.	
data.text.common_1:1302:0	text	data/text/common_1.asm	1302	0	text	You can't save	
data.text.common_1:1303:0	text	data/text/common_1.asm	1303	0	line	that much.	
data.text.common_1:1307:0	text	data/text/common_1.asm	1307	0	text	OK, I'll save your	
data.text.common_1:1308:0	text	data/text/common_1.asm	1308	0	line	money. Trust me!	
data.text.common_1:1310:0	text	data/text/common_1.asm	1310	0	para	<PLAYER>, stick	
data.text.common_1:1311:0	text	data/text/common_1.asm	1311	0	line	with it!	
data.text.common_1:1315:0	text	data/text/common_1.asm	1315	0	text	Your money's safe	
data.text.common_1:1316:0	text	data/text/common_1.asm	1316	0	line	here! Get going!	
data.text.common_1:1320:0	text	data/text/common_1.asm	1320	0	text	<PLAYER>, don't	
data.text.common_1:1321:0	text	data/text/common_1.asm	1321	0	line	give up!	
data.text.common_1:1325:0	text	data/text/common_1.asm	1325	0	text	Just do what	
data.text.common_1:1326:0	text	data/text/common_1.asm	1326	0	line	you can.	
data.text.common_1:1334:0	text	data/text/common_1.asm	1334	0	text	I'm the DAY-CARE	
data.text.common_1:1335:0	text	data/text/common_1.asm	1335	0	line	MAN. Want me to	
data.text.common_1:1336:0	text	data/text/common_1.asm	1336	0	cont	raise a #MON?	
data.text.common_1:1340:0	text	data/text/common_1.asm	1340	0	text	I'm the DAY-CARE	
data.text.common_1:1341:0	text	data/text/common_1.asm	1341	0	line	MAN. Do you know	
data.text.common_1:1342:0	text	data/text/common_1.asm	1342	0	cont	about EGGS?	
data.text.common_1:1344:0	text	data/text/common_1.asm	1344	0	para	I was raising	
data.text.common_1:1345:0	text	data/text/common_1.asm	1345	0	line	#MON with my	
data.text.common_1:1346:0	text	data/text/common_1.asm	1346	0	cont	wife, you see.	
data.text.common_1:1348:0	text	data/text/common_1.asm	1348	0	para	We were shocked to	
data.text.common_1:1349:0	text	data/text/common_1.asm	1349	0	line	find an EGG!	
data.text.common_1:1351:0	text	data/text/common_1.asm	1351	0	para	How incredible is	
data.text.common_1:1352:0	text	data/text/common_1.asm	1352	0	line	that?	
data.text.common_1:1354:0	text	data/text/common_1.asm	1354	0	para	So, want me to	
data.text.common_1:1355:0	text	data/text/common_1.asm	1355	0	line	raise a #MON?	
data.text.common_1:1359:0	text	data/text/common_1.asm	1359	0	text	I'm the DAY-CARE	
data.text.common_1:1360:0	text	data/text/common_1.asm	1360	0	line	LADY.	
data.text.common_1:1362:0	text	data/text/common_1.asm	1362	0	para	Should I raise a	
data.text.common_1:1363:0	text	data/text/common_1.asm	1363	0	line	#MON for you?	
data.text.common_1:1367:0	text	data/text/common_1.asm	1367	0	text	I'm the DAY-CARE	
data.text.common_1:1368:0	text	data/text/common_1.asm	1368	0	line	LADY. Do you know	
data.text.common_1:1369:0	text	data/text/common_1.asm	1369	0	cont	about EGGS?	
data.text.common_1:1371:0	text	data/text/common_1.asm	1371	0	para	My husband and I	
data.text.common_1:1372:0	text	data/text/common_1.asm	1372	0	line	were raising some	
data.text.common_1:1373:0	text	data/text/common_1.asm	1373	0	cont	#MON, you see.	
data.text.common_1:1375:0	text	data/text/common_1.asm	1375	0	para	We were shocked to	
data.text.common_1:1376:0	text	data/text/common_1.asm	1376	0	line	find an EGG!	
data.text.common_1:1378:0	text	data/text/common_1.asm	1378	0	para	How incredible	
data.text.common_1:1379:0	text	data/text/common_1.asm	1379	0	line	could that be?	
data.text.common_1:1381:0	text	data/text/common_1.asm	1381	0	para	Should I raise a	
data.text.common_1:1382:0	text	data/text/common_1.asm	1382	0	line	#MON for you?	
data.text.common_1:1386:0	text	data/text/common_1.asm	1386	0	text	What should I	
data.text.common_1:1387:0	text	data/text/common_1.asm	1387	0	line	raise for you?	
data.text.common_1:1391:0	text	data/text/common_1.asm	1391	0	text	Oh? But you have	
data.text.common_1:1392:0	text	data/text/common_1.asm	1392	0	line	just one #MON.	
data.text.common_1:1396:0	text	data/text/common_1.asm	1396	0	text	Sorry, but I can't	
data.text.common_1:1397:0	text	data/text/common_1.asm	1397	0	line	accept an EGG.	
data.text.common_1:1401:0	text	data/text/common_1.asm	1401	0	text	Remove MAIL before	
data.text.common_1:1402:0	text	data/text/common_1.asm	1402	0	line	you come see me.	
data.text.common_1:1406:0	text	data/text/common_1.asm	1406	0	text	If you give me	
data.text.common_1:1407:0	text	data/text/common_1.asm	1407	0	line	that, what will	
data.text.common_1:1408:0	text	data/text/common_1.asm	1408	0	cont	you battle with?	
data.text.common_1:1412:0	text	data/text/common_1.asm	1412	0	text	OK. I'll raise	
data.text.common_1:1413:0	text	data/text/common_1.asm	1413	0	line	your @	
data.text.common_1:1415:0	text	data/text/common_1.asm	1415	0	text	.	
data.text.common_1:1419:0	text	data/text/common_1.asm	1419	0	text	Come back for it	
data.text.common_1:1420:0	text	data/text/common_1.asm	1420	0	line	later.	
data.text.common_1:1424:0	text	data/text/common_1.asm	1424	0	text	Are we geniuses or	
data.text.common_1:1425:0	text	data/text/common_1.asm	1425	0	line	what? Want to see	
data.text.common_1:1426:0	text	data/text/common_1.asm	1426	0	cont	your @	
data.text.common_1:1428:0	text	data/text/common_1.asm	1428	0	text	?	
data.text.common_1:1432:0	text	data/text/common_1.asm	1432	0	text	Your @	
data.text.common_1:1435:0	text	data/text/common_1.asm	1435	0	line	has grown a lot.	
data.text.common_1:1437:0	text	data/text/common_1.asm	1437	0	para	By level, it's	
data.text.common_1:1438:0	text	data/text/common_1.asm	1438	0	line	grown by @	
data.text.common_1:1440:0	text	data/text/common_1.asm	1440	0	text	.	
data.text.common_1:1442:0	text	data/text/common_1.asm	1442	0	para	If you want your	
data.text.common_1:1443:0	text	data/text/common_1.asm	1443	0	line	#MON back, it	
data.text.common_1:1444:0	text	data/text/common_1.asm	1444	0	cont	will cost ¥@	
data.text.common_1:1446:0	text	data/text/common_1.asm	1446	0	text	.	
data.text.common_1:1450:0	text	data/text/common_1.asm	1450	0	text	Perfect! Here's	
data.text.common_1:1451:0	text	data/text/common_1.asm	1451	0	line	your #MON.	
data.text.common_1:1455:0	text	data/text/common_1.asm	1455	0	text	<PLAYER> got back	
data.text.common_1:1456:0	text	data/text/common_1.asm	1456	0	line	@	
data.text.common_1:1458:0	text	data/text/common_1.asm	1458	0	text	.	
data.text.common_1:1462:0	text	data/text/common_1.asm	1462	0	text	Huh? Back already?	
data.text.common_1:1463:0	text	data/text/common_1.asm	1463	0	line	Your @	
data.text.common_1:1466:0	text	data/text/common_1.asm	1466	0	para	needs a little	
data.text.common_1:1467:0	text	data/text/common_1.asm	1467	0	line	more time with us.	
data.text.common_1:1469:0	text	data/text/common_1.asm	1469	0	para	If you want your	
data.text.common_1:1470:0	text	data/text/common_1.asm	1470	0	line	#MON back, it	
data.text.common_1:1471:0	text	data/text/common_1.asm	1471	0	cont	will cost ¥100.	
data.text.common_1:1475:0	text	data/text/common_1.asm	1475	0	text	You have no room	
data.text.common_1:1476:0	text	data/text/common_1.asm	1476	0	line	for it.	
data.text.common_1:1480:0	text	data/text/common_1.asm	1480	0	text	You don't have	
data.text.common_1:1481:0	text	data/text/common_1.asm	1481	0	line	enough money.	
data.text.common_1:1485:0	text	data/text/common_1.asm	1485	0	text	Oh, fine then.	
data.text.common_1:1489:0	text	data/text/common_1.asm	1489	0	text	Come again.	
data.text.common_1:1493:0	text	data/text/common_1.asm	1493	0	text	Not yet…	
data.text.common_1:1497:0	text	data/text/common_1.asm	1497	0	text	Ah, it's you!	
data.text.common_1:1499:0	text	data/text/common_1.asm	1499	0	para	We were raising	
data.text.common_1:1500:0	text	data/text/common_1.asm	1500	0	line	your #MON, and	
data.text.common_1:1502:0	text	data/text/common_1.asm	1502	0	para	my goodness, were	
data.text.common_1:1503:0	text	data/text/common_1.asm	1503	0	line	we surprised!	
data.text.common_1:1505:0	text	data/text/common_1.asm	1505	0	para	Your #MON had	
data.text.common_1:1506:0	text	data/text/common_1.asm	1506	0	line	an EGG!	
data.text.common_1:1508:0	text	data/text/common_1.asm	1508	0	para	We don't know how	
data.text.common_1:1509:0	text	data/text/common_1.asm	1509	0	line	it got there, but	
data.text.common_1:1511:0	text	data/text/common_1.asm	1511	0	para	your #MON had	
data.text.common_1:1512:0	text	data/text/common_1.asm	1512	0	line	it. You want it?	
data.text.common_1:1516:0	text	data/text/common_1.asm	1516	0	text	<PLAYER> received	
data.text.common_1:1517:0	text	data/text/common_1.asm	1517	0	line	the EGG!	
data.text.common_1:1521:0	text	data/text/common_1.asm	1521	0	text	Take good care of	
data.text.common_1:1522:0	text	data/text/common_1.asm	1522	0	line	it.	
data.text.common_1:1526:0	text	data/text/common_1.asm	1526	0	text	Well then, I'll	
data.text.common_1:1527:0	text	data/text/common_1.asm	1527	0	line	keep it. Thanks!	
data.text.common_1:1531:0	text	data/text/common_1.asm	1531	0	text	You have no room	
data.text.common_1:1532:0	text	data/text/common_1.asm	1532	0	line	in your party.	
data.text.common_1:1533:0	text	data/text/common_1.asm	1533	0	cont	Come back later.	
data.text.common_1:1537:0	text	data/text/common_1.asm	1537	0	text	Which #MON	
data.text.common_1:1538:0	text	data/text/common_1.asm	1538	0	line	should I photo-	
data.text.common_1:1539:0	text	data/text/common_1.asm	1539	0	cont	graph?	
data.text.common_1:1543:0	text	data/text/common_1.asm	1543	0	text	All righty. Hold	
data.text.common_1:1544:0	text	data/text/common_1.asm	1544	0	line	still for a bit.	
data.text.common_1:1548:0	text	data/text/common_1.asm	1548	0	text	Presto! All done.	
data.text.common_1:1549:0	text	data/text/common_1.asm	1549	0	line	Come again, OK?	
data.text.common_1:1553:0	text	data/text/common_1.asm	1553	0	text	Oh, no picture?	
data.text.common_1:1554:0	text	data/text/common_1.asm	1554	0	line	Come again, OK?	
data.text.common_1:1558:0	text	data/text/common_1.asm	1558	0	text	An EGG? My talent	
data.text.common_1:1559:0	text	data/text/common_1.asm	1559	0	line	is worth more…	
data.text.common_1:1563:0	text	data/text/common_1.asm	1563	0	text	Hello, hello! I'm	
data.text.common_1:1564:0	text	data/text/common_1.asm	1564	0	line	the NAME RATER.	
data.text.common_1:1566:0	text	data/text/common_1.asm	1566	0	para	I rate the names	
data.text.common_1:1567:0	text	data/text/common_1.asm	1567	0	line	of #MON.	
data.text.common_1:1569:0	text	data/text/common_1.asm	1569	0	para	Would you like me	
data.text.common_1:1570:0	text	data/text/common_1.asm	1570	0	line	to rate names?	
data.text.common_1:1574:0	text	data/text/common_1.asm	1574	0	text	Which #MON's	
data.text.common_1:1575:0	text	data/text/common_1.asm	1575	0	line	nickname should I	
data.text.common_1:1576:0	text	data/text/common_1.asm	1576	0	cont	rate for you?	
data.text.common_1:1580:0	text	data/text/common_1.asm	1580	0	text	Hm… @	
data.text.common_1:1582:0	text	data/text/common_1.asm	1582	0	text	…	
data.text.common_1:1583:0	text	data/text/common_1.asm	1583	0	line	That's a fairly	
data.text.common_1:1584:0	text	data/text/common_1.asm	1584	0	cont	decent name.	
data.text.common_1:1586:0	text	data/text/common_1.asm	1586	0	para	But, how about a	
data.text.common_1:1587:0	text	data/text/common_1.asm	1587	0	line	slightly better	
data.text.common_1:1588:0	text	data/text/common_1.asm	1588	0	cont	nickname?	
data.text.common_1:1590:0	text	data/text/common_1.asm	1590	0	para	Want me to give it	
data.text.common_1:1591:0	text	data/text/common_1.asm	1591	0	line	a better name?	
data.text.common_1:1595:0	text	data/text/common_1.asm	1595	0	text	All right. What	
data.text.common_1:1596:0	text	data/text/common_1.asm	1596	0	line	name should we	
data.text.common_1:1597:0	text	data/text/common_1.asm	1597	0	cont	give it, then?	
data.text.common_1:1601:0	text	data/text/common_1.asm	1601	0	text	That's a better	
data.text.common_1:1602:0	text	data/text/common_1.asm	1602	0	line	name than before!	
data.text.common_1:1604:0	text	data/text/common_1.asm	1604	0	para	Well done!	
data.text.common_1:1608:0	text	data/text/common_1.asm	1608	0	text	OK, then. Come	
data.text.common_1:1609:0	text	data/text/common_1.asm	1609	0	line	again sometime.	
data.text.common_1:1613:0	text	data/text/common_1.asm	1613	0	text	Hm… @	
data.text.common_1:1615:0	text	data/text/common_1.asm	1615	0	text	?	
data.text.common_1:1616:0	text	data/text/common_1.asm	1616	0	line	What a great name!	
data.text.common_1:1617:0	text	data/text/common_1.asm	1617	0	cont	It's perfect.	
data.text.common_1:1619:0	text	data/text/common_1.asm	1619	0	para	Treat @	
data.text.common_1:1622:0	text	data/text/common_1.asm	1622	0	line	with loving care.	
data.text.common_1:1626:0	text	data/text/common_1.asm	1626	0	text	Whoa… That's just	
data.text.common_1:1627:0	text	data/text/common_1.asm	1627	0	line	an EGG.	
data.text.common_1:1631:0	text	data/text/common_1.asm	1631	0	text	It might look the	
data.text.common_1:1632:0	text	data/text/common_1.asm	1632	0	line	same as before,	
data.text.common_1:1634:0	text	data/text/common_1.asm	1634	0	para	but this new name	
data.text.common_1:1635:0	text	data/text/common_1.asm	1635	0	line	is much better!	
data.text.common_1:1637:0	text	data/text/common_1.asm	1637	0	para	Well done!	
data.text.common_1:1641:0	text	data/text/common_1.asm	1641	0	text	All right. This	
data.text.common_1:1642:0	text	data/text/common_1.asm	1642	0	line	#MON is now	
data.text.common_1:1643:0	text	data/text/common_1.asm	1643	0	cont	named @	
data.text.common_1:1645:0	text	data/text/common_1.asm	1645	0	text	.	
data.text.common_1:1650:0	text	data/text/common_1.asm	1650	0	text	 gained@@	
data.text.common_1:1654:0	text	data/text/common_1.asm	1654	0	line	a boosted	
data.text.common_1:1655:0	text	data/text/common_1.asm	1655	0	cont	@	
data.text.common_1:1657:0	text	data/text/common_1.asm	1657	0	text	 EXP. Points!	
data.text.common_1:1662:0	text	data/text/common_1.asm	1662	0	line	@	
data.text.common_1:1664:0	text	data/text/common_1.asm	1664	0	text	 EXP. Points!	
data.text.common_1:1668:0	text	data/text/common_1.asm	1668	0	text	Go! @	
data.text.common_1:1670:0	text	data/text/common_1.asm	1670	0	text	!	
data.text.common_1:1674:0	text	data/text/common_1.asm	1674	0	text	Do it! @	
data.text.common_1:1676:0	text	data/text/common_1.asm	1676	0	text	!	
data.text.common_1:1680:0	text	data/text/common_1.asm	1680	0	text	Go for it,	
data.text.common_1:1681:0	text	data/text/common_1.asm	1681	0	line	@	
data.text.common_1:1683:0	text	data/text/common_1.asm	1683	0	text	!	
data.text.common_1:1687:0	text	data/text/common_1.asm	1687	0	text	Your foe's weak!	
data.text.common_1:1688:0	text	data/text/common_1.asm	1688	0	line	Get'm, @	
data.text.common_1:1690:0	text	data/text/common_1.asm	1690	0	text	!	
data.text.common_1:1695:0	text	data/text/common_1.asm	1695	0	text	,@@	
data.text.common_1:1698:0	text	data/text/common_1.asm	1698	0	text	 that's	
data.text.common_1:1699:0	text	data/text/common_1.asm	1699	0	line	enough! Come back!	
data.text.common_1:1703:0	text	data/text/common_1.asm	1703	0	text	 OK!	
data.text.common_1:1704:0	text	data/text/common_1.asm	1704	0	line	Come back!	
data.text.common_1:1708:0	text	data/text/common_1.asm	1708	0	text	 good!	
data.text.common_1:1709:0	text	data/text/common_1.asm	1709	0	line	Come back!	
data.text.common_1:1713:0	text	data/text/common_1.asm	1713	0	text	 come	
data.text.common_1:1714:0	text	data/text/common_1.asm	1714	0	line	back!	
data.text.common_1:1718:0	text	data/text/common_1.asm	1718	0	text	<PLAYER> picked up	
data.text.common_1:1719:0	text	data/text/common_1.asm	1719	0	line	¥@	
data.text.common_1:1721:0	text	data/text/common_1.asm	1721	0	text	!	
data.text.common_1:1725:0	text	data/text/common_1.asm	1725	0	text	Booted up a TM.	
data.text.common_1:1729:0	text	data/text/common_1.asm	1729	0	text	Booted up an HM.	
data.text.common_1:1733:0	text	data/text/common_1.asm	1733	0	text	It contained	
data.text.common_1:1734:0	text	data/text/common_1.asm	1734	0	line	@	
data.text.common_1:1736:0	text	data/text/common_1.asm	1736	0	text	.	
data.text.common_1:1738:0	text	data/text/common_1.asm	1738	0	para	Teach @	
data.text.common_1:1741:0	text	data/text/common_1.asm	1741	0	line	to a #MON?	
data.text.common_1:1746:0	text	data/text/common_1.asm	1746	0	text	 is	
data.text.common_1:1747:0	text	data/text/common_1.asm	1747	0	line	not compatible	
data.text.common_1:1748:0	text	data/text/common_1.asm	1748	0	cont	with @	
data.text.common_1:1750:0	text	data/text/common_1.asm	1750	0	text	.	
data.text.common_1:1752:0	text	data/text/common_1.asm	1752	0	para	It can't learn	
data.text.common_1:1753:0	text	data/text/common_1.asm	1753	0	line	@	
data.text.common_1:1755:0	text	data/text/common_1.asm	1755	0	text	.	
data.text.common_1:1759:0	text	data/text/common_1.asm	1759	0	text	You have no room	
data.text.common_1:1760:0	text	data/text/common_1.asm	1760	0	line	for any more	
data.text.common_1:1761:0	text	data/text/common_1.asm	1761	0	cont	@	
data.text.common_1:1763:0	text	data/text/common_1.asm	1763	0	text	S.	
data.text.common_1:1767:0	text	data/text/common_1.asm	1767	0	text	You received	
data.text.common_1:1768:0	text	data/text/common_1.asm	1768	0	line	@	
data.text.common_1:1770:0	text	data/text/common_1.asm	1770	0	text	!	
data.text.common_1:1774:0	text	data/text/common_1.asm	1774	0	text	The link has been	
data.text.common_1:1775:0	text	data/text/common_1.asm	1775	0	line	cancelled.	
data.text.common_1:1779:0	text	data/text/common_1.asm	1779	0	text	Communication	
data.text.common_1:1780:0	text	data/text/common_1.asm	1780	0	line	error.	
data.text.common_1:1784:0	text	data/text/common_1.asm	1784	0	text	Must retrieve GIFT	
data.text.common_1:1785:0	text	data/text/common_1.asm	1785	0	line	at #MON CENTER.	
data.text.common_1:1789:0	text	data/text/common_1.asm	1789	0	text	Your friend isn't	
data.text.common_1:1790:0	text	data/text/common_1.asm	1790	0	line	ready.	
data.text.common_1:1794:0	text	data/text/common_1.asm	1794	0	text	Sorry--only five	
data.text.common_1:1795:0	text	data/text/common_1.asm	1795	0	line	GIFTS a day.	
data.text.common_1:1799:0	text	data/text/common_1.asm	1799	0	text	Sorry. One GIFT	
data.text.common_1:1800:0	text	data/text/common_1.asm	1800	0	line	a day per person.	
data.text.common_1:1805:0	text	data/text/common_1.asm	1805	0	text	 sent	
data.text.common_1:1806:0	text	data/text/common_1.asm	1806	0	line	@	
data.text.common_1:1808:0	text	data/text/common_1.asm	1808	0	text	.	
data.text.common_1:1813:0	text	data/text/common_1.asm	1813	0	text	 sent	
data.text.common_1:1814:0	text	data/text/common_1.asm	1814	0	line	@	
data.text.common_1:1817:0	text	data/text/common_1.asm	1817	0	cont	to @	
data.text.common_1:1819:0	text	data/text/common_1.asm	1819	0	text	's home.	
data.text.common_1:1823:0	text	data/text/common_1.asm	1823	0	text	Sorry! A new BADGE	
data.text.common_1:1824:0	text	data/text/common_1.asm	1824	0	line	is required.	
data.text.common_1:1828:0	text	data/text/common_1.asm	1828	0	text	Can't use that	
data.text.common_1:1829:0	text	data/text/common_1.asm	1829	0	line	here.	
data.text.common_1:1834:0	text	data/text/common_1.asm	1834	0	text	 used	
data.text.common_1:1835:0	text	data/text/common_1.asm	1835	0	line	CUT!	
data.text.common_1:1839:0	text	data/text/common_1.asm	1839	0	text	There's nothing to	
data.text.common_1:1840:0	text	data/text/common_1.asm	1840	0	line	CUT here.	
data.text.common_1:1844:0	text	data/text/common_1.asm	1844	0	text	A blinding FLASH	
data.text.common_1:1845:0	text	data/text/common_1.asm	1845	0	line	lights the area!@	
data.text.common_1:1847:0	text	data/text/common_1.asm	1847	0	db	@@	
data.text.common_1:1851:0	text	data/text/common_1.asm	1851	0	text	 used	
data.text.common_1:1852:0	text	data/text/common_1.asm	1852	0	line	SURF!	
data.text.common_2:2:0	text	data/text/common_2.asm	2	0	text	You can't SURF	
data.text.common_2:3:0	text	data/text/common_2.asm	3	0	line	here.	
data.text.common_2:7:0	text	data/text/common_2.asm	7	0	text	You're already	
data.text.common_2:8:0	text	data/text/common_2.asm	8	0	line	SURFING.	
data.text.common_2:12:0	text	data/text/common_2.asm	12	0	text	The water is calm.	
data.text.common_2:13:0	text	data/text/common_2.asm	13	0	line	Want to SURF?	
data.text.common_2:18:0	text	data/text/common_2.asm	18	0	text	 used	
data.text.common_2:19:0	text	data/text/common_2.asm	19	0	line	WATERFALL!	
data.text.common_2:23:0	text	data/text/common_2.asm	23	0	text	Wow, it's a huge	
data.text.common_2:24:0	text	data/text/common_2.asm	24	0	line	waterfall.	
data.text.common_2:28:0	text	data/text/common_2.asm	28	0	text	Do you want to use	
data.text.common_2:29:0	text	data/text/common_2.asm	29	0	line	WATERFALL?	
data.text.common_2:34:0	text	data/text/common_2.asm	34	0	text	 used	
data.text.common_2:35:0	text	data/text/common_2.asm	35	0	line	DIG!	
data.text.common_2:39:0	text	data/text/common_2.asm	39	0	text	<PLAYER> used an	
data.text.common_2:40:0	text	data/text/common_2.asm	40	0	line	ESCAPE ROPE.	
data.text.common_2:44:0	text	data/text/common_2.asm	44	0	text	Can't use that	
data.text.common_2:45:0	text	data/text/common_2.asm	45	0	line	here.	
data.text.common_2:49:0	text	data/text/common_2.asm	49	0	text	Return to the last	
data.text.common_2:50:0	text	data/text/common_2.asm	50	0	line	#MON CENTER.	
data.text.common_2:54:0	text	data/text/common_2.asm	54	0	text	Can't use that	
data.text.common_2:55:0	text	data/text/common_2.asm	55	0	line	here.	
data.text.common_2:57:0	text	data/text/common_2.asm	57	0	para		
data.text.common_2:61:0	text	data/text/common_2.asm	61	0	text	A #MON is using	
data.text.common_2:62:0	text	data/text/common_2.asm	62	0	line	STRENGTH already.	
data.text.common_2:67:0	text	data/text/common_2.asm	67	0	text	 used	
data.text.common_2:68:0	text	data/text/common_2.asm	68	0	line	STRENGTH!	
data.text.common_2:73:0	text	data/text/common_2.asm	73	0	text	 can	
data.text.common_2:74:0	text	data/text/common_2.asm	74	0	line	move boulders.	
data.text.common_2:78:0	text	data/text/common_2.asm	78	0	text	A #MON may be	
data.text.common_2:79:0	text	data/text/common_2.asm	79	0	line	able to move this.	
data.text.common_2:81:0	text	data/text/common_2.asm	81	0	para	Want to use	
data.text.common_2:82:0	text	data/text/common_2.asm	82	0	line	STRENGTH?	
data.text.common_2:86:0	text	data/text/common_2.asm	86	0	text	Boulders may now	
data.text.common_2:87:0	text	data/text/common_2.asm	87	0	line	be moved!	
data.text.common_2:91:0	text	data/text/common_2.asm	91	0	text	A #MON may be	
data.text.common_2:92:0	text	data/text/common_2.asm	92	0	line	able to move this.	
data.text.common_2:97:0	text	data/text/common_2.asm	97	0	text	 used	
data.text.common_2:98:0	text	data/text/common_2.asm	98	0	line	WHIRLPOOL!	
data.text.common_2:102:0	text	data/text/common_2.asm	102	0	text	It's a vicious	
data.text.common_2:103:0	text	data/text/common_2.asm	103	0	line	whirlpool!	
data.text.common_2:105:0	text	data/text/common_2.asm	105	0	para	A #MON may be	
data.text.common_2:106:0	text	data/text/common_2.asm	106	0	line	able to pass it.	
data.text.common_2:110:0	text	data/text/common_2.asm	110	0	text	A whirlpool is in	
data.text.common_2:111:0	text	data/text/common_2.asm	111	0	line	the way.	
data.text.common_2:113:0	text	data/text/common_2.asm	113	0	para	Want to use	
data.text.common_2:114:0	text	data/text/common_2.asm	114	0	line	WHIRLPOOL?	
data.text.common_2:119:0	text	data/text/common_2.asm	119	0	text	 did a	
data.text.common_2:120:0	text	data/text/common_2.asm	120	0	line	HEADBUTT!	
data.text.common_2:124:0	text	data/text/common_2.asm	124	0	text	Nope. Nothing…	
data.text.common_2:128:0	text	data/text/common_2.asm	128	0	text	A #MON could be	
data.text.common_2:129:0	text	data/text/common_2.asm	129	0	line	in this tree.	
data.text.common_2:131:0	text	data/text/common_2.asm	131	0	para	Want to HEADBUTT	
data.text.common_2:132:0	text	data/text/common_2.asm	132	0	line	it?	
data.text.common_2:137:0	text	data/text/common_2.asm	137	0	text	 used	
data.text.common_2:138:0	text	data/text/common_2.asm	138	0	line	ROCK SMASH!	
data.text.common_2:142:0	text	data/text/common_2.asm	142	0	text	A #MON may be	
data.text.common_2:143:0	text	data/text/common_2.asm	143	0	line	able to break it.	
data.text.common_2:147:0	text	data/text/common_2.asm	147	0	text	This rock looks	
data.text.common_2:148:0	text	data/text/common_2.asm	148	0	line	breakable.	
data.text.common_2:150:0	text	data/text/common_2.asm	150	0	para	Want to use ROCK	
data.text.common_2:151:0	text	data/text/common_2.asm	151	0	line	SMASH?	
data.text.common_2:155:0	text	data/text/common_2.asm	155	0	text	Oh!	
data.text.common_2:156:0	text	data/text/common_2.asm	156	0	line	A bite!	
data.text.common_2:160:0	text	data/text/common_2.asm	160	0	text	Not even a nibble!	
data.text.common_2:164:0	text	data/text/common_2.asm	164	0	text	Looks like there's	
data.text.common_2:165:0	text	data/text/common_2.asm	165	0	line	nothing here.	
data.text.common_2:169:0	text	data/text/common_2.asm	169	0	text	You can't get off	
data.text.common_2:170:0	text	data/text/common_2.asm	170	0	line	here!	
data.text.common_2:174:0	text	data/text/common_2.asm	174	0	text	<PLAYER> got on the	
data.text.common_2:175:0	text	data/text/common_2.asm	175	0	line	@	
data.text.common_2:177:0	text	data/text/common_2.asm	177	0	text	.	
data.text.common_2:181:0	text	data/text/common_2.asm	181	0	text	<PLAYER> got off	
data.text.common_2:182:0	text	data/text/common_2.asm	182	0	line	the @	
data.text.common_2:184:0	text	data/text/common_2.asm	184	0	text	.	
data.text.common_2:188:0	text	data/text/common_2.asm	188	0	text	This tree can be	
data.text.common_2:189:0	text	data/text/common_2.asm	189	0	line	CUT!	
data.text.common_2:191:0	text	data/text/common_2.asm	191	0	para	Want to use CUT?	
data.text.common_2:195:0	text	data/text/common_2.asm	195	0	text	This tree can be	
data.text.common_2:196:0	text	data/text/common_2.asm	196	0	line	CUT!	
data.text.common_2:200:0	text	data/text/common_2.asm	200	0	text	<PLAYER> found	
data.text.common_2:201:0	text	data/text/common_2.asm	201	0	line	@	
data.text.common_2:203:0	text	data/text/common_2.asm	203	0	text	!	
data.text.common_2:207:0	text	data/text/common_2.asm	207	0	text	But <PLAYER> can't	
data.text.common_2:208:0	text	data/text/common_2.asm	208	0	line	carry any more	
data.text.common_2:209:0	text	data/text/common_2.asm	209	0	cont	items!	
data.text.common_2:213:0	text	data/text/common_2.asm	213	0	text	<PLAYER> is out of	
data.text.common_2:214:0	text	data/text/common_2.asm	214	0	line	useable #MON!	
data.text.common_2:216:0	text	data/text/common_2.asm	216	0	para	<PLAYER> whited	
data.text.common_2:217:0	text	data/text/common_2.asm	217	0	line	out!	
data.text.common_2:221:0	text	data/text/common_2.asm	221	0	text	Yes! ITEMFINDER	
data.text.common_2:222:0	text	data/text/common_2.asm	222	0	line	indicates there's	
data.text.common_2:223:0	text	data/text/common_2.asm	223	0	cont	an item nearby.	
data.text.common_2:227:0	text	data/text/common_2.asm	227	0	text	Nope! ITEMFINDER	
data.text.common_2:228:0	text	data/text/common_2.asm	228	0	line	isn't responding.	
data.text.common_2:234:0	text	data/text/common_2.asm	234	0	line	fainted!	
data.text.common_2:238:0	text	data/text/common_2.asm	238	0	text	<PLAYER> is out of	
data.text.common_2:239:0	text	data/text/common_2.asm	239	0	line	useable #MON!	
data.text.common_2:241:0	text	data/text/common_2.asm	241	0	para	<PLAYER> whited	
data.text.common_2:242:0	text	data/text/common_2.asm	242	0	line	out!	
data.text.common_2:247:0	text	data/text/common_2.asm	247	0	text	 used	
data.text.common_2:248:0	text	data/text/common_2.asm	248	0	line	SWEET SCENT!	
data.text.common_2:252:0	text	data/text/common_2.asm	252	0	text	Looks like there's	
data.text.common_2:253:0	text	data/text/common_2.asm	253	0	line	nothing here…	
data.text.common_2:257:0	text	data/text/common_2.asm	257	0	text	<PLAYER> sprinkled	
data.text.common_2:258:0	text	data/text/common_2.asm	258	0	line	water.	
data.text.common_2:260:0	text	data/text/common_2.asm	260	0	para	But nothing	
data.text.common_2:261:0	text	data/text/common_2.asm	261	0	line	happened…	
data.text.common_2:265:0	text	data/text/common_2.asm	265	0	text	<PLAYER>'s #MON	
data.text.common_2:266:0	text	data/text/common_2.asm	266	0	line	were all healed!	
data.text.common_2:270:0	text	data/text/common_2.asm	270	0	text	An EGG can't hold	
data.text.common_2:271:0	text	data/text/common_2.asm	271	0	line	an item.	
data.text.common_2:275:0	text	data/text/common_2.asm	275	0	text	No items.	
data.text.common_2:279:0	text	data/text/common_2.asm	279	0	text	Throw away how	
data.text.common_2:280:0	text	data/text/common_2.asm	280	0	line	many?	
data.text.common_2:284:0	text	data/text/common_2.asm	284	0	text	Throw away @	
data.text.common_2:287:0	text	data/text/common_2.asm	287	0	line	@	
data.text.common_2:289:0	text	data/text/common_2.asm	289	0	text	(S)?	
data.text.common_2:293:0	text	data/text/common_2.asm	293	0	text	Threw away	
data.text.common_2:294:0	text	data/text/common_2.asm	294	0	line	@	
data.text.common_2:296:0	text	data/text/common_2.asm	296	0	text	(S).	
data.text.common_2:300:0	text	data/text/common_2.asm	300	0	text	OAK: <PLAYER>!	
data.text.common_2:301:0	text	data/text/common_2.asm	301	0	line	This isn't the	
data.text.common_2:302:0	text	data/text/common_2.asm	302	0	cont	time to use that!	
data.text.common_2:306:0	text	data/text/common_2.asm	306	0	text	You don't have a	
data.text.common_2:307:0	text	data/text/common_2.asm	307	0	line	#MON!	
data.text.common_2:311:0	text	data/text/common_2.asm	311	0	text	Registered the	
data.text.common_2:312:0	text	data/text/common_2.asm	312	0	line	@	
data.text.common_2:314:0	text	data/text/common_2.asm	314	0	text	.	
data.text.common_2:318:0	text	data/text/common_2.asm	318	0	text	You can't register	
data.text.common_2:319:0	text	data/text/common_2.asm	319	0	line	that item.	
data.text.common_2:323:0	text	data/text/common_2.asm	323	0	text	Where should this	
data.text.common_2:324:0	text	data/text/common_2.asm	324	0	line	be moved to?	
data.text.common_2:332:0	text	data/text/common_2.asm	332	0	text	You can't use it	
data.text.common_2:333:0	text	data/text/common_2.asm	333	0	line	in a battle.	
data.text.common_2:337:0	text	data/text/common_2.asm	337	0	text	<USER>@@	
data.text.common_2:341:0	text	data/text/common_2.asm	341	0	line	used @@	
data.text.common_2:345:0	text	data/text/common_2.asm	345	0	line	used @@	
data.text.common_2:348:0	text	data/text/common_2.asm	348	0	text	instead,	
data.text.common_2:349:0	text	data/text/common_2.asm	349	0	cont	@@	
data.text.common_2:353:0	text	data/text/common_2.asm	353	0	db	@@	
data.text.common_2:356:0	text	data/text/common_2.asm	356	0	text	!	
data.text.common_2:360:0	text	data/text/common_2.asm	360	0	text	!	
data.text.common_2:364:0	text	data/text/common_2.asm	364	0	text	!	
data.text.common_2:368:0	text	data/text/common_2.asm	368	0	text	!	
data.text.common_2:372:0	text	data/text/common_2.asm	372	0	text	!	
data.text.common_2:376:0	text	data/text/common_2.asm	376	0	text	<USER>'s	
data.text.common_2:377:0	text	data/text/common_2.asm	377	0	line	@	
data.text.common_2:385:0	text	data/text/common_2.asm	385	0	text	<SCROLL>went way up!	
data.text.common_2:389:0	text	data/text/common_2.asm	389	0	text	 went up!	
data.text.common_2:393:0	text	data/text/common_2.asm	393	0	text	<TARGET>'s	
data.text.common_2:394:0	text	data/text/common_2.asm	394	0	line	@	
data.text.common_2:402:0	text	data/text/common_2.asm	402	0	text	<SCROLL>sharply fell!	
data.text.common_2:406:0	text	data/text/common_2.asm	406	0	text	 fell!	
data.text.common_2:410:0	text	data/text/common_2.asm	410	0	text	<USER>@	
data.text.common_2:415:0	text	data/text/common_2.asm	415	0	line	made a whirlwind!	
data.text.common_2:420:0	text	data/text/common_2.asm	420	0	line	took in sunlight!	
data.text.common_2:425:0	text	data/text/common_2.asm	425	0	line	lowered its head!	
data.text.common_2:430:0	text	data/text/common_2.asm	430	0	line	is glowing!	
data.text.common_2:435:0	text	data/text/common_2.asm	435	0	line	flew up high!	
data.text.common_2:440:0	text	data/text/common_2.asm	440	0	line	dug a hole!	
data.text.common_2:444:0	text	data/text/common_2.asm	444	0	text	Huh?	
data.text.common_2:446:0	text	data/text/common_2.asm	446	0	para	@	
data.text.common_2:455:0	text	data/text/common_2.asm	455	0	text	 came	
data.text.common_2:456:0	text	data/text/common_2.asm	456	0	line	out of its EGG!@	
data.text.common_2:462:0	text	data/text/common_2.asm	462	0	text	Give a nickname to	
data.text.common_2:463:0	text	data/text/common_2.asm	463	0	line	@	
data.text.common_2:465:0	text	data/text/common_2.asm	465	0	text	?	
data.text.common_2:469:0	text	data/text/common_2.asm	469	0	text	It's @	
data.text.common_2:472:0	text	data/text/common_2.asm	472	0	line	that was left with	
data.text.common_2:473:0	text	data/text/common_2.asm	473	0	cont	the DAY-CARE LADY.	
data.text.common_2:477:0	text	data/text/common_2.asm	477	0	text	It's @	
data.text.common_2:480:0	text	data/text/common_2.asm	480	0	line	that was left with	
data.text.common_2:481:0	text	data/text/common_2.asm	481	0	cont	the DAY-CARE MAN.	
data.text.common_2:485:0	text	data/text/common_2.asm	485	0	text	It's brimming with	
data.text.common_2:486:0	text	data/text/common_2.asm	486	0	line	energy.	
data.text.common_2:490:0	text	data/text/common_2.asm	490	0	text	It has no interest	
data.text.common_2:491:0	text	data/text/common_2.asm	491	0	line	in @	
data.text.common_2:493:0	text	data/text/common_2.asm	493	0	text	.	
data.text.common_2:497:0	text	data/text/common_2.asm	497	0	text	It appears to care	
data.text.common_2:498:0	text	data/text/common_2.asm	498	0	line	for @	
data.text.common_2:500:0	text	data/text/common_2.asm	500	0	text	.	
data.text.common_2:504:0	text	data/text/common_2.asm	504	0	text	It's friendly with	
data.text.common_2:505:0	text	data/text/common_2.asm	505	0	line	@	
data.text.common_2:507:0	text	data/text/common_2.asm	507	0	text	.	
data.text.common_2:511:0	text	data/text/common_2.asm	511	0	text	It shows interest	
data.text.common_2:512:0	text	data/text/common_2.asm	512	0	line	in @	
data.text.common_2:514:0	text	data/text/common_2.asm	514	0	text	.	
data.text.common_2:518:0	text	data/text/common_2.asm	518	0	text	There's no MAIL	
data.text.common_2:519:0	text	data/text/common_2.asm	519	0	line	here.	
data.text.common_2:523:0	text	data/text/common_2.asm	523	0	text	The cleared MAIL	
data.text.common_2:524:0	text	data/text/common_2.asm	524	0	line	was put away.	
data.text.common_2:528:0	text	data/text/common_2.asm	528	0	text	The PACK is full.	
data.text.common_2:532:0	text	data/text/common_2.asm	532	0	text	The MAIL's message	
data.text.common_2:533:0	text	data/text/common_2.asm	533	0	line	will be lost. OK?	
data.text.common_2:537:0	text	data/text/common_2.asm	537	0	text	It's already hold-	
data.text.common_2:538:0	text	data/text/common_2.asm	538	0	line	ing an item.	
data.text.common_2:542:0	text	data/text/common_2.asm	542	0	text	An EGG can't hold	
data.text.common_2:543:0	text	data/text/common_2.asm	543	0	line	any MAIL.	
data.text.common_2:547:0	text	data/text/common_2.asm	547	0	text	The MAIL was moved	
data.text.common_2:548:0	text	data/text/common_2.asm	548	0	line	from the MAILBOX.	
data.text.common_2:553:0	text	data/text/common_2.asm	553	0	text	 was	
data.text.common_2:554:0	text	data/text/common_2.asm	554	0	line	sent to BILL's PC.	
data.text.common_2:558:0	text	data/text/common_2.asm	558	0	text	You gotta have	
data.text.common_2:559:0	text	data/text/common_2.asm	559	0	line	#MON to call!	
data.text.common_2:563:0	text	data/text/common_2.asm	563	0	text	What?	
data.text.common_2:567:0	text	data/text/common_2.asm	567	0	text	There is a #MON	
data.text.common_2:568:0	text	data/text/common_2.asm	568	0	line	holding MAIL.	
data.text.common_2:570:0	text	data/text/common_2.asm	570	0	para	Please remove the	
data.text.common_2:571:0	text	data/text/common_2.asm	571	0	line	MAIL.	
data.text.common_2:575:0	text	data/text/common_2.asm	575	0	text	You don't have a	
data.text.common_2:576:0	text	data/text/common_2.asm	576	0	line	single #MON!	
data.text.common_2:580:0	text	data/text/common_2.asm	580	0	text	You can't deposit	
data.text.common_2:581:0	text	data/text/common_2.asm	581	0	line	your last #MON!	
data.text.common_2:585:0	text	data/text/common_2.asm	585	0	text	You can't take any	
data.text.common_2:586:0	text	data/text/common_2.asm	586	0	line	more #MON.	
data.text.common_2:590:0	text	data/text/common_2.asm	590	0	text	Caught @	
data.text.common_2:592:0	text	data/text/common_2.asm	592	0	text	!	
data.text.common_2:596:0	text	data/text/common_2.asm	596	0	text	Switch #MON?	
data.text.common_2:600:0	text	data/text/common_2.asm	600	0	text	You already caught	
data.text.common_2:601:0	text	data/text/common_2.asm	601	0	line	a @	
data.text.common_2:603:0	text	data/text/common_2.asm	603	0	text	.	
data.text.common_2:607:0	text	data/text/common_2.asm	607	0	text	This Bug-Catching	
data.text.common_2:608:0	text	data/text/common_2.asm	608	0	line	Contest winner is@	
data.text.common_2:610:0	text	data/text/common_2.asm	610	0	text	…	
data.text.common_2:612:0	text	data/text/common_2.asm	612	0	para	@	
data.text.common_2:614:0	text	data/text/common_2.asm	614	0	text	,	
data.text.common_2:615:0	text	data/text/common_2.asm	615	0	line	who caught a	
data.text.common_2:616:0	text	data/text/common_2.asm	616	0	cont	@	
data.text.common_2:618:0	text	data/text/common_2.asm	618	0	text	!@	
data.text.common_2:624:0	text	data/text/common_2.asm	624	0	para	The winning score	
data.text.common_2:625:0	text	data/text/common_2.asm	625	0	line	was @	
data.text.common_2:627:0	text	data/text/common_2.asm	627	0	text	 points!	
data.text.common_2:631:0	text	data/text/common_2.asm	631	0	text	Placing second was	
data.text.common_2:632:0	text	data/text/common_2.asm	632	0	line	@	
data.text.common_2:634:0	text	data/text/common_2.asm	634	0	text	,	
data.text.common_2:636:0	text	data/text/common_2.asm	636	0	para	who caught a	
data.text.common_2:637:0	text	data/text/common_2.asm	637	0	line	@	
data.text.common_2:639:0	text	data/text/common_2.asm	639	0	text	!@	
data.text.common_2:645:0	text	data/text/common_2.asm	645	0	para	The score was	
data.text.common_2:646:0	text	data/text/common_2.asm	646	0	line	@	
data.text.common_2:648:0	text	data/text/common_2.asm	648	0	text	 points!	
data.text.common_2:652:0	text	data/text/common_2.asm	652	0	text	Placing third was	
data.text.common_2:653:0	text	data/text/common_2.asm	653	0	line	@	
data.text.common_2:655:0	text	data/text/common_2.asm	655	0	text	,	
data.text.common_2:657:0	text	data/text/common_2.asm	657	0	para	who caught a	
data.text.common_2:658:0	text	data/text/common_2.asm	658	0	line	@	
data.text.common_2:660:0	text	data/text/common_2.asm	660	0	text	!@	
data.text.common_2:666:0	text	data/text/common_2.asm	666	0	para	The score was	
data.text.common_2:667:0	text	data/text/common_2.asm	667	0	line	@	
data.text.common_2:669:0	text	data/text/common_2.asm	669	0	text	 points!	
data.text.common_2:673:0	text	data/text/common_2.asm	673	0	text	Let me measure	
data.text.common_2:674:0	text	data/text/common_2.asm	674	0	line	that MAGIKARP.	
data.text.common_2:676:0	text	data/text/common_2.asm	676	0	para	…Hm, it measures	
data.text.common_2:677:0	text	data/text/common_2.asm	677	0	line	@	
data.text.common_2:679:0	text	data/text/common_2.asm	679	0	text	.	
data.text.common_2:683:0	text	data/text/common_2.asm	683	0	text	CURRENT RECORD	
data.text.common_2:685:0	text	data/text/common_2.asm	685	0	para	@	
data.text.common_2:687:0	text	data/text/common_2.asm	687	0	text	 caught by	
data.text.common_2:688:0	text	data/text/common_2.asm	688	0	line	@	
data.text.common_2:694:0	text	data/text/common_2.asm	694	0	text	Congratulations!	
data.text.common_2:696:0	text	data/text/common_2.asm	696	0	para	We have a match	
data.text.common_2:697:0	text	data/text/common_2.asm	697	0	line	with the ID number	
data.text.common_2:699:0	text	data/text/common_2.asm	699	0	para	of @	
data.text.common_2:701:0	text	data/text/common_2.asm	701	0	text	 in	
data.text.common_2:702:0	text	data/text/common_2.asm	702	0	line	your party.	
data.text.common_2:706:0	text	data/text/common_2.asm	706	0	text	Congratulations!	
data.text.common_2:708:0	text	data/text/common_2.asm	708	0	para	We have a match	
data.text.common_2:709:0	text	data/text/common_2.asm	709	0	line	with the ID number	
data.text.common_2:711:0	text	data/text/common_2.asm	711	0	para	of @	
data.text.common_2:713:0	text	data/text/common_2.asm	713	0	text	 in	
data.text.common_2:714:0	text	data/text/common_2.asm	714	0	line	your PC BOX.	
data.text.common_2:718:0	text	data/text/common_2.asm	718	0	text	Give a nickname to	
data.text.common_2:719:0	text	data/text/common_2.asm	719	0	line	the @	
data.text.common_2:721:0	text	data/text/common_2.asm	721	0	text	 you	
data.text.common_2:722:0	text	data/text/common_2.asm	722	0	cont	received?	
data.text.common_2:726:0	text	data/text/common_2.asm	726	0	text	Bzzzzt! You must	
data.text.common_2:727:0	text	data/text/common_2.asm	727	0	line	have a #MON to	
data.text.common_2:728:0	text	data/text/common_2.asm	728	0	cont	use this!	
data.text.common_2:732:0	text	data/text/common_2.asm	732	0	text	<PLAYER> turned on	
data.text.common_2:733:0	text	data/text/common_2.asm	733	0	line	the PC.	
data.text.common_2:737:0	text	data/text/common_2.asm	737	0	text	What do you want	
data.text.common_2:738:0	text	data/text/common_2.asm	738	0	line	to do?	
data.text.common_2:742:0	text	data/text/common_2.asm	742	0	text	How many do you	
data.text.common_2:743:0	text	data/text/common_2.asm	743	0	line	want to withdraw?	
data.text.common_2:747:0	text	data/text/common_2.asm	747	0	text	Withdrew @	
data.text.common_2:750:0	text	data/text/common_2.asm	750	0	line	@	
data.text.common_2:752:0	text	data/text/common_2.asm	752	0	text	(S).	
data.text.common_2:756:0	text	data/text/common_2.asm	756	0	text	There's no room	
data.text.common_2:757:0	text	data/text/common_2.asm	757	0	line	for more items.	
data.text.common_2:761:0	text	data/text/common_2.asm	761	0	text	No items here!	
data.text.common_2:765:0	text	data/text/common_2.asm	765	0	text	How many do you	
data.text.common_2:766:0	text	data/text/common_2.asm	766	0	line	want to deposit?	
data.text.common_2:770:0	text	data/text/common_2.asm	770	0	text	Deposited @	
data.text.common_2:773:0	text	data/text/common_2.asm	773	0	line	@	
data.text.common_2:775:0	text	data/text/common_2.asm	775	0	text	(S).	
data.text.common_2:779:0	text	data/text/common_2.asm	779	0	text	There's no room to	
data.text.common_2:780:0	text	data/text/common_2.asm	780	0	line	store items.	
data.text.common_2:784:0	text	data/text/common_2.asm	784	0	text	<PLAYER> turned on	
data.text.common_2:785:0	text	data/text/common_2.asm	785	0	line	the PC.	
data.text.common_2:789:0	text	data/text/common_2.asm	789	0	text	Access whose PC?	
data.text.common_2:793:0	text	data/text/common_2.asm	793	0	text	BILL's PC	
data.text.common_2:794:0	text	data/text/common_2.asm	794	0	line	accessed.	
data.text.common_2:796:0	text	data/text/common_2.asm	796	0	para	#MON Storage	
data.text.common_2:797:0	text	data/text/common_2.asm	797	0	line	System opened.	
data.text.common_2:801:0	text	data/text/common_2.asm	801	0	text	Accessed own PC.	
data.text.common_2:803:0	text	data/text/common_2.asm	803	0	para	Item Storage	
data.text.common_2:804:0	text	data/text/common_2.asm	804	0	line	System opened.	
data.text.common_2:808:0	text	data/text/common_2.asm	808	0	text	PROF.OAK's PC	
data.text.common_2:809:0	text	data/text/common_2.asm	809	0	line	accessed.	
data.text.common_2:811:0	text	data/text/common_2.asm	811	0	para	#DEX Rating	
data.text.common_2:812:0	text	data/text/common_2.asm	812	0	line	System opened.	
data.text.common_2:816:0	text	data/text/common_2.asm	816	0	text	…	
data.text.common_2:817:0	text	data/text/common_2.asm	817	0	line	Link closed…	
data.text.common_2:821:0	text	data/text/common_2.asm	821	0	text	Want to get your	
data.text.common_2:822:0	text	data/text/common_2.asm	822	0	line	#DEX rated?	
data.text.common_2:826:0	text	data/text/common_2.asm	826	0	text	Current #DEX	
data.text.common_2:827:0	text	data/text/common_2.asm	827	0	line	completion level:	
data.text.common_2:832:0	text	data/text/common_2.asm	832	0	text	 #MON seen	
data.text.common_2:833:0	text	data/text/common_2.asm	833	0	line	@	
data.text.common_2:835:0	text	data/text/common_2.asm	835	0	text	 #MON owned	
data.text.common_2:837:0	text	data/text/common_2.asm	837	0	para	PROF.OAK's	
data.text.common_2:838:0	text	data/text/common_2.asm	838	0	line	Rating:	
data.text.common_2:842:0	text	data/text/common_2.asm	842	0	text	Look for #MON	
data.text.common_2:843:0	text	data/text/common_2.asm	843	0	line	in grassy areas!	
data.text.common_2:847:0	text	data/text/common_2.asm	847	0	text	Good. I see you	
data.text.common_2:848:0	text	data/text/common_2.asm	848	0	line	understand how to	
data.text.common_2:849:0	text	data/text/common_2.asm	849	0	cont	use # BALLS.	
data.text.common_2:853:0	text	data/text/common_2.asm	853	0	text	You're getting	
data.text.common_2:854:0	text	data/text/common_2.asm	854	0	line	good at this.	
data.text.common_2:856:0	text	data/text/common_2.asm	856	0	para	But you have a	
data.text.common_2:857:0	text	data/text/common_2.asm	857	0	line	long way to go.	
data.text.common_2:861:0	text	data/text/common_2.asm	861	0	text	You need to fill	
data.text.common_2:862:0	text	data/text/common_2.asm	862	0	line	up the #DEX.	
data.text.common_2:864:0	text	data/text/common_2.asm	864	0	para	Catch different	
data.text.common_2:865:0	text	data/text/common_2.asm	865	0	line	kinds of #MON!	
data.text.common_2:869:0	text	data/text/common_2.asm	869	0	text	You're trying--I	
data.text.common_2:870:0	text	data/text/common_2.asm	870	0	line	can see that.	
data.text.common_2:872:0	text	data/text/common_2.asm	872	0	para	Your #DEX is	
data.text.common_2:873:0	text	data/text/common_2.asm	873	0	line	coming together.	
data.text.common_2:877:0	text	data/text/common_2.asm	877	0	text	To evolve, some	
data.text.common_2:878:0	text	data/text/common_2.asm	878	0	line	#MON grow,	
data.text.common_2:880:0	text	data/text/common_2.asm	880	0	para	others use the	
data.text.common_2:881:0	text	data/text/common_2.asm	881	0	line	effects of STONES.	
data.text.common_2:885:0	text	data/text/common_2.asm	885	0	text	Have you gotten a	
data.text.common_2:886:0	text	data/text/common_2.asm	886	0	line	fishing ROD? You	
data.text.common_2:888:0	text	data/text/common_2.asm	888	0	para	can catch #MON	
data.text.common_2:889:0	text	data/text/common_2.asm	889	0	line	by fishing.	
data.text.common_2:893:0	text	data/text/common_2.asm	893	0	text	Excellent! You	
data.text.common_2:894:0	text	data/text/common_2.asm	894	0	line	seem to like col-	
data.text.common_2:895:0	text	data/text/common_2.asm	895	0	cont	lecting things!	
data.text.common_2:899:0	text	data/text/common_2.asm	899	0	text	Some #MON only	
data.text.common_2:900:0	text	data/text/common_2.asm	900	0	line	appear during	
data.text.common_2:902:0	text	data/text/common_2.asm	902	0	para	certain times of	
data.text.common_2:903:0	text	data/text/common_2.asm	903	0	line	the day.	
data.text.common_2:907:0	text	data/text/common_2.asm	907	0	text	Your #DEX is	
data.text.common_2:908:0	text	data/text/common_2.asm	908	0	line	filling up. Keep	
data.text.common_2:909:0	text	data/text/common_2.asm	909	0	cont	up the good work!	
data.text.common_2:913:0	text	data/text/common_2.asm	913	0	text	I'm impressed.	
data.text.common_2:914:0	text	data/text/common_2.asm	914	0	line	You're evolving	
data.text.common_2:916:0	text	data/text/common_2.asm	916	0	para	#MON, not just	
data.text.common_2:917:0	text	data/text/common_2.asm	917	0	line	catching them.	
data.text.common_2:921:0	text	data/text/common_2.asm	921	0	text	Have you met KURT?	
data.text.common_2:922:0	text	data/text/common_2.asm	922	0	line	His custom #	
data.text.common_2:923:0	text	data/text/common_2.asm	923	0	cont	BALLS should help.	
data.text.common_2:927:0	text	data/text/common_2.asm	927	0	text	Wow. You've found	
data.text.common_2:928:0	text	data/text/common_2.asm	928	0	line	more #MON than	
data.text.common_2:930:0	text	data/text/common_2.asm	930	0	para	the last #DEX	
data.text.common_2:931:0	text	data/text/common_2.asm	931	0	line	research project.	
data.text.common_2:935:0	text	data/text/common_2.asm	935	0	text	Are you trading	
data.text.common_2:936:0	text	data/text/common_2.asm	936	0	line	your #MON?	
data.text.common_2:938:0	text	data/text/common_2.asm	938	0	para	It's tough to do	
data.text.common_2:939:0	text	data/text/common_2.asm	939	0	line	this alone!	
data.text.common_2:943:0	text	data/text/common_2.asm	943	0	text	Wow! You've hit	
data.text.common_2:944:0	text	data/text/common_2.asm	944	0	line	200! Your #DEX	
data.text.common_2:945:0	text	data/text/common_2.asm	945	0	cont	is looking great!	
data.text.common_2:949:0	text	data/text/common_2.asm	949	0	text	You've found so	
data.text.common_2:950:0	text	data/text/common_2.asm	950	0	line	many #MON!	
data.text.common_2:952:0	text	data/text/common_2.asm	952	0	para	You've really	
data.text.common_2:953:0	text	data/text/common_2.asm	953	0	line	helped my studies!	
data.text.common_2:957:0	text	data/text/common_2.asm	957	0	text	Magnificent! You	
data.text.common_2:958:0	text	data/text/common_2.asm	958	0	line	could become a	
data.text.common_2:960:0	text	data/text/common_2.asm	960	0	para	#MON professor	
data.text.common_2:961:0	text	data/text/common_2.asm	961	0	line	right now!	
data.text.common_2:965:0	text	data/text/common_2.asm	965	0	text	Your #DEX is	
data.text.common_2:966:0	text	data/text/common_2.asm	966	0	line	amazing! You're	
data.text.common_2:968:0	text	data/text/common_2.asm	968	0	para	ready to turn	
data.text.common_2:969:0	text	data/text/common_2.asm	969	0	line	professional!	
data.text.common_2:973:0	text	data/text/common_2.asm	973	0	text	Whoa! A perfect	
data.text.common_2:974:0	text	data/text/common_2.asm	974	0	line	#DEX! I've	
data.text.common_2:976:0	text	data/text/common_2.asm	976	0	para	dreamt about this!	
data.text.common_2:977:0	text	data/text/common_2.asm	977	0	line	Congratulations!	
data.text.common_2:981:0	text	data/text/common_2.asm	981	0	text	The link to PROF.	
data.text.common_2:982:0	text	data/text/common_2.asm	982	0	line	OAK's PC closed.	
data.text.common_2:986:0	text	data/text/common_2.asm	986	0	text	 , yeah!	
data.text.common_2:990:0	text	data/text/common_2.asm	990	0	text	Darn…	
data.text.common_2:994:0	text	data/text/common_2.asm	994	0	text	Would you like to	
data.text.common_2:995:0	text	data/text/common_2.asm	995	0	line	end the Contest?	
data.text.common_2:999:0	text	data/text/common_2.asm	999	0	text	Toss out how many	
data.text.common_2:1000:0	text	data/text/common_2.asm	1000	0	line	@	
data.text.common_2:1002:0	text	data/text/common_2.asm	1002	0	text	(S)?	
data.text.common_2:1006:0	text	data/text/common_2.asm	1006	0	text	Throw away @	
data.text.common_2:1009:0	text	data/text/common_2.asm	1009	0	line	@	
data.text.common_2:1011:0	text	data/text/common_2.asm	1011	0	text	(S)?	
data.text.common_2:1015:0	text	data/text/common_2.asm	1015	0	text	Discarded	
data.text.common_2:1016:0	text	data/text/common_2.asm	1016	0	line	@	
data.text.common_2:1018:0	text	data/text/common_2.asm	1018	0	text	(S).	
data.text.common_2:1022:0	text	data/text/common_2.asm	1022	0	text	That's too impor-	
data.text.common_2:1023:0	text	data/text/common_2.asm	1023	0	line	tant to toss out!	
data.text.common_2:1027:0	text	data/text/common_2.asm	1027	0	text	OAK: <PLAYER>!	
data.text.common_2:1028:0	text	data/text/common_2.asm	1028	0	line	This isn't the	
data.text.common_2:1029:0	text	data/text/common_2.asm	1029	0	cont	time to use that!	
data.text.common_2:1033:0	text	data/text/common_2.asm	1033	0	text	Took @	
data.text.common_2:1035:0	text	data/text/common_2.asm	1035	0	text	's	
data.text.common_2:1036:0	text	data/text/common_2.asm	1036	0	line	@	
data.text.common_2:1038:0	text	data/text/common_2.asm	1038	0	text	 and	
data.text.common_2:1040:0	text	data/text/common_2.asm	1040	0	para	made it hold	
data.text.common_2:1041:0	text	data/text/common_2.asm	1041	0	line	@	
data.text.common_2:1043:0	text	data/text/common_2.asm	1043	0	text	.	
data.text.common_2:1047:0	text	data/text/common_2.asm	1047	0	text	Made @	
data.text.common_2:1050:0	text	data/text/common_2.asm	1050	0	line	hold @	
data.text.common_2:1052:0	text	data/text/common_2.asm	1052	0	text	.	
data.text.common_2:1056:0	text	data/text/common_2.asm	1056	0	text	Please remove the	
data.text.common_2:1057:0	text	data/text/common_2.asm	1057	0	line	MAIL first.	
data.text.common_2:1062:0	text	data/text/common_2.asm	1062	0	text	 isn't	
data.text.common_2:1063:0	text	data/text/common_2.asm	1063	0	line	holding anything.	
data.text.common_2:1067:0	text	data/text/common_2.asm	1067	0	text	Item storage space	
data.text.common_2:1068:0	text	data/text/common_2.asm	1068	0	line	full.	
data.text.common_2:1072:0	text	data/text/common_2.asm	1072	0	text	Took @	
data.text.common_2:1075:0	text	data/text/common_2.asm	1075	0	line	from @	
data.text.common_2:1077:0	text	data/text/common_2.asm	1077	0	text	.	
data.text.common_2:1082:0	text	data/text/common_2.asm	1082	0	text	 is	
data.text.common_2:1083:0	text	data/text/common_2.asm	1083	0	line	already holding	
data.text.common_2:1085:0	text	data/text/common_2.asm	1085	0	para	@	
data.text.common_2:1087:0	text	data/text/common_2.asm	1087	0	text	.	
data.text.common_2:1088:0	text	data/text/common_2.asm	1088	0	line	Switch items?	
data.text.common_2:1092:0	text	data/text/common_2.asm	1092	0	text	This item can't be	
data.text.common_2:1093:0	text	data/text/common_2.asm	1093	0	line	held.	
data.text.common_2:1097:0	text	data/text/common_2.asm	1097	0	text	The MAIL will lose	
data.text.common_2:1098:0	text	data/text/common_2.asm	1098	0	line	its message. OK?	
data.text.common_2:1102:0	text	data/text/common_2.asm	1102	0	text	MAIL detached from	
data.text.common_2:1103:0	text	data/text/common_2.asm	1103	0	line	@	
data.text.common_2:1105:0	text	data/text/common_2.asm	1105	0	text	.	
data.text.common_2:1109:0	text	data/text/common_2.asm	1109	0	text	There's no space	
data.text.common_2:1110:0	text	data/text/common_2.asm	1110	0	line	for removing MAIL.	
data.text.common_2:1114:0	text	data/text/common_2.asm	1114	0	text	Send the removed	
data.text.common_2:1115:0	text	data/text/common_2.asm	1115	0	line	MAIL to your PC?	
data.text.common_2:1119:0	text	data/text/common_2.asm	1119	0	text	Your PC's MAILBOX	
data.text.common_2:1120:0	text	data/text/common_2.asm	1120	0	line	is full.	
data.text.common_2:1124:0	text	data/text/common_2.asm	1124	0	text	The MAIL was sent	
data.text.common_2:1125:0	text	data/text/common_2.asm	1125	0	line	to your PC.	
data.text.common_2:1129:0	text	data/text/common_2.asm	1129	0	text	Not enough HP!	
data.text.common_2:1133:0	text	data/text/common_2.asm	1133	0	text	An item in your	
data.text.common_2:1134:0	text	data/text/common_2.asm	1134	0	line	PACK may be	
data.text.common_2:1136:0	text	data/text/common_2.asm	1136	0	para	registered for use	
data.text.common_2:1137:0	text	data/text/common_2.asm	1137	0	line	on SELECT Button.	
data.text.common_2:1141:0	text	data/text/common_2.asm	1141	0	text	Clock time unknown	
data.text.common_2:1145:0	text	data/text/common_2.asm	1145	0	text	Hello! Sorry to	
data.text.common_2:1146:0	text	data/text/common_2.asm	1146	0	line	keep you waiting!	
data.text.common_2:1148:0	text	data/text/common_2.asm	1148	0	para	Welcome to the	
data.text.common_2:1149:0	text	data/text/common_2.asm	1149	0	line	world of #MON!	
data.text.common_2:1151:0	text	data/text/common_2.asm	1151	0	para	My name is OAK.	
data.text.common_2:1153:0	text	data/text/common_2.asm	1153	0	para	People call me the	
data.text.common_2:1154:0	text	data/text/common_2.asm	1154	0	line	#MON PROF.	
data.text.common_2:1158:0	text	data/text/common_2.asm	1158	0	text	This world is in-	
data.text.common_2:1159:0	text	data/text/common_2.asm	1159	0	line	habited by crea-	
data.text.common_2:1160:0	text	data/text/common_2.asm	1160	0	cont	tures that we call	
data.text.common_2:1161:0	text	data/text/common_2.asm	1161	0	cont	#MON.@	
data.text.common_2:1169:0	text	data/text/common_2.asm	1169	0	text	People and #MON	
data.text.common_2:1170:0	text	data/text/common_2.asm	1170	0	line	live together by	
data.text.common_2:1172:0	text	data/text/common_2.asm	1172	0	para	supporting each	
data.text.common_2:1173:0	text	data/text/common_2.asm	1173	0	line	other.	
data.text.common_2:1175:0	text	data/text/common_2.asm	1175	0	para	Some people play	
data.text.common_2:1176:0	text	data/text/common_2.asm	1176	0	line	with #MON, some	
data.text.common_2:1177:0	text	data/text/common_2.asm	1177	0	cont	battle with them.	
data.text.common_2:1181:0	text	data/text/common_2.asm	1181	0	text	But we don't know	
data.text.common_2:1182:0	text	data/text/common_2.asm	1182	0	line	everything about	
data.text.common_2:1183:0	text	data/text/common_2.asm	1183	0	cont	#MON yet.	
data.text.common_2:1185:0	text	data/text/common_2.asm	1185	0	para	There are still	
data.text.common_2:1186:0	text	data/text/common_2.asm	1186	0	line	many mysteries to	
data.text.common_2:1187:0	text	data/text/common_2.asm	1187	0	cont	solve.	
data.text.common_2:1189:0	text	data/text/common_2.asm	1189	0	para	That's why I study	
data.text.common_2:1190:0	text	data/text/common_2.asm	1190	0	line	#MON every day.	
data.text.common_2:1194:0	text	data/text/common_2.asm	1194	0	text	Now, what did you	
data.text.common_2:1195:0	text	data/text/common_2.asm	1195	0	line	say your name was?	
data.text.common_2:1199:0	text	data/text/common_2.asm	1199	0	text	<PLAYER>, are you	
data.text.common_2:1200:0	text	data/text/common_2.asm	1200	0	line	ready?	
data.text.common_2:1202:0	text	data/text/common_2.asm	1202	0	para	Your very own	
data.text.common_2:1203:0	text	data/text/common_2.asm	1203	0	line	#MON story is	
data.text.common_2:1204:0	text	data/text/common_2.asm	1204	0	cont	about to unfold.	
data.text.common_2:1206:0	text	data/text/common_2.asm	1206	0	para	You'll face fun	
data.text.common_2:1207:0	text	data/text/common_2.asm	1207	0	line	times and tough	
data.text.common_2:1208:0	text	data/text/common_2.asm	1208	0	cont	challenges.	
data.text.common_2:1210:0	text	data/text/common_2.asm	1210	0	para	A world of dreams	
data.text.common_2:1211:0	text	data/text/common_2.asm	1211	0	line	and adventures	
data.text.common_2:1213:0	text	data/text/common_2.asm	1213	0	para	with #MON	
data.text.common_2:1214:0	text	data/text/common_2.asm	1214	0	line	awaits! Let's go!	
data.text.common_2:1216:0	text	data/text/common_2.asm	1216	0	para	I'll be seeing you	
data.text.common_2:1217:0	text	data/text/common_2.asm	1217	0	line	later!	
data.text.common_2:1221:0	text	data/text/common_2.asm	1221	0	text	The clock's time	
data.text.common_2:1222:0	text	data/text/common_2.asm	1222	0	line	may be wrong.	
data.text.common_2:1224:0	text	data/text/common_2.asm	1224	0	para	Please reset the	
data.text.common_2:1225:0	text	data/text/common_2.asm	1225	0	line	time.	
data.text.common_2:1229:0	text	data/text/common_2.asm	1229	0	text	Set with the	
data.text.common_2:1230:0	text	data/text/common_2.asm	1230	0	line	Control Pad.	
data.text.common_2:1232:0	text	data/text/common_2.asm	1232	0	para	Confirm: A Button	
data.text.common_2:1233:0	text	data/text/common_2.asm	1233	0	line	Cancel:  B Button	
data.text.common_2:1237:0	text	data/text/common_2.asm	1237	0	text	Is this OK?	
data.text.common_2:1241:0	text	data/text/common_2.asm	1241	0	text	The clock has been	
data.text.common_2:1242:0	text	data/text/common_2.asm	1242	0	line	reset.	
data.text.common_2:1246:0	text	data/text/common_2.asm	1246	0	text	Too much time has	
data.text.common_2:1247:0	text	data/text/common_2.asm	1247	0	line	elapsed. Please	
data.text.common_2:1248:0	text	data/text/common_2.asm	1248	0	cont	try again.	
data.text.common_2:1252:0	text	data/text/common_2.asm	1252	0	text	If you trade that	
data.text.common_2:1253:0	text	data/text/common_2.asm	1253	0	line	#MON, you won't	
data.text.common_2:1254:0	text	data/text/common_2.asm	1254	0	cont	be able to battle.	
data.text.common_2:1258:0	text	data/text/common_2.asm	1258	0	text	Your friend's	
data.text.common_2:1259:0	text	data/text/common_2.asm	1259	0	line	@	
data.text.common_2:1261:0	text	data/text/common_2.asm	1261	0	text	 appears	
data.text.common_2:1262:0	text	data/text/common_2.asm	1262	0	cont	to be abnormal!	
data.text.common_2:1266:0	text	data/text/common_2.asm	1266	0	text	Trade @	
data.text.common_2:1269:0	text	data/text/common_2.asm	1269	0	line	for @	
data.text.common_2:1271:0	text	data/text/common_2.asm	1271	0	text	?	
data.text.common_2:1275:0	text	data/text/common_2.asm	1275	0	text	Would you like to	
data.text.common_2:1276:0	text	data/text/common_2.asm	1276	0	line	save the game?	
data.text.common_2:1280:0	text	data/text/common_2.asm	1280	0	text	SAVING… DON'T TURN	
data.text.common_2:1281:0	text	data/text/common_2.asm	1281	0	line	OFF THE POWER.	
data.text.common_2:1285:0	text	data/text/common_2.asm	1285	0	text	<PLAYER> saved	
data.text.common_2:1286:0	text	data/text/common_2.asm	1286	0	line	the game.	
data.text.common_2:1290:0	text	data/text/common_2.asm	1290	0	text	There is already a	
data.text.common_2:1291:0	text	data/text/common_2.asm	1291	0	line	save file. Is it	
data.text.common_2:1292:0	text	data/text/common_2.asm	1292	0	cont	OK to overwrite?	
data.text.common_2:1296:0	text	data/text/common_2.asm	1296	0	text	There is another	
data.text.common_2:1297:0	text	data/text/common_2.asm	1297	0	line	save file. Is it	
data.text.common_2:1298:0	text	data/text/common_2.asm	1298	0	cont	OK to overwrite?	
data.text.common_2:1302:0	text	data/text/common_2.asm	1302	0	text	The save file is	
data.text.common_2:1303:0	text	data/text/common_2.asm	1303	0	line	corrupted!	
data.text.common_2:1307:0	text	data/text/common_2.asm	1307	0	text	When you change a	
data.text.common_2:1308:0	text	data/text/common_2.asm	1308	0	line	#MON BOX, data	
data.text.common_2:1309:0	text	data/text/common_2.asm	1309	0	cont	will be saved. OK?	
data.text.common_2:1313:0	text	data/text/common_2.asm	1313	0	text	Each time you move	
data.text.common_2:1314:0	text	data/text/common_2.asm	1314	0	line	a #MON, data	
data.text.common_2:1315:0	text	data/text/common_2.asm	1315	0	cont	will be saved. OK?	
data.text.common_2:1319:0	text	data/text/common_2.asm	1319	0	text	The window save	
data.text.common_2:1320:0	text	data/text/common_2.asm	1320	0	line	area was exceeded.	
data.text.common_2:1324:0	text	data/text/common_2.asm	1324	0	text	No windows avail-	
data.text.common_2:1325:0	text	data/text/common_2.asm	1325	0	line	able for popping.	
data.text.common_2:1329:0	text	data/text/common_2.asm	1329	0	text	Corrupted event!	
data.text.common_2:1333:0	text	data/text/common_2.asm	1333	0	text	Object event.	
data.text.common_2:1337:0	text	data/text/common_2.asm	1337	0	text	BG event	
data.text.common_2:1341:0	text	data/text/common_2.asm	1341	0	text	Coordinates event	
data.text.common_2:1345:0	text	data/text/common_2.asm	1345	0	text	<PLAYER> received	
data.text.common_2:1346:0	text	data/text/common_2.asm	1346	0	line	@	
data.text.common_2:1348:0	text	data/text/common_2.asm	1348	0	text	.	
data.text.common_2:1352:0	text	data/text/common_2.asm	1352	0	text	<PLAYER> put the	
data.text.common_2:1353:0	text	data/text/common_2.asm	1353	0	line	@	
data.text.common_2:1355:0	text	data/text/common_2.asm	1355	0	text	 in	
data.text.common_2:1356:0	text	data/text/common_2.asm	1356	0	cont	the @	
data.text.common_2:1358:0	text	data/text/common_2.asm	1358	0	text	.	
data.text.common_2:1362:0	text	data/text/common_2.asm	1362	0	text	The @	
data.text.common_2:1365:0	text	data/text/common_2.asm	1365	0	line	is full…	
data.text.common_2:1369:0	text	data/text/common_2.asm	1369	0	text	Congratulations!	
data.text.common_2:1370:0	text	data/text/common_2.asm	1370	0	line	Your @	
data.text.common_2:1379:0	text	data/text/common_2.asm	1379	0	para	evolved into	
data.text.common_2:1380:0	text	data/text/common_2.asm	1380	0	line	@	
data.text.common_2:1382:0	text	data/text/common_2.asm	1382	0	text	!	
data.text.common_2:1386:0	text	data/text/common_2.asm	1386	0	text	Huh? @	
data.text.common_2:1389:0	text	data/text/common_2.asm	1389	0	line	stopped evolving!	
data.text.common_2:1393:0	text	data/text/common_2.asm	1393	0	text	What? @	
data.text.common_2:1396:0	text	data/text/common_2.asm	1396	0	line	is evolving!	
data.text.common_2:1400:0	text	data/text/common_2.asm	1400	0	text	How many?	
data.text.common_2:1405:0	text	data/text/common_2.asm	1405	0	text	 @	
data.text.common_2:1407:0	text	data/text/common_2.asm	1407	0	text	(S)	
data.text.common_2:1408:0	text	data/text/common_2.asm	1408	0	line	will be ¥@	
data.text.common_2:1410:0	text	data/text/common_2.asm	1410	0	text	.	
data.text.common_2:1414:0	text	data/text/common_2.asm	1414	0	text	Hello, dear.	
data.text.common_2:1416:0	text	data/text/common_2.asm	1416	0	para	I sell inexpensive	
data.text.common_2:1417:0	text	data/text/common_2.asm	1417	0	line	herbal medicine.	
data.text.common_2:1419:0	text	data/text/common_2.asm	1419	0	para	They're good, but	
data.text.common_2:1420:0	text	data/text/common_2.asm	1420	0	line	a trifle bitter.	
data.text.common_2:1422:0	text	data/text/common_2.asm	1422	0	para	Your #MON may	
data.text.common_2:1423:0	text	data/text/common_2.asm	1423	0	line	not like them.	
data.text.common_2:1425:0	text	data/text/common_2.asm	1425	0	para	Hehehehe…	
data.text.common_2:1429:0	text	data/text/common_2.asm	1429	0	text	How many?	
data.text.common_2:1434:0	text	data/text/common_2.asm	1434	0	text	 @	
data.text.common_2:1436:0	text	data/text/common_2.asm	1436	0	text	(S)	
data.text.common_2:1437:0	text	data/text/common_2.asm	1437	0	line	will be ¥@	
data.text.common_2:1439:0	text	data/text/common_2.asm	1439	0	text	.	
data.text.common_2:1443:0	text	data/text/common_2.asm	1443	0	text	Thank you, dear.	
data.text.common_2:1444:0	text	data/text/common_2.asm	1444	0	line	Hehehehe…	
data.text.common_2:1448:0	text	data/text/common_2.asm	1448	0	text	Oh? Your PACK is	
data.text.common_2:1449:0	text	data/text/common_2.asm	1449	0	line	full, dear.	
data.text.common_2:1453:0	text	data/text/common_2.asm	1453	0	text	Hehehe… You don't	
data.text.common_2:1454:0	text	data/text/common_2.asm	1454	0	line	have the money.	
data.text.common_2:1458:0	text	data/text/common_2.asm	1458	0	text	Come again, dear.	
data.text.common_2:1459:0	text	data/text/common_2.asm	1459	0	line	Hehehehe…	
data.text.common_2:1463:0	text	data/text/common_2.asm	1463	0	text	Hiya! Care to see	
data.text.common_2:1464:0	text	data/text/common_2.asm	1464	0	line	some bargains?	
data.text.common_2:1466:0	text	data/text/common_2.asm	1466	0	para	I sell rare items	
data.text.common_2:1467:0	text	data/text/common_2.asm	1467	0	line	that nobody else	
data.text.common_2:1469:0	text	data/text/common_2.asm	1469	0	para	carries--but only	
data.text.common_2:1470:0	text	data/text/common_2.asm	1470	0	line	one of each item.	
data.text.common_2:1475:0	text	data/text/common_2.asm	1475	0	text	 costs	
data.text.common_2:1476:0	text	data/text/common_2.asm	1476	0	line	¥@	
data.text.common_2:1478:0	text	data/text/common_2.asm	1478	0	text	. Want it?	
data.text.common_2:1482:0	text	data/text/common_2.asm	1482	0	text	Thanks.	
data.text.common_2:1486:0	text	data/text/common_2.asm	1486	0	text	Uh-oh, your PACK	
data.text.common_2:1487:0	text	data/text/common_2.asm	1487	0	line	is chock-full.	
data.text.common_2:1491:0	text	data/text/common_2.asm	1491	0	text	You bought that	
data.text.common_2:1492:0	text	data/text/common_2.asm	1492	0	line	already. I'm all	
data.text.common_2:1493:0	text	data/text/common_2.asm	1493	0	cont	sold out of it.	
data.text.common_2:1497:0	text	data/text/common_2.asm	1497	0	text	Uh-oh, you're	
data.text.common_2:1498:0	text	data/text/common_2.asm	1498	0	line	short on funds.	
data.text.common_2:1502:0	text	data/text/common_2.asm	1502	0	text	Come by again	
data.text.common_2:1503:0	text	data/text/common_2.asm	1503	0	line	sometime.	
data.text.common_2:1507:0	text	data/text/common_2.asm	1507	0	text	What's up? Need	
data.text.common_2:1508:0	text	data/text/common_2.asm	1508	0	line	some medicine?	
data.text.common_2:1512:0	text	data/text/common_2.asm	1512	0	text	How many?	
data.text.common_2:1517:0	text	data/text/common_2.asm	1517	0	text	 @	
data.text.common_2:1519:0	text	data/text/common_2.asm	1519	0	text	(S)	
data.text.common_2:1520:0	text	data/text/common_2.asm	1520	0	line	will cost ¥@	
data.text.common_2:1522:0	text	data/text/common_2.asm	1522	0	text	.	
data.text.common_2:1526:0	text	data/text/common_2.asm	1526	0	text	Thanks much!	
data.text.common_2:1530:0	text	data/text/common_2.asm	1530	0	text	You don't have any	
data.text.common_2:1531:0	text	data/text/common_2.asm	1531	0	line	more space.	
data.text.common_2:1535:0	text	data/text/common_2.asm	1535	0	text	Huh? That's not	
data.text.common_2:1536:0	text	data/text/common_2.asm	1536	0	line	enough money.	
data.text.common_2:1540:0	text	data/text/common_2.asm	1540	0	text	All right.	
data.text.common_2:1541:0	text	data/text/common_2.asm	1541	0	line	See you around.	
data.text.common_2:1546:0	text	data/text/common_2.asm	1546	0	text	You don't have	
data.text.common_2:1547:0	text	data/text/common_2.asm	1547	0	line	anything to sell.	
data.text.common_2:1551:0	text	data/text/common_2.asm	1551	0	text	How many?	
data.text.common_2:1555:0	text	data/text/common_2.asm	1555	0	text	I can pay you	
data.text.common_2:1556:0	text	data/text/common_2.asm	1556	0	line	¥@	
data.text.common_2:1558:0	text	data/text/common_2.asm	1558	0	text	.	
data.text.common_2:1560:0	text	data/text/common_2.asm	1560	0	para	Is that OK?	
data.text.common_2:1564:0	text	data/text/common_2.asm	1564	0	text	Welcome! How may I	
data.text.common_2:1565:0	text	data/text/common_2.asm	1565	0	line	help you?	
data.text.common_2:1569:0	text	data/text/common_2.asm	1569	0	text	Here you are.	
data.text.common_2:1570:0	text	data/text/common_2.asm	1570	0	line	Thank you!	
data.text.common_2:1574:0	text	data/text/common_2.asm	1574	0	text	You don't have	
data.text.common_2:1575:0	text	data/text/common_2.asm	1575	0	line	enough money.	
data.text.common_2:1579:0	text	data/text/common_2.asm	1579	0	text	You can't carry	
data.text.common_2:1580:0	text	data/text/common_2.asm	1580	0	line	any more items.	
data.text.common_2:1584:0	text	data/text/common_2.asm	1584	0	text	Sorry, I can't buy	
data.text.common_2:1585:0	text	data/text/common_2.asm	1585	0	line	that from you.	
data.text.common_2:1589:0	text	data/text/common_2.asm	1589	0	text	Please come again!	
data.text.common_2:1593:0	text	data/text/common_2.asm	1593	0	text	Can I do anything	
data.text.common_2:1594:0	text	data/text/common_2.asm	1594	0	line	else for you?	
data.text.common_2:1598:0	text	data/text/common_2.asm	1598	0	text	Got ¥@	
data.text.common_2:1600:0	text	data/text/common_2.asm	1600	0	text	 for	
data.text.common_2:1601:0	text	data/text/common_2.asm	1601	0	line	@	
data.text.common_2:1603:0	text	data/text/common_2.asm	1603	0	text	(S).	
data.text.common_2:1607:0	text	data/text/common_2.asm	1607	0	text	Bet how many	
data.text.common_2:1608:0	text	data/text/common_2.asm	1608	0	line	coins?	
data.text.common_3:2:0	text	data/text/common_3.asm	2	0	text	Start!	
data.text.common_3:6:0	text	data/text/common_3.asm	6	0	text	Not enough	
data.text.common_3:7:0	text	data/text/common_3.asm	7	0	line	coins.	
data.text.common_3:11:0	text	data/text/common_3.asm	11	0	text	Darn… Ran out of	
data.text.common_3:12:0	text	data/text/common_3.asm	12	0	line	coins…	
data.text.common_3:16:0	text	data/text/common_3.asm	16	0	text	Play again?	
data.text.common_3:20:0	text	data/text/common_3.asm	20	0	text	lined up!	
data.text.common_3:21:0	text	data/text/common_3.asm	21	0	line	Won @	
data.text.common_3:23:0	text	data/text/common_3.asm	23	0	text	 coins!	
data.text.common_3:27:0	text	data/text/common_3.asm	27	0	text	Darn!	
data.text.common_3:35:0	text	data/text/common_3.asm	35	0	text	<……>	
data.text.common_3:39:0	text	data/text/common_3.asm	39	0	text	You're out of the	
data.text.common_3:40:0	text	data/text/common_3.asm	40	0	line	service area.	
data.text.common_3:44:0	text	data/text/common_3.asm	44	0	text	Whom do you want	
data.text.common_3:45:0	text	data/text/common_3.asm	45	0	line	to call?	
data.text.common_3:49:0	text	data/text/common_3.asm	49	0	text	Press any button	
data.text.common_3:50:0	text	data/text/common_3.asm	50	0	line	to exit.	
data.text.common_3:54:0	text	data/text/common_3.asm	54	0	text	Delete this stored	
data.text.common_3:55:0	text	data/text/common_3.asm	55	0	line	phone number?	
data.text.common_3:59:0	text	data/text/common_3.asm	59	0	text	Huh? Sorry, wrong	
data.text.common_3:60:0	text	data/text/common_3.asm	60	0	line	number!	
data.text.common_3:64:0	text	data/text/common_3.asm	64	0	text	Click!	
data.text.common_3:68:0	text	data/text/common_3.asm	68	0	text	<……>	
data.text.common_3:72:0	text	data/text/common_3.asm	72	0	text	That number is out	
data.text.common_3:73:0	text	data/text/common_3.asm	73	0	line	of the area.	
data.text.common_3:77:0	text	data/text/common_3.asm	77	0	text	Just go talk to	
data.text.common_3:78:0	text	data/text/common_3.asm	78	0	line	that person!	
data.text.common_3:82:0	text	data/text/common_3.asm	82	0	text	Thank you!	
data.text.common_3:86:0	text	data/text/common_3.asm	86	0	text	  :	
data.text.common_3:90:0	text	data/text/common_3.asm	90	0	text	Password OK.	
data.text.common_3:91:0	text	data/text/common_3.asm	91	0	line	Select CONTINUE &	
data.text.common_3:92:0	text	data/text/common_3.asm	92	0	cont	reset settings.	
data.text.common_3:96:0	text	data/text/common_3.asm	96	0	text	Wrong password!	
data.text.common_3:100:0	text	data/text/common_3.asm	100	0	text	Reset the clock?	
data.text.common_3:104:0	text	data/text/common_3.asm	104	0	text	Please enter the	
data.text.common_3:105:0	text	data/text/common_3.asm	105	0	line	password.	
data.text.common_3:109:0	text	data/text/common_3.asm	109	0	text	Clear all save	
data.text.common_3:110:0	text	data/text/common_3.asm	110	0	line	data area?	
data.text.common_3:115:0	text	data/text/common_3.asm	115	0	text	 learned	
data.text.common_3:116:0	text	data/text/common_3.asm	116	0	line	@	
data.text.common_3:118:0	text	data/text/common_3.asm	118	0	text	!@	
data.text.common_3:124:0	text	data/text/common_3.asm	124	0	text	Which move should	
data.text.common_3:125:0	text	data/text/common_3.asm	125	0	next	be forgotten?	
data.text.common_3:129:0	text	data/text/common_3.asm	129	0	text	Stop learning	
data.text.common_3:130:0	text	data/text/common_3.asm	130	0	line	@	
data.text.common_3:132:0	text	data/text/common_3.asm	132	0	text	?	
data.text.common_3:138:0	text	data/text/common_3.asm	138	0	line	did not learn	
data.text.common_3:139:0	text	data/text/common_3.asm	139	0	cont	@	
data.text.common_3:141:0	text	data/text/common_3.asm	141	0	text	.	
data.text.common_3:146:0	text	data/text/common_3.asm	146	0	text	 is	
data.text.common_3:147:0	text	data/text/common_3.asm	147	0	line	trying to learn	
data.text.common_3:148:0	text	data/text/common_3.asm	148	0	cont	@	
data.text.common_3:150:0	text	data/text/common_3.asm	150	0	text	.	
data.text.common_3:152:0	text	data/text/common_3.asm	152	0	para	But @	
data.text.common_3:155:0	text	data/text/common_3.asm	155	0	line	can't learn more	
data.text.common_3:156:0	text	data/text/common_3.asm	156	0	cont	than four moves.	
data.text.common_3:158:0	text	data/text/common_3.asm	158	0	para	Delete an older	
data.text.common_3:159:0	text	data/text/common_3.asm	159	0	line	move to make room	
data.text.common_3:160:0	text	data/text/common_3.asm	160	0	cont	for @	
data.text.common_3:162:0	text	data/text/common_3.asm	162	0	text	?	
data.text.common_3:166:0	text	data/text/common_3.asm	166	0	text	1, 2 and…@	
data.text.common_3:173:0	text	data/text/common_3.asm	173	0	text	 Poof!@	
data.text.common_3:177:0	text	data/text/common_3.asm	177	0	para	@	
data.text.common_3:179:0	text	data/text/common_3.asm	179	0	text	 forgot	
data.text.common_3:180:0	text	data/text/common_3.asm	180	0	line	@	
data.text.common_3:182:0	text	data/text/common_3.asm	182	0	text	.	
data.text.common_3:184:0	text	data/text/common_3.asm	184	0	para	And…	
data.text.common_3:188:0	text	data/text/common_3.asm	188	0	text	HM moves can't be	
data.text.common_3:189:0	text	data/text/common_3.asm	189	0	line	forgotten now.	
data.text.common_3:193:0	text	data/text/common_3.asm	193	0	text	Play with three	
data.text.common_3:194:0	text	data/text/common_3.asm	194	0	line	coins?	
data.text.common_3:198:0	text	data/text/common_3.asm	198	0	text	Not enough coins…	
data.text.common_3:202:0	text	data/text/common_3.asm	202	0	text	Choose a card.	
data.text.common_3:206:0	text	data/text/common_3.asm	206	0	text	Place your bet.	
data.text.common_3:210:0	text	data/text/common_3.asm	210	0	text	Want to play	
data.text.common_3:211:0	text	data/text/common_3.asm	211	0	line	again?	
data.text.common_3:215:0	text	data/text/common_3.asm	215	0	text	The cards have	
data.text.common_3:216:0	text	data/text/common_3.asm	216	0	line	been shuffled.	
data.text.common_3:220:0	text	data/text/common_3.asm	220	0	text	Yeah!	
data.text.common_3:224:0	text	data/text/common_3.asm	224	0	text	Darn…	
data.text.common_3:228:0	text	data/text/common_3.asm	228	0	text	It dodged the	
data.text.common_3:229:0	text	data/text/common_3.asm	229	0	line	thrown BALL!	
data.text.common_3:231:0	text	data/text/common_3.asm	231	0	para	This #MON	
data.text.common_3:232:0	text	data/text/common_3.asm	232	0	line	can't be caught!	
data.text.common_3:236:0	text	data/text/common_3.asm	236	0	text	You missed the	
data.text.common_3:237:0	text	data/text/common_3.asm	237	0	line	#MON!	
data.text.common_3:241:0	text	data/text/common_3.asm	241	0	text	Oh no! The #MON	
data.text.common_3:242:0	text	data/text/common_3.asm	242	0	line	broke free!	
data.text.common_3:246:0	text	data/text/common_3.asm	246	0	text	Aww! It appeared	
data.text.common_3:247:0	text	data/text/common_3.asm	247	0	line	to be caught!	
data.text.common_3:251:0	text	data/text/common_3.asm	251	0	text	Aargh!	
data.text.common_3:252:0	text	data/text/common_3.asm	252	0	line	Almost had it!	
data.text.common_3:256:0	text	data/text/common_3.asm	256	0	text	Shoot! It was so	
data.text.common_3:257:0	text	data/text/common_3.asm	257	0	line	close too!	
data.text.common_3:261:0	text	data/text/common_3.asm	261	0	text	Gotcha! @	
data.text.common_3:264:0	text	data/text/common_3.asm	264	0	line	was caught!@	
data.text.common_3:276:0	text	data/text/common_3.asm	276	0	text	 was	
data.text.common_3:277:0	text	data/text/common_3.asm	277	0	line	sent to BILL's PC.	
data.text.common_3:282:0	text	data/text/common_3.asm	282	0	text	's data	
data.text.common_3:283:0	text	data/text/common_3.asm	283	0	line	was newly added to	
data.text.common_3:284:0	text	data/text/common_3.asm	284	0	cont	the #DEX.@	
data.text.common_3:290:0	text	data/text/common_3.asm	290	0	text	Give a nickname to	
data.text.common_3:291:0	text	data/text/common_3.asm	291	0	line	@	
data.text.common_3:293:0	text	data/text/common_3.asm	293	0	text	?	
data.text.common_3:298:0	text	data/text/common_3.asm	298	0	text	's	
data.text.common_3:299:0	text	data/text/common_3.asm	299	0	line	@	
data.text.common_3:301:0	text	data/text/common_3.asm	301	0	text	 rose.	
data.text.common_3:305:0	text	data/text/common_3.asm	305	0	text	That can't be used	
data.text.common_3:306:0	text	data/text/common_3.asm	306	0	line	on this #MON.	
data.text.common_3:310:0	text	data/text/common_3.asm	310	0	text	The REPEL used	
data.text.common_3:311:0	text	data/text/common_3.asm	311	0	line	earlier is still	
data.text.common_3:312:0	text	data/text/common_3.asm	312	0	cont	in effect.	
data.text.common_3:316:0	text	data/text/common_3.asm	316	0	text	Played the #	
data.text.common_3:317:0	text	data/text/common_3.asm	317	0	line	FLUTE.	
data.text.common_3:319:0	text	data/text/common_3.asm	319	0	para	Now, that's a	
data.text.common_3:320:0	text	data/text/common_3.asm	320	0	line	catchy tune!	
data.text.common_3:324:0	text	data/text/common_3.asm	324	0	text	All sleeping	
data.text.common_3:325:0	text	data/text/common_3.asm	325	0	line	#MON woke up.	
data.text.common_3:329:0	text	data/text/common_3.asm	329	0	text	<PLAYER> played the	
data.text.common_3:330:0	text	data/text/common_3.asm	330	0	line	# FLUTE.@	
data.text.common_3:338:0	text	data/text/common_3.asm	338	0	text	Coins:	
data.text.common_3:339:0	text	data/text/common_3.asm	339	0	line	@	
data.text.common_3:344:0	text	data/text/common_3.asm	344	0	text	Raise the PP of	
data.text.common_3:345:0	text	data/text/common_3.asm	345	0	line	which move?	
data.text.common_3:349:0	text	data/text/common_3.asm	349	0	text	Restore the PP of	
data.text.common_3:350:0	text	data/text/common_3.asm	350	0	line	which move?	
data.text.common_3:355:0	text	data/text/common_3.asm	355	0	text	's PP	
data.text.common_3:356:0	text	data/text/common_3.asm	356	0	line	is maxed out.	
data.text.common_3:361:0	text	data/text/common_3.asm	361	0	text	's PP	
data.text.common_3:362:0	text	data/text/common_3.asm	362	0	line	increased.	
data.text.common_3:366:0	text	data/text/common_3.asm	366	0	text	PP was restored.	
data.text.common_3:370:0	text	data/text/common_3.asm	370	0	text	There was a trophy	
data.text.common_3:371:0	text	data/text/common_3.asm	371	0	line	inside!@	
data.text.common_3:375:0	text	data/text/common_3.asm	375	0	para	@	
data.text.common_3:377:0	text	data/text/common_3.asm	377	0	text	 sent the	
data.text.common_3:378:0	text	data/text/common_3.asm	378	0	line	trophy home.	
data.text.common_3:382:0	text	data/text/common_3.asm	382	0	text	It looks bitter…	
data.text.common_3:386:0	text	data/text/common_3.asm	386	0	text	That can't be used	
data.text.common_3:387:0	text	data/text/common_3.asm	387	0	line	on an EGG.	
data.text.common_3:391:0	text	data/text/common_3.asm	391	0	text	OAK: <PLAYER>!	
data.text.common_3:392:0	text	data/text/common_3.asm	392	0	line	This isn't the	
data.text.common_3:393:0	text	data/text/common_3.asm	393	0	cont	time to use that!	
data.text.common_3:397:0	text	data/text/common_3.asm	397	0	text	That belongs to	
data.text.common_3:398:0	text	data/text/common_3.asm	398	0	line	someone else!	
data.text.common_3:402:0	text	data/text/common_3.asm	402	0	text	It won't have any	
data.text.common_3:403:0	text	data/text/common_3.asm	403	0	line	effect.	
data.text.common_3:407:0	text	data/text/common_3.asm	407	0	text	The trainer	
data.text.common_3:408:0	text	data/text/common_3.asm	408	0	line	blocked the BALL!	
data.text.common_3:412:0	text	data/text/common_3.asm	412	0	text	Don't be a thief!	
data.text.common_3:416:0	text	data/text/common_3.asm	416	0	text	Cycling isn't	
data.text.common_3:417:0	text	data/text/common_3.asm	417	0	line	allowed here.	
data.text.common_3:421:0	text	data/text/common_3.asm	421	0	text	Can't get on your	
data.text.common_3:422:0	text	data/text/common_3.asm	422	0	line	@	
data.text.common_3:424:0	text	data/text/common_3.asm	424	0	text	 now.	
data.text.common_3:428:0	text	data/text/common_3.asm	428	0	text	The #MON BOX	
data.text.common_3:429:0	text	data/text/common_3.asm	429	0	line	is full. That	
data.text.common_3:430:0	text	data/text/common_3.asm	430	0	cont	can't be used now.	
data.text.common_3:434:0	text	data/text/common_3.asm	434	0	text	<PLAYER> used the	
data.text.common_3:435:0	text	data/text/common_3.asm	435	0	line	@	
data.text.common_3:437:0	text	data/text/common_3.asm	437	0	text	.	
data.text.common_3:441:0	text	data/text/common_3.asm	441	0	text	<PLAYER> got on the@	
data.text.common_3:444:0	text	data/text/common_3.asm	444	0	text	.	
data.text.common_3:448:0	text	data/text/common_3.asm	448	0	text	<PLAYER> got off@	
data.text.common_3:450:0	text	data/text/common_3.asm	450	0	text	the @	
data.text.common_3:452:0	text	data/text/common_3.asm	452	0	text	.	
data.text.common_3:457:0	text	data/text/common_3.asm	457	0	text	 knows	
data.text.common_3:458:0	text	data/text/common_3.asm	458	0	line	@	
data.text.common_3:460:0	text	data/text/common_3.asm	460	0	text	.	
data.text.common_3:464:0	text	data/text/common_3.asm	464	0	text	That #MON knows	
data.text.common_3:465:0	text	data/text/common_3.asm	465	0	line	only one move.	
data.text.common_3:469:0	text	data/text/common_3.asm	469	0	text	Oh, make it forget	
data.text.common_3:470:0	text	data/text/common_3.asm	470	0	line	@	
data.text.common_3:472:0	text	data/text/common_3.asm	472	0	text	?	
data.text.common_3:476:0	text	data/text/common_3.asm	476	0	text	Done! Your #MON	
data.text.common_3:477:0	text	data/text/common_3.asm	477	0	line	forgot the move.	
data.text.common_3:481:0	text	data/text/common_3.asm	481	0	text	An EGG doesn't	
data.text.common_3:482:0	text	data/text/common_3.asm	482	0	line	know any moves!	
data.text.common_3:486:0	text	data/text/common_3.asm	486	0	text	No? Come visit me	
data.text.common_3:487:0	text	data/text/common_3.asm	487	0	line	again.	
data.text.common_3:491:0	text	data/text/common_3.asm	491	0	text	Which move should	
data.text.common_3:492:0	text	data/text/common_3.asm	492	0	line	it forget, then?	
data.text.common_3:496:0	text	data/text/common_3.asm	496	0	text	Um… Oh, yes, I'm	
data.text.common_3:497:0	text	data/text/common_3.asm	497	0	line	the MOVE DELETER.	
data.text.common_3:499:0	text	data/text/common_3.asm	499	0	para	I can make #MON	
data.text.common_3:500:0	text	data/text/common_3.asm	500	0	line	forget moves.	
data.text.common_3:502:0	text	data/text/common_3.asm	502	0	para	Shall I make a	
data.text.common_3:503:0	text	data/text/common_3.asm	503	0	line	#MON forget?	
data.text.common_3:507:0	text	data/text/common_3.asm	507	0	text	Which #MON?	
data.text.common_3:511:0	text	data/text/common_3.asm	511	0	text	 DST,	
data.text.common_3:512:0	text	data/text/common_3.asm	512	0	line	is that OK?	
data.text.common_3:516:0	text	data/text/common_3.asm	516	0	text	,	
data.text.common_3:517:0	text	data/text/common_3.asm	517	0	line	is that OK?	
data.text.common_3:521:0	text	data/text/common_3.asm	521	0	text	Do you want to	
data.text.common_3:522:0	text	data/text/common_3.asm	522	0	line	switch to Daylight	
data.text.common_3:523:0	text	data/text/common_3.asm	523	0	cont	Saving Time?	
data.text.common_3:527:0	text	data/text/common_3.asm	527	0	text	I set the clock	
data.text.common_3:528:0	text	data/text/common_3.asm	528	0	line	forward by one	
data.text.common_3:529:0	text	data/text/common_3.asm	529	0	cont	hour.	
data.text.common_3:533:0	text	data/text/common_3.asm	533	0	text	Is Daylight Saving	
data.text.common_3:534:0	text	data/text/common_3.asm	534	0	line	Time over?	
data.text.common_3:538:0	text	data/text/common_3.asm	538	0	text	I put the clock	
data.text.common_3:539:0	text	data/text/common_3.asm	539	0	line	back one hour.	
data.text.common_3:543:0	text	data/text/common_3.asm	543	0	text	Do you want to	
data.text.common_3:544:0	text	data/text/common_3.asm	544	0	line	adjust your clock	
data.text.common_3:546:0	text	data/text/common_3.asm	546	0	para	for Daylight	
data.text.common_3:547:0	text	data/text/common_3.asm	547	0	line	Saving Time?	
data.text.common_3:551:0	text	data/text/common_3.asm	551	0	text	I lost the in-	
data.text.common_3:552:0	text	data/text/common_3.asm	552	0	line	struction booklet	
data.text.common_3:553:0	text	data/text/common_3.asm	553	0	cont	for the #GEAR.	
data.text.common_3:555:0	text	data/text/common_3.asm	555	0	para	Come back again in	
data.text.common_3:556:0	text	data/text/common_3.asm	556	0	line	a while.	
data.text.dakutens:2:0	text	data/text/dakutens.asm	2	0	db	かが	
data.text.dakutens:2:1	text	data/text/dakutens.asm	2	1	db	きぎ	
data.text.dakutens:2:2	text	data/text/dakutens.asm	2	2	db	くぐ	
data.text.dakutens:2:3	text	data/text/dakutens.asm	2	3	db	けげ	
data.text.dakutens:2:4	text	data/text/dakutens.asm	2	4	db	こご	
data.text.dakutens:3:0	text	data/text/dakutens.asm	3	0	db	さざ	
data.text.dakutens:3:1	text	data/text/dakutens.asm	3	1	db	しじ	
data.text.dakutens:3:2	text	data/text/dakutens.asm	3	2	db	すず	
data.text.dakutens:3:3	text	data/text/dakutens.asm	3	3	db	せぜ	
data.text.dakutens:3:4	text	data/text/dakutens.asm	3	4	db	そぞ	
data.text.dakutens:4:0	text	data/text/dakutens.asm	4	0	db	ただ	
data.text.dakutens:4:1	text	data/text/dakutens.asm	4	1	db	ちぢ	
data.text.dakutens:4:2	text	data/text/dakutens.asm	4	2	db	つづ	
data.text.dakutens:4:3	text	data/text/dakutens.asm	4	3	db	てで	
data.text.dakutens:4:4	text	data/text/dakutens.asm	4	4	db	とど	
data.text.dakutens:5:0	text	data/text/dakutens.asm	5	0	db	はば	
data.text.dakutens:5:1	text	data/text/dakutens.asm	5	1	db	ひび	
data.text.dakutens:5:2	text	data/text/dakutens.asm	5	2	db	ふぶ	
data.text.dakutens:5:3	text	data/text/dakutens.asm	5	3	db	へべ	
data.text.dakutens:5:4	text	data/text/dakutens.asm	5	4	db	ほぼ	
data.text.dakutens:6:0	text	data/text/dakutens.asm	6	0	db	カガ	
data.text.dakutens:6:1	text	data/text/dakutens.asm	6	1	db	キギ	
data.text.dakutens:6:2	text	data/text/dakutens.asm	6	2	db	クグ	
data.text.dakutens:6:3	text	data/text/dakutens.asm	6	3	db	ケゲ	
data.text.dakutens:6:4	text	data/text/dakutens.asm	6	4	db	コゴ	
data.text.dakutens:7:0	text	data/text/dakutens.asm	7	0	db	サザ	
data.text.dakutens:7:1	text	data/text/dakutens.asm	7	1	db	シジ	
data.text.dakutens:7:2	text	data/text/dakutens.asm	7	2	db	スズ	
data.text.dakutens:7:3	text	data/text/dakutens.asm	7	3	db	セゼ	
data.text.dakutens:7:4	text	data/text/dakutens.asm	7	4	db	ソゾ	
data.text.dakutens:8:0	text	data/text/dakutens.asm	8	0	db	タダ	
data.text.dakutens:8:1	text	data/text/dakutens.asm	8	1	db	チヂ	
data.text.dakutens:8:2	text	data/text/dakutens.asm	8	2	db	ツヅ	
data.text.dakutens:8:3	text	data/text/dakutens.asm	8	3	db	テデ	
data.text.dakutens:8:4	text	data/text/dakutens.asm	8	4	db	トド	
data.text.dakutens:9:0	text	data/text/dakutens.asm	9	0	db	ハバ	
data.text.dakutens:9:1	text	data/text/dakutens.asm	9	1	db	ヒビ	
data.text.dakutens:9:2	text	data/text/dakutens.asm	9	2	db	フブ	
data.text.dakutens:9:3	text	data/text/dakutens.asm	9	3	db	へべ	
data.text.dakutens:9:4	text	data/text/dakutens.asm	9	4	db	ホボ	
data.text.dakutens:13:0	text	data/text/dakutens.asm	13	0	db	はぱ	
data.text.dakutens:13:1	text	data/text/dakutens.asm	13	1	db	ひぴ	
data.text.dakutens:13:2	text	data/text/dakutens.asm	13	2	db	ふぷ	
data.text.dakutens:13:3	text	data/text/dakutens.asm	13	3	db	へぺ	
data.text.dakutens:13:4	text	data/text/dakutens.asm	13	4	db	ほぽ	
data.text.dakutens:14:0	text	data/text/dakutens.asm	14	0	db	ハパ	
data.text.dakutens:14:1	text	data/text/dakutens.asm	14	1	db	ヒピ	
data.text.dakutens:14:2	text	data/text/dakutens.asm	14	2	db	フプ	
data.text.dakutens:14:3	text	data/text/dakutens.asm	14	3	db	へぺ	
data.text.dakutens:14:4	text	data/text/dakutens.asm	14	4	db	ホポ	
data.text.mail_input_chars:4:0	text	data/text/mail_input_chars.asm	4	0	db	A B C D E F G H I J	
data.text.mail_input_chars:5:0	text	data/text/mail_input_chars.asm	5	0	db	K L M N O P Q R S T	
data.text.mail_input_chars:6:0	text	data/text/mail_input_chars.asm	6	0	db	U V W X Y Z   , ? !	
data.text.mail_input_chars:7:0	text	data/text/mail_input_chars.asm	7	0	db	1 2 3 4 5 6 7 8 9 0	
data.text.mail_input_chars:8:0	text	data/text/mail_input_chars.asm	8	0	db	<PK> <MN> <PO> <KE> é ♂ ♀ ¥ … ×	
data.text.mail_input_chars:9:0	text	data/text/mail_input_chars.asm	9	0	db	lower  DEL   END   	
data.text.mail_input_chars:12:0	text	data/text/mail_input_chars.asm	12	0	db	a b c d e f g h i j	
data.text.mail_input_chars:13:0	text	data/text/mail_input_chars.asm	13	0	db	k l m n o p q r s t	
data.text.mail_input_chars:14:0	text	data/text/mail_input_chars.asm	14	0	db	u v w x y z   . - /	
data.text.mail_input_chars:15:0	text	data/text/mail_input_chars.asm	15	0	db	'd 'l 'm 'r 's 't 'v & ( )	
data.text.mail_input_chars:16:0	text	data/text/mail_input_chars.asm	16	0	db	“ ” [ ] ' : ;      	
data.text.mail_input_chars:17:0	text	data/text/mail_input_chars.asm	17	0	db	UPPER  DEL   END   	
data.text.name_input_chars:4:0	text	data/text/name_input_chars.asm	4	0	db	a b c d e f g h i	
data.text.name_input_chars:5:0	text	data/text/name_input_chars.asm	5	0	db	j k l m n o p q r	
data.text.name_input_chars:6:0	text	data/text/name_input_chars.asm	6	0	db	s t u v w x y z  	
data.text.name_input_chars:7:0	text	data/text/name_input_chars.asm	7	0	db	× ( ) : ; [ ] <PK> <MN>	
data.text.name_input_chars:8:0	text	data/text/name_input_chars.asm	8	0	db	UPPER  DEL   END 	
data.text.name_input_chars:11:0	text	data/text/name_input_chars.asm	11	0	db	a b c d e f g h i	
data.text.name_input_chars:12:0	text	data/text/name_input_chars.asm	12	0	db	j k l m n o p q r	
data.text.name_input_chars:13:0	text	data/text/name_input_chars.asm	13	0	db	s t u v w x y z  	
data.text.name_input_chars:14:0	text	data/text/name_input_chars.asm	14	0	db	é 'd 'l 'm 'r 's 't 'v 0	
data.text.name_input_chars:15:0	text	data/text/name_input_chars.asm	15	0	db	1 2 3 4 5 6 7 8 9	
data.text.name_input_chars:16:0	text	data/text/name_input_chars.asm	16	0	db	UPPER  DEL   END 	
data.text.name_input_chars:19:0	text	data/text/name_input_chars.asm	19	0	db	A B C D E F G H I	
data.text.name_input_chars:20:0	text	data/text/name_input_chars.asm	20	0	db	J K L M N O P Q R	
data.text.name_input_chars:21:0	text	data/text/name_input_chars.asm	21	0	db	S T U V W X Y Z  	
data.text.name_input_chars:22:0	text	data/text/name_input_chars.asm	22	0	db	- ? ! / . ,      	
data.text.name_input_chars:23:0	text	data/text/name_input_chars.asm	23	0	db	lower  DEL   END 	
data.text.name_input_chars:26:0	text	data/text/name_input_chars.asm	26	0	db	A B C D E F G H I	
data.text.name_input_chars:27:0	text	data/text/name_input_chars.asm	27	0	db	J K L M N O P Q R	
data.text.name_input_chars:28:0	text	data/text/name_input_chars.asm	28	0	db	S T U V W X Y Z  	
data.text.name_input_chars:29:0	text	data/text/name_input_chars.asm	29	0	db	× ( ) : ; [ ] <PK> <MN>	
data.text.name_input_chars:30:0	text	data/text/name_input_chars.asm	30	0	db	- ? ! ♂ ♀ / . , &	
data.text.name_input_chars:31:0	text	data/text/name_input_chars.asm	31	0	db	lower  DEL   END 	
data.text.std_text:2:0	text	data/text/std_text.asm	2	0	text	Good morning!	
data.text.std_text:3:0	text	data/text/std_text.asm	3	0	line	Welcome to our	
data.text.std_text:4:0	text	data/text/std_text.asm	4	0	cont	#MON CENTER.	
data.text.std_text:8:0	text	data/text/std_text.asm	8	0	text	Hello!	
data.text.std_text:9:0	text	data/text/std_text.asm	9	0	line	Welcome to our	
data.text.std_text:10:0	text	data/text/std_text.asm	10	0	cont	#MON CENTER.	
data.text.std_text:14:0	text	data/text/std_text.asm	14	0	text	Good evening!	
data.text.std_text:15:0	text	data/text/std_text.asm	15	0	line	You're out late.	
data.text.std_text:17:0	text	data/text/std_text.asm	17	0	para	Welcome to our	
data.text.std_text:18:0	text	data/text/std_text.asm	18	0	line	#MON CENTER.	
data.text.std_text:22:0	text	data/text/std_text.asm	22	0	text	We can heal your	
data.text.std_text:23:0	text	data/text/std_text.asm	23	0	line	#MON to perfect	
data.text.std_text:24:0	text	data/text/std_text.asm	24	0	cont	health.	
data.text.std_text:26:0	text	data/text/std_text.asm	26	0	para	Shall we heal your	
data.text.std_text:27:0	text	data/text/std_text.asm	27	0	line	#MON?	
data.text.std_text:31:0	text	data/text/std_text.asm	31	0	text	OK, may I see your	
data.text.std_text:32:0	text	data/text/std_text.asm	32	0	line	#MON?	
data.text.std_text:36:0	text	data/text/std_text.asm	36	0	text	Thank you for	
data.text.std_text:37:0	text	data/text/std_text.asm	37	0	line	waiting.	
data.text.std_text:39:0	text	data/text/std_text.asm	39	0	para	Your #MON are	
data.text.std_text:40:0	text	data/text/std_text.asm	40	0	line	fully healed.	
data.text.std_text:44:0	text	data/text/std_text.asm	44	0	text	We hope to see you	
data.text.std_text:45:0	text	data/text/std_text.asm	45	0	line	again.	
data.text.std_text:49:0	text	data/text/std_text.asm	49	0	text	We hope to see you	
data.text.std_text:50:0	text	data/text/std_text.asm	50	0	line	again.	
data.text.std_text:54:0	text	data/text/std_text.asm	54	0	text	Your #MON ap-	
data.text.std_text:55:0	text	data/text/std_text.asm	55	0	line	pear to have tiny	
data.text.std_text:57:0	text	data/text/std_text.asm	57	0	para	life forms stuck	
data.text.std_text:58:0	text	data/text/std_text.asm	58	0	line	to them.	
data.text.std_text:60:0	text	data/text/std_text.asm	60	0	para	Your #MON are	
data.text.std_text:61:0	text	data/text/std_text.asm	61	0	line	healthy and seem	
data.text.std_text:62:0	text	data/text/std_text.asm	62	0	cont	to be fine.	
data.text.std_text:64:0	text	data/text/std_text.asm	64	0	para	But we can't tell	
data.text.std_text:65:0	text	data/text/std_text.asm	65	0	line	you anything more	
data.text.std_text:67:0	text	data/text/std_text.asm	67	0	para	at a #MON	
data.text.std_text:68:0	text	data/text/std_text.asm	68	0	line	CENTER.	
data.text.std_text:72:0	text	data/text/std_text.asm	72	0	text	It's full of	
data.text.std_text:73:0	text	data/text/std_text.asm	73	0	line	difficult books.	
data.text.std_text:77:0	text	data/text/std_text.asm	77	0	text	A whole collection	
data.text.std_text:78:0	text	data/text/std_text.asm	78	0	line	of #MON picture	
data.text.std_text:79:0	text	data/text/std_text.asm	79	0	cont	books!	
data.text.std_text:83:0	text	data/text/std_text.asm	83	0	text	#MON magazines…	
data.text.std_text:84:0	text	data/text/std_text.asm	84	0	line	#MON PAL,	
data.text.std_text:86:0	text	data/text/std_text.asm	86	0	para	#MON HANDBOOK,	
data.text.std_text:87:0	text	data/text/std_text.asm	87	0	line	#MON GRAPH…	
data.text.std_text:91:0	text	data/text/std_text.asm	91	0	text	TEAM ROCKET OATH	
data.text.std_text:93:0	text	data/text/std_text.asm	93	0	para	Steal #MON for	
data.text.std_text:94:0	text	data/text/std_text.asm	94	0	line	profit!	
data.text.std_text:96:0	text	data/text/std_text.asm	96	0	para	Exploit #MON	
data.text.std_text:97:0	text	data/text/std_text.asm	97	0	line	for profit!	
data.text.std_text:99:0	text	data/text/std_text.asm	99	0	para	All #MON exist	
data.text.std_text:100:0	text	data/text/std_text.asm	100	0	line	for the glory of	
data.text.std_text:101:0	text	data/text/std_text.asm	101	0	cont	TEAM ROCKET!	
data.text.std_text:105:0	text	data/text/std_text.asm	105	0	text	What is this?	
data.text.std_text:107:0	text	data/text/std_text.asm	107	0	para	Oh, it's an	
data.text.std_text:108:0	text	data/text/std_text.asm	108	0	line	incense burner!	
data.text.std_text:112:0	text	data/text/std_text.asm	112	0	text	Lots of #MON	
data.text.std_text:113:0	text	data/text/std_text.asm	113	0	line	merchandise!	
data.text.std_text:117:0	text	data/text/std_text.asm	117	0	text	It's the TOWN MAP.	
data.text.std_text:121:0	text	data/text/std_text.asm	121	0	text	My reflection!	
data.text.std_text:122:0	text	data/text/std_text.asm	122	0	line	Lookin' good!	
data.text.std_text:126:0	text	data/text/std_text.asm	126	0	text	It's a TV.	
data.text.std_text:130:0	text	data/text/std_text.asm	130	0	text	#MON JOURNAL	
data.text.std_text:131:0	text	data/text/std_text.asm	131	0	line	HOME PAGE…	
data.text.std_text:133:0	text	data/text/std_text.asm	133	0	para	It hasn't been	
data.text.std_text:134:0	text	data/text/std_text.asm	134	0	line	updated…	
data.text.std_text:138:0	text	data/text/std_text.asm	138	0	text	#MON RADIO!	
data.text.std_text:140:0	text	data/text/std_text.asm	140	0	para	Call in with your	
data.text.std_text:141:0	text	data/text/std_text.asm	141	0	line	requests now!	
data.text.std_text:145:0	text	data/text/std_text.asm	145	0	text	There's nothing in	
data.text.std_text:146:0	text	data/text/std_text.asm	146	0	line	here…	
data.text.std_text:150:0	text	data/text/std_text.asm	150	0	text	A #MON may be	
data.text.std_text:151:0	text	data/text/std_text.asm	151	0	line	able to move this.	
data.text.std_text:155:0	text	data/text/std_text.asm	155	0	text	Maybe a #MON	
data.text.std_text:156:0	text	data/text/std_text.asm	156	0	line	can break this.	
data.text.std_text:160:0	text	data/text/std_text.asm	160	0	text	Heal Your #MON!	
data.text.std_text:161:0	text	data/text/std_text.asm	161	0	line	#MON CENTER	
data.text.std_text:165:0	text	data/text/std_text.asm	165	0	text	For All Your	
data.text.std_text:166:0	text	data/text/std_text.asm	166	0	line	#MON Needs	
data.text.std_text:168:0	text	data/text/std_text.asm	168	0	para	#MON MART	
data.text.std_text:172:0	text	data/text/std_text.asm	172	0	text	We will now judge	
data.text.std_text:173:0	text	data/text/std_text.asm	173	0	line	the #MON you've	
data.text.std_text:174:0	text	data/text/std_text.asm	174	0	cont	caught.	
data.text.std_text:176:0	text	data/text/std_text.asm	176	0	para	<……>	
data.text.std_text:177:0	text	data/text/std_text.asm	177	0	line	<……>	
data.text.std_text:179:0	text	data/text/std_text.asm	179	0	para	We have chosen the	
data.text.std_text:180:0	text	data/text/std_text.asm	180	0	line	winners!	
data.text.std_text:182:0	text	data/text/std_text.asm	182	0	para	Are you ready for	
data.text.std_text:183:0	text	data/text/std_text.asm	183	0	line	this?	
data.text.std_text:187:0	text	data/text/std_text.asm	187	0	text	Wow! You're pretty	
data.text.std_text:188:0	text	data/text/std_text.asm	188	0	line	tough.	
data.text.std_text:190:0	text	data/text/std_text.asm	190	0	para	Could I get your	
data.text.std_text:191:0	text	data/text/std_text.asm	191	0	line	phone number?	
data.text.std_text:193:0	text	data/text/std_text.asm	193	0	para	I'll call you for	
data.text.std_text:194:0	text	data/text/std_text.asm	194	0	line	a rematch.	
data.text.std_text:198:0	text	data/text/std_text.asm	198	0	text	Register the phone	
data.text.std_text:199:0	text	data/text/std_text.asm	199	0	line	number?	
data.text.std_text:203:0	text	data/text/std_text.asm	203	0	text	<PLAYER> registered	
data.text.std_text:204:0	text	data/text/std_text.asm	204	0	line	@	
data.text.std_text:206:0	text	data/text/std_text.asm	206	0	text	's number.	
data.text.std_text:210:0	text	data/text/std_text.asm	210	0	text	I'll call you if	
data.text.std_text:211:0	text	data/text/std_text.asm	211	0	line	anything comes up.	
data.text.std_text:215:0	text	data/text/std_text.asm	215	0	text	Oh, OK…	
data.text.std_text:216:0	text	data/text/std_text.asm	216	0	line	Just talk to me if	
data.text.std_text:218:0	text	data/text/std_text.asm	218	0	para	you want to get my	
data.text.std_text:219:0	text	data/text/std_text.asm	219	0	line	phone number.	
data.text.std_text:223:0	text	data/text/std_text.asm	223	0	text	Your phone doesn't	
data.text.std_text:224:0	text	data/text/std_text.asm	224	0	line	have enough memory	
data.text.std_text:225:0	text	data/text/std_text.asm	225	0	cont	for more numbers.	
data.text.std_text:229:0	text	data/text/std_text.asm	229	0	text	I was waiting for	
data.text.std_text:230:0	text	data/text/std_text.asm	230	0	line	you. Let's battle!	
data.text.std_text:234:0	text	data/text/std_text.asm	234	0	text	Wow, you're good	
data.text.std_text:235:0	text	data/text/std_text.asm	235	0	line	at battling.	
data.text.std_text:237:0	text	data/text/std_text.asm	237	0	para	Want to give me	
data.text.std_text:238:0	text	data/text/std_text.asm	238	0	line	your phone number?	
data.text.std_text:240:0	text	data/text/std_text.asm	240	0	para	I'll phone you for	
data.text.std_text:241:0	text	data/text/std_text.asm	241	0	line	another battle.	
data.text.std_text:245:0	text	data/text/std_text.asm	245	0	text	Register the phone	
data.text.std_text:246:0	text	data/text/std_text.asm	246	0	line	number?	
data.text.std_text:250:0	text	data/text/std_text.asm	250	0	text	<PLAYER> registered	
data.text.std_text:251:0	text	data/text/std_text.asm	251	0	line	@	
data.text.std_text:253:0	text	data/text/std_text.asm	253	0	text	's number.	
data.text.std_text:257:0	text	data/text/std_text.asm	257	0	text	I'll call you if	
data.text.std_text:258:0	text	data/text/std_text.asm	258	0	line	something's up.	
data.text.std_text:262:0	text	data/text/std_text.asm	262	0	text	Oh, fine then…	
data.text.std_text:263:0	text	data/text/std_text.asm	263	0	line	If you want to get	
data.text.std_text:265:0	text	data/text/std_text.asm	265	0	para	my phone number,	
data.text.std_text:266:0	text	data/text/std_text.asm	266	0	line	just tell me.	
data.text.std_text:270:0	text	data/text/std_text.asm	270	0	text	Your phone doesn't	
data.text.std_text:271:0	text	data/text/std_text.asm	271	0	line	have enough memory	
data.text.std_text:272:0	text	data/text/std_text.asm	272	0	cont	for more numbers.	
data.text.std_text:276:0	text	data/text/std_text.asm	276	0	text	I waited for you.	
data.text.std_text:277:0	text	data/text/std_text.asm	277	0	line	Let's battle!	
data.text.std_text:281:0	text	data/text/std_text.asm	281	0	text	<PLAYER> wins the	
data.text.std_text:282:0	text	data/text/std_text.asm	282	0	line	No. @	
data.text.std_text:284:0	text	data/text/std_text.asm	284	0	text	 prize,	
data.text.std_text:285:0	text	data/text/std_text.asm	285	0	cont	a @	
data.text.std_text:287:0	text	data/text/std_text.asm	287	0	text	!	
data.text.std_text:291:0	text	data/text/std_text.asm	291	0	text	<PLAYER> received	
data.text.std_text:292:0	text	data/text/std_text.asm	292	0	line	@	
data.text.std_text:294:0	text	data/text/std_text.asm	294	0	text	.	
data.text.std_text:298:0	text	data/text/std_text.asm	298	0	text	Please join us for	
data.text.std_text:299:0	text	data/text/std_text.asm	299	0	line	the next Contest!	
data.text.std_text:303:0	text	data/text/std_text.asm	303	0	text	Everyone else gets	
data.text.std_text:304:0	text	data/text/std_text.asm	304	0	line	a BERRY as a con-	
data.text.std_text:305:0	text	data/text/std_text.asm	305	0	cont	solation prize!	
data.text.std_text:309:0	text	data/text/std_text.asm	309	0	text	We hope you do	
data.text.std_text:310:0	text	data/text/std_text.asm	310	0	line	better next time.	
data.text.std_text:314:0	text	data/text/std_text.asm	314	0	text	We'll return the	
data.text.std_text:315:0	text	data/text/std_text.asm	315	0	line	#MON we kept	
data.text.std_text:317:0	text	data/text/std_text.asm	317	0	para	for you.	
data.text.std_text:318:0	text	data/text/std_text.asm	318	0	line	Here you go!	
data.text.std_text:322:0	text	data/text/std_text.asm	322	0	text	Your party's full,	
data.text.std_text:323:0	text	data/text/std_text.asm	323	0	line	so the #MON was	
data.text.std_text:325:0	text	data/text/std_text.asm	325	0	para	sent to your BOX	
data.text.std_text:326:0	text	data/text/std_text.asm	326	0	line	in BILL's PC.	
data.text.std_text:332:0	text	data/text/std_text.asm	332	0	line	#MON GYM	
data.text.std_text:336:0	text	data/text/std_text.asm	336	0	text	LEADER: @	
data.text.std_text:339:0	text	data/text/std_text.asm	339	0	para	WINNING TRAINERS:	
data.text.std_text:340:0	text	data/text/std_text.asm	340	0	line	<PLAYER>	
data.text.std_text:344:0	text	data/text/std_text.asm	344	0	text	Welcome to the	
data.text.std_text:345:0	text	data/text/std_text.asm	345	0	line	GAME CORNER.	
data.text.std_text:349:0	text	data/text/std_text.asm	349	0	text	Do you need game	
data.text.std_text:350:0	text	data/text/std_text.asm	350	0	line	coins?	
data.text.std_text:352:0	text	data/text/std_text.asm	352	0	para	Oh, you don't have	
data.text.std_text:353:0	text	data/text/std_text.asm	353	0	line	a COIN CASE for	
data.text.std_text:354:0	text	data/text/std_text.asm	354	0	cont	your coins.	
data.text.std_text:358:0	text	data/text/std_text.asm	358	0	text	Do you need some	
data.text.std_text:359:0	text	data/text/std_text.asm	359	0	line	game coins?	
data.text.std_text:361:0	text	data/text/std_text.asm	361	0	para	It costs ¥1000 for	
data.text.std_text:362:0	text	data/text/std_text.asm	362	0	line	50 coins. Do you	
data.text.std_text:363:0	text	data/text/std_text.asm	363	0	cont	want some?	
data.text.std_text:367:0	text	data/text/std_text.asm	367	0	text	Thank you!	
data.text.std_text:368:0	text	data/text/std_text.asm	368	0	line	Here are 50 coins.	
data.text.std_text:372:0	text	data/text/std_text.asm	372	0	text	Thank you! Here	
data.text.std_text:373:0	text	data/text/std_text.asm	373	0	line	are 500 coins.	
data.text.std_text:377:0	text	data/text/std_text.asm	377	0	text	You don't have	
data.text.std_text:378:0	text	data/text/std_text.asm	378	0	line	enough money.	
data.text.std_text:382:0	text	data/text/std_text.asm	382	0	text	Whoops! Your COIN	
data.text.std_text:383:0	text	data/text/std_text.asm	383	0	line	CASE is full.	
data.text.std_text:387:0	text	data/text/std_text.asm	387	0	text	No coins for you?	
data.text.std_text:388:0	text	data/text/std_text.asm	388	0	line	Come again!	
data.text.std_text:392:0	text	data/text/std_text.asm	392	0	text	Oh? Your PACK is	
data.text.std_text:393:0	text	data/text/std_text.asm	393	0	line	full.	
data.text.std_text:395:0	text	data/text/std_text.asm	395	0	para	We'll keep this	
data.text.std_text:396:0	text	data/text/std_text.asm	396	0	line	for you today, so	
data.text.std_text:398:0	text	data/text/std_text.asm	398	0	para	come back when you	
data.text.std_text:399:0	text	data/text/std_text.asm	399	0	line	make room for it.	
data.text.std_text:403:0	text	data/text/std_text.asm	403	0	text	Wow! You and your	
data.text.std_text:404:0	text	data/text/std_text.asm	404	0	line	#MON are really	
data.text.std_text:405:0	text	data/text/std_text.asm	405	0	cont	close!	
data.text.std_text:409:0	text	data/text/std_text.asm	409	0	text	#MON get more	
data.text.std_text:410:0	text	data/text/std_text.asm	410	0	line	friendly if you	
data.text.std_text:412:0	text	data/text/std_text.asm	412	0	para	spend time with	
data.text.std_text:413:0	text	data/text/std_text.asm	413	0	line	them.	
data.text.std_text:417:0	text	data/text/std_text.asm	417	0	text	You haven't tamed	
data.text.std_text:418:0	text	data/text/std_text.asm	418	0	line	your #MON.	
data.text.std_text:420:0	text	data/text/std_text.asm	420	0	para	If you aren't	
data.text.std_text:421:0	text	data/text/std_text.asm	421	0	line	nice, it'll pout.	
data.text.unused_gen1_trainer_names:51:0	text	data/text/unused_gen1_trainer_names.asm	51	0	db	たんパン@	
data.text.unused_gen1_trainer_names:52:0	text	data/text/unused_gen1_trainer_names.asm	52	0	db	むしとり@	
data.text.unused_gen1_trainer_names:53:0	text	data/text/unused_gen1_trainer_names.asm	53	0	db	ミニスカ@	
data.text.unused_gen1_trainer_names:54:0	text	data/text/unused_gen1_trainer_names.asm	54	0	db	ボーイ@	
data.text.unused_gen1_trainer_names:55:0	text	data/text/unused_gen1_trainer_names.asm	55	0	db	ガール@	
data.text.unused_gen1_trainer_names:56:0	text	data/text/unused_gen1_trainer_names.asm	56	0	db	マニア@	
data.text.unused_gen1_trainer_names:57:0	text	data/text/unused_gen1_trainer_names.asm	57	0	db	りかけい@	
data.text.unused_gen1_trainer_names:58:0	text	data/text/unused_gen1_trainer_names.asm	58	0	db	どろぼう@	
data.text.unused_gen1_trainer_names:59:0	text	data/text/unused_gen1_trainer_names.asm	59	0	db	オヤジ@	
data.text.unused_gen1_trainer_names:60:0	text	data/text/unused_gen1_trainer_names.asm	60	0	db	ジャック@	
data.text.unused_gen1_trainer_names:61:0	text	data/text/unused_gen1_trainer_names.asm	61	0	db	かいパン@	
data.text.unused_gen1_trainer_names:62:0	text	data/text/unused_gen1_trainer_names.asm	62	0	db	おねえさん@	
data.text.unused_gen1_trainer_names:63:0	text	data/text/unused_gen1_trainer_names.asm	63	0	db	グループ@	
data.text.unused_gen1_trainer_names:64:0	text	data/text/unused_gen1_trainer_names.asm	64	0	db	ジャグラー@	
data.text.unused_gen1_trainer_names:65:0	text	data/text/unused_gen1_trainer_names.asm	65	0	db	からて@	
data.text.unused_gen1_trainer_names:66:0	text	data/text/unused_gen1_trainer_names.asm	66	0	db	オーキド@	
data.text.unused_gen1_trainer_names:67:0	text	data/text/unused_gen1_trainer_names.asm	67	0	db	チーフ@	
data.text.unused_gen1_trainer_names:68:0	text	data/text/unused_gen1_trainer_names.asm	68	0	db	けんきゅういん@	
data.text.unused_gen1_trainer_names:69:0	text	data/text/unused_gen1_trainer_names.asm	69	0	db	だんいん@	
data.text.unused_gen1_trainer_names:70:0	text	data/text/unused_gen1_trainer_names.asm	70	0	db	エりート♂@	
data.text.unused_gen1_trainer_names:71:0	text	data/text/unused_gen1_trainer_names.asm	71	0	db	エりート♀@	
data.text.unused_sweet_honey:12:0	text	data/text/unused_sweet_honey.asm	12	0	text	My #MON is an	
data.text.unused_sweet_honey:13:0	text	data/text/unused_sweet_honey.asm	13	0	line	expert at collect-	
data.text.unused_sweet_honey:14:0	text	data/text/unused_sweet_honey.asm	14	0	cont	ing SWEET HONEY.	
data.text.unused_sweet_honey:16:0	text	data/text/unused_sweet_honey.asm	16	0	para	I'll share some	
data.text.unused_sweet_honey:17:0	text	data/text/unused_sweet_honey.asm	17	0	line	with you.	
data.text.unused_sweet_honey:21:0	text	data/text/unused_sweet_honey.asm	21	0	text	I want to give you	
data.text.unused_sweet_honey:22:0	text	data/text/unused_sweet_honey.asm	22	0	line	some SWEET HONEY,	
data.text.unused_sweet_honey:24:0	text	data/text/unused_sweet_honey.asm	24	0	para	but you have no	
data.text.unused_sweet_honey:25:0	text	data/text/unused_sweet_honey.asm	25	0	line	room for it.	
data.text.unused_sweet_honey:29:0	text	data/text/unused_sweet_honey.asm	29	0	text	Here you go! Have	
data.text.unused_sweet_honey:30:0	text	data/text/unused_sweet_honey.asm	30	0	line	some SWEET HONEY!	
data.text.unused_sweet_honey:34:0	text	data/text/unused_sweet_honey.asm	34	0	text	<PLAYER> received	
data.text.unused_sweet_honey:35:0	text	data/text/unused_sweet_honey.asm	35	0	line	SWEET HONEY.	
data.text.unused_sweet_honey:39:0	text	data/text/unused_sweet_honey.asm	39	0	text	My little brother	
data.text.unused_sweet_honey:40:0	text	data/text/unused_sweet_honey.asm	40	0	line	takes SWEET HONEY	
data.text.unused_sweet_honey:42:0	text	data/text/unused_sweet_honey.asm	42	0	para	and goes somewhere	
data.text.unused_sweet_honey:43:0	text	data/text/unused_sweet_honey.asm	43	0	line	with it.	
data.text.unused_sweet_honey:45:0	text	data/text/unused_sweet_honey.asm	45	0	para	I wonder what he's	
data.text.unused_sweet_honey:46:0	text	data/text/unused_sweet_honey.asm	46	0	line	up to?	
data.text.unused_sweet_honey:50:0	text	data/text/unused_sweet_honey.asm	50	0	text	Did you put SWEET	
data.text.unused_sweet_honey:51:0	text	data/text/unused_sweet_honey.asm	51	0	line	HONEY on a tree?	
data.text.unused_sweet_honey:53:0	text	data/text/unused_sweet_honey.asm	53	0	para	What happened to	
data.text.unused_sweet_honey:54:0	text	data/text/unused_sweet_honey.asm	54	0	line	it?	
data.text.unused_sweet_honey:58:0	text	data/text/unused_sweet_honey.asm	58	0	text	Did you put SWEET	
data.text.unused_sweet_honey:59:0	text	data/text/unused_sweet_honey.asm	59	0	line	HONEY on a tree?	
data.text.unused_sweet_honey:61:0	text	data/text/unused_sweet_honey.asm	61	0	para	It takes about a	
data.text.unused_sweet_honey:62:0	text	data/text/unused_sweet_honey.asm	62	0	line	day for #MON to	
data.text.unused_sweet_honey:63:0	text	data/text/unused_sweet_honey.asm	63	0	cont	be drawn to it.	
data.text.unused_sweet_honey:67:0	text	data/text/unused_sweet_honey.asm	67	0	text	BUTTERFREE: Freeh!	
data.trainers.class_names:4:0	text	data/trainers/class_names.asm	4	0	li	LEADER	
data.trainers.class_names:5:0	text	data/trainers/class_names.asm	5	0	li	LEADER	
data.trainers.class_names:6:0	text	data/trainers/class_names.asm	6	0	li	LEADER	
data.trainers.class_names:7:0	text	data/trainers/class_names.asm	7	0	li	LEADER	
data.trainers.class_names:8:0	text	data/trainers/class_names.asm	8	0	li	LEADER	
data.trainers.class_names:9:0	text	data/trainers/class_names.asm	9	0	li	LEADER	
data.trainers.class_names:10:0	text	data/trainers/class_names.asm	10	0	li	LEADER	
data.trainers.class_names:11:0	text	data/trainers/class_names.asm	11	0	li	LEADER	
data.trainers.class_names:12:0	text	data/trainers/class_names.asm	12	0	li	RIVAL	
data.trainers.class_names:13:0	text	data/trainers/class_names.asm	13	0	li	#MON PROF.	
data.trainers.class_names:14:0	text	data/trainers/class_names.asm	14	0	li	ELITE FOUR	
data.trainers.class_names:15:0	text	data/trainers/class_names.asm	15	0	li	<PKMN> TRAINER	
data.trainers.class_names:16:0	text	data/trainers/class_names.asm	16	0	li	ELITE FOUR	
data.trainers.class_names:17:0	text	data/trainers/class_names.asm	17	0	li	ELITE FOUR	
data.trainers.class_names:18:0	text	data/trainers/class_names.asm	18	0	li	ELITE FOUR	
data.trainers.class_names:19:0	text	data/trainers/class_names.asm	19	0	li	CHAMPION	
data.trainers.class_names:20:0	text	data/trainers/class_names.asm	20	0	li	LEADER	
data.trainers.class_names:21:0	text	data/trainers/class_names.asm	21	0	li	LEADER	
data.trainers.class_names:22:0	text	data/trainers/class_names.asm	22	0	li	LEADER	
data.trainers.class_names:23:0	text	data/trainers/class_names.asm	23	0	li	SCIENTIST	
data.trainers.class_names:24:0	text	data/trainers/class_names.asm	24	0	li	LEADER	
data.trainers.class_names:25:0	text	data/trainers/class_names.asm	25	0	li	YOUNGSTER	
data.trainers.class_names:26:0	text	data/trainers/class_names.asm	26	0	li	SCHOOLBOY	
data.trainers.class_names:27:0	text	data/trainers/class_names.asm	27	0	li	BIRD KEEPER	
data.trainers.class_names:28:0	text	data/trainers/class_names.asm	28	0	li	LASS	
data.trainers.class_names:29:0	text	data/trainers/class_names.asm	29	0	li	LEADER	
data.trainers.class_names:30:0	text	data/trainers/class_names.asm	30	0	li	COOLTRAINER	
data.trainers.class_names:31:0	text	data/trainers/class_names.asm	31	0	li	COOLTRAINER	
data.trainers.class_names:32:0	text	data/trainers/class_names.asm	32	0	li	BEAUTY	
data.trainers.class_names:33:0	text	data/trainers/class_names.asm	33	0	li	#MANIAC	
data.trainers.class_names:34:0	text	data/trainers/class_names.asm	34	0	li	ROCKET	
data.trainers.class_names:35:0	text	data/trainers/class_names.asm	35	0	li	GENTLEMAN	
data.trainers.class_names:36:0	text	data/trainers/class_names.asm	36	0	li	SKIER	
data.trainers.class_names:37:0	text	data/trainers/class_names.asm	37	0	li	TEACHER	
data.trainers.class_names:38:0	text	data/trainers/class_names.asm	38	0	li	LEADER	
data.trainers.class_names:39:0	text	data/trainers/class_names.asm	39	0	li	BUG CATCHER	
data.trainers.class_names:40:0	text	data/trainers/class_names.asm	40	0	li	FISHER	
data.trainers.class_names:41:0	text	data/trainers/class_names.asm	41	0	li	SWIMMER♂	
data.trainers.class_names:42:0	text	data/trainers/class_names.asm	42	0	li	SWIMMER♀	
data.trainers.class_names:43:0	text	data/trainers/class_names.asm	43	0	li	SAILOR	
data.trainers.class_names:44:0	text	data/trainers/class_names.asm	44	0	li	SUPER NERD	
data.trainers.class_names:45:0	text	data/trainers/class_names.asm	45	0	li	RIVAL	
data.trainers.class_names:46:0	text	data/trainers/class_names.asm	46	0	li	GUITARIST	
data.trainers.class_names:47:0	text	data/trainers/class_names.asm	47	0	li	HIKER	
data.trainers.class_names:48:0	text	data/trainers/class_names.asm	48	0	li	BIKER	
data.trainers.class_names:49:0	text	data/trainers/class_names.asm	49	0	li	LEADER	
data.trainers.class_names:50:0	text	data/trainers/class_names.asm	50	0	li	BURGLAR	
data.trainers.class_names:51:0	text	data/trainers/class_names.asm	51	0	li	FIREBREATHER	
data.trainers.class_names:52:0	text	data/trainers/class_names.asm	52	0	li	JUGGLER	
data.trainers.class_names:53:0	text	data/trainers/class_names.asm	53	0	li	BLACKBELT	
data.trainers.class_names:54:0	text	data/trainers/class_names.asm	54	0	li	ROCKET	
data.trainers.class_names:55:0	text	data/trainers/class_names.asm	55	0	li	PSYCHIC	
data.trainers.class_names:56:0	text	data/trainers/class_names.asm	56	0	li	PICNICKER	
data.trainers.class_names:57:0	text	data/trainers/class_names.asm	57	0	li	CAMPER	
data.trainers.class_names:58:0	text	data/trainers/class_names.asm	58	0	li	ROCKET	
data.trainers.class_names:59:0	text	data/trainers/class_names.asm	59	0	li	SAGE	
data.trainers.class_names:60:0	text	data/trainers/class_names.asm	60	0	li	MEDIUM	
data.trainers.class_names:61:0	text	data/trainers/class_names.asm	61	0	li	BOARDER	
data.trainers.class_names:62:0	text	data/trainers/class_names.asm	62	0	li	#FAN	
data.trainers.class_names:63:0	text	data/trainers/class_names.asm	63	0	li	KIMONO GIRL	
data.trainers.class_names:64:0	text	data/trainers/class_names.asm	64	0	li	TWINS	
data.trainers.class_names:65:0	text	data/trainers/class_names.asm	65	0	li	#FAN	
data.trainers.class_names:66:0	text	data/trainers/class_names.asm	66	0	li	<PKMN> TRAINER	
data.trainers.class_names:67:0	text	data/trainers/class_names.asm	67	0	li	LEADER	
data.trainers.class_names:68:0	text	data/trainers/class_names.asm	68	0	li	OFFICER	
data.trainers.class_names:69:0	text	data/trainers/class_names.asm	69	0	li	ROCKET	
data.trainers.parties:15:0	text	data/trainers/parties.asm	15	0	db	FALKNER@	
data.trainers.parties:22:0	text	data/trainers/parties.asm	22	0	db	WHITNEY@	
data.trainers.parties:29:0	text	data/trainers/parties.asm	29	0	db	BUGSY@	
data.trainers.parties:37:0	text	data/trainers/parties.asm	37	0	db	MORTY@	
data.trainers.parties:46:0	text	data/trainers/parties.asm	46	0	db	PRYCE@	
data.trainers.parties:54:0	text	data/trainers/parties.asm	54	0	db	JASMINE@	
data.trainers.parties:62:0	text	data/trainers/parties.asm	62	0	db	CHUCK@	
data.trainers.parties:69:0	text	data/trainers/parties.asm	69	0	db	CLAIR@	
data.trainers.parties:78:0	text	data/trainers/parties.asm	78	0	db	?@	
data.trainers.parties:83:0	text	data/trainers/parties.asm	83	0	db	?@	
data.trainers.parties:88:0	text	data/trainers/parties.asm	88	0	db	?@	
data.trainers.parties:93:0	text	data/trainers/parties.asm	93	0	db	?@	
data.trainers.parties:100:0	text	data/trainers/parties.asm	100	0	db	?@	
data.trainers.parties:107:0	text	data/trainers/parties.asm	107	0	db	?@	
data.trainers.parties:114:0	text	data/trainers/parties.asm	114	0	db	?@	
data.trainers.parties:122:0	text	data/trainers/parties.asm	122	0	db	?@	
data.trainers.parties:130:0	text	data/trainers/parties.asm	130	0	db	?@	
data.trainers.parties:138:0	text	data/trainers/parties.asm	138	0	db	?@	
data.trainers.parties:147:0	text	data/trainers/parties.asm	147	0	db	?@	
data.trainers.parties:156:0	text	data/trainers/parties.asm	156	0	db	?@	
data.trainers.parties:165:0	text	data/trainers/parties.asm	165	0	db	?@	
data.trainers.parties:175:0	text	data/trainers/parties.asm	175	0	db	?@	
data.trainers.parties:185:0	text	data/trainers/parties.asm	185	0	db	?@	
data.trainers.parties:198:0	text	data/trainers/parties.asm	198	0	db	WILL@	
data.trainers.parties:208:0	text	data/trainers/parties.asm	208	0	db	CAL@	
data.trainers.parties:215:0	text	data/trainers/parties.asm	215	0	db	CAL@	
data.trainers.parties:222:0	text	data/trainers/parties.asm	222	0	db	CAL@	
data.trainers.parties:230:0	text	data/trainers/parties.asm	230	0	db	BRUNO@	
data.trainers.parties:240:0	text	data/trainers/parties.asm	240	0	db	KAREN@	
data.trainers.parties:250:0	text	data/trainers/parties.asm	250	0	db	KOGA@	
data.trainers.parties:260:0	text	data/trainers/parties.asm	260	0	db	LANCE@	
data.trainers.parties:271:0	text	data/trainers/parties.asm	271	0	db	BROCK@	
data.trainers.parties:281:0	text	data/trainers/parties.asm	281	0	db	MISTY@	
data.trainers.parties:290:0	text	data/trainers/parties.asm	290	0	db	LT.SURGE@	
data.trainers.parties:300:0	text	data/trainers/parties.asm	300	0	db	ROSS@	
data.trainers.parties:306:0	text	data/trainers/parties.asm	306	0	db	MITCH@	
data.trainers.parties:311:0	text	data/trainers/parties.asm	311	0	db	JED@	
data.trainers.parties:318:0	text	data/trainers/parties.asm	318	0	db	MARC@	
data.trainers.parties:325:0	text	data/trainers/parties.asm	325	0	db	RICH@	
data.trainers.parties:331:0	text	data/trainers/parties.asm	331	0	db	ERIKA@	
data.trainers.parties:340:0	text	data/trainers/parties.asm	340	0	db	JOEY@	
data.trainers.parties:345:0	text	data/trainers/parties.asm	345	0	db	MIKEY@	
data.trainers.parties:351:0	text	data/trainers/parties.asm	351	0	db	ALBERT@	
data.trainers.parties:357:0	text	data/trainers/parties.asm	357	0	db	GORDON@	
data.trainers.parties:362:0	text	data/trainers/parties.asm	362	0	db	SAMUEL@	
data.trainers.parties:370:0	text	data/trainers/parties.asm	370	0	db	IAN@	
data.trainers.parties:376:0	text	data/trainers/parties.asm	376	0	db	JOEY@	
data.trainers.parties:381:0	text	data/trainers/parties.asm	381	0	db	JOEY@	
data.trainers.parties:386:0	text	data/trainers/parties.asm	386	0	db	WARREN@	
data.trainers.parties:391:0	text	data/trainers/parties.asm	391	0	db	JIMMY@	
data.trainers.parties:397:0	text	data/trainers/parties.asm	397	0	db	OWEN@	
data.trainers.parties:402:0	text	data/trainers/parties.asm	402	0	db	JASON@	
data.trainers.parties:409:0	text	data/trainers/parties.asm	409	0	db	JACK@	
data.trainers.parties:415:0	text	data/trainers/parties.asm	415	0	db	KIPP@	
data.trainers.parties:423:0	text	data/trainers/parties.asm	423	0	db	ALAN@	
data.trainers.parties:428:0	text	data/trainers/parties.asm	428	0	db	JOHNNY@	
data.trainers.parties:435:0	text	data/trainers/parties.asm	435	0	db	DANNY@	
data.trainers.parties:442:0	text	data/trainers/parties.asm	442	0	db	TOMMY@	
data.trainers.parties:448:0	text	data/trainers/parties.asm	448	0	db	DUDLEY@	
data.trainers.parties:453:0	text	data/trainers/parties.asm	453	0	db	JOE@	
data.trainers.parties:459:0	text	data/trainers/parties.asm	459	0	db	BILLY@	
data.trainers.parties:467:0	text	data/trainers/parties.asm	467	0	db	CHAD@	
data.trainers.parties:472:0	text	data/trainers/parties.asm	472	0	db	NATE@	
data.trainers.parties:478:0	text	data/trainers/parties.asm	478	0	db	RICKY@	
data.trainers.parties:484:0	text	data/trainers/parties.asm	484	0	db	JACK@	
data.trainers.parties:490:0	text	data/trainers/parties.asm	490	0	db	JACK@	
data.trainers.parties:496:0	text	data/trainers/parties.asm	496	0	db	ALAN@	
data.trainers.parties:502:0	text	data/trainers/parties.asm	502	0	db	ALAN@	
data.trainers.parties:510:0	text	data/trainers/parties.asm	510	0	db	CHAD@	
data.trainers.parties:516:0	text	data/trainers/parties.asm	516	0	db	CHAD@	
data.trainers.parties:523:0	text	data/trainers/parties.asm	523	0	db	ROD@	
data.trainers.parties:529:0	text	data/trainers/parties.asm	529	0	db	ABE@	
data.trainers.parties:534:0	text	data/trainers/parties.asm	534	0	db	BRYAN@	
data.trainers.parties:540:0	text	data/trainers/parties.asm	540	0	db	THEO@	
data.trainers.parties:549:0	text	data/trainers/parties.asm	549	0	db	TOBY@	
data.trainers.parties:556:0	text	data/trainers/parties.asm	556	0	db	DENIS@	
data.trainers.parties:563:0	text	data/trainers/parties.asm	563	0	db	VANCE@	
data.trainers.parties:569:0	text	data/trainers/parties.asm	569	0	db	HANK@	
data.trainers.parties:575:0	text	data/trainers/parties.asm	575	0	db	ROY@	
data.trainers.parties:581:0	text	data/trainers/parties.asm	581	0	db	BORIS@	
data.trainers.parties:588:0	text	data/trainers/parties.asm	588	0	db	BOB@	
data.trainers.parties:593:0	text	data/trainers/parties.asm	593	0	db	JOSE@	
data.trainers.parties:598:0	text	data/trainers/parties.asm	598	0	db	PETER@	
data.trainers.parties:605:0	text	data/trainers/parties.asm	605	0	db	JOSE@	
data.trainers.parties:610:0	text	data/trainers/parties.asm	610	0	db	PERRY@	
data.trainers.parties:615:0	text	data/trainers/parties.asm	615	0	db	BRET@	
data.trainers.parties:621:0	text	data/trainers/parties.asm	621	0	db	JOSE@	
data.trainers.parties:626:0	text	data/trainers/parties.asm	626	0	db	VANCE@	
data.trainers.parties:632:0	text	data/trainers/parties.asm	632	0	db	VANCE@	
data.trainers.parties:639:0	text	data/trainers/parties.asm	639	0	db	CARRIE@	
data.trainers.parties:644:0	text	data/trainers/parties.asm	644	0	db	BRIDGET@	
data.trainers.parties:651:0	text	data/trainers/parties.asm	651	0	db	ALICE@	
data.trainers.parties:658:0	text	data/trainers/parties.asm	658	0	db	KRISE@	
data.trainers.parties:664:0	text	data/trainers/parties.asm	664	0	db	CONNIE@	
data.trainers.parties:669:0	text	data/trainers/parties.asm	669	0	db	LINDA@	
data.trainers.parties:676:0	text	data/trainers/parties.asm	676	0	db	LAURA@	
data.trainers.parties:683:0	text	data/trainers/parties.asm	683	0	db	SHANNON@	
data.trainers.parties:690:0	text	data/trainers/parties.asm	690	0	db	MICHELLE@	
data.trainers.parties:697:0	text	data/trainers/parties.asm	697	0	db	DANA@	
data.trainers.parties:703:0	text	data/trainers/parties.asm	703	0	db	ELLEN@	
data.trainers.parties:709:0	text	data/trainers/parties.asm	709	0	db	CONNIE@	
data.trainers.parties:714:0	text	data/trainers/parties.asm	714	0	db	CONNIE@	
data.trainers.parties:719:0	text	data/trainers/parties.asm	719	0	db	DANA@	
data.trainers.parties:725:0	text	data/trainers/parties.asm	725	0	db	DANA@	
data.trainers.parties:732:0	text	data/trainers/parties.asm	732	0	db	JANINE@	
data.trainers.parties:742:0	text	data/trainers/parties.asm	742	0	db	NICK@	
data.trainers.parties:749:0	text	data/trainers/parties.asm	749	0	db	AARON@	
data.trainers.parties:756:0	text	data/trainers/parties.asm	756	0	db	PAUL@	
data.trainers.parties:763:0	text	data/trainers/parties.asm	763	0	db	CODY@	
data.trainers.parties:769:0	text	data/trainers/parties.asm	769	0	db	MIKE@	
data.trainers.parties:774:0	text	data/trainers/parties.asm	774	0	db	GAVEN@	
data.trainers.parties:781:0	text	data/trainers/parties.asm	781	0	db	GAVEN@	
data.trainers.parties:788:0	text	data/trainers/parties.asm	788	0	db	RYAN@	
data.trainers.parties:794:0	text	data/trainers/parties.asm	794	0	db	JAKE@	
data.trainers.parties:800:0	text	data/trainers/parties.asm	800	0	db	GAVEN@	
data.trainers.parties:807:0	text	data/trainers/parties.asm	807	0	db	BLAKE@	
data.trainers.parties:814:0	text	data/trainers/parties.asm	814	0	db	BRIAN@	
data.trainers.parties:819:0	text	data/trainers/parties.asm	819	0	db	ERICK@	
data.trainers.parties:826:0	text	data/trainers/parties.asm	826	0	db	ANDY@	
data.trainers.parties:833:0	text	data/trainers/parties.asm	833	0	db	TYLER@	
data.trainers.parties:840:0	text	data/trainers/parties.asm	840	0	db	SEAN@	
data.trainers.parties:847:0	text	data/trainers/parties.asm	847	0	db	KEVIN@	
data.trainers.parties:854:0	text	data/trainers/parties.asm	854	0	db	STEVE@	
data.trainers.parties:861:0	text	data/trainers/parties.asm	861	0	db	ALLEN@	
data.trainers.parties:867:0	text	data/trainers/parties.asm	867	0	db	GWEN@	
data.trainers.parties:875:0	text	data/trainers/parties.asm	875	0	db	LOIS@	
data.trainers.parties:881:0	text	data/trainers/parties.asm	881	0	db	FRAN@	
data.trainers.parties:886:0	text	data/trainers/parties.asm	886	0	db	LOLA@	
data.trainers.parties:892:0	text	data/trainers/parties.asm	892	0	db	KATE@	
data.trainers.parties:898:0	text	data/trainers/parties.asm	898	0	db	IRENE@	
data.trainers.parties:904:0	text	data/trainers/parties.asm	904	0	db	KELLY@	
data.trainers.parties:911:0	text	data/trainers/parties.asm	911	0	db	JOYCE@	
data.trainers.parties:917:0	text	data/trainers/parties.asm	917	0	db	BETH@	
data.trainers.parties:922:0	text	data/trainers/parties.asm	922	0	db	REENA@	
data.trainers.parties:929:0	text	data/trainers/parties.asm	929	0	db	MEGAN@	
data.trainers.parties:936:0	text	data/trainers/parties.asm	936	0	db	BETH@	
data.trainers.parties:941:0	text	data/trainers/parties.asm	941	0	db	CAROL@	
data.trainers.parties:948:0	text	data/trainers/parties.asm	948	0	db	QUINN@	
data.trainers.parties:954:0	text	data/trainers/parties.asm	954	0	db	EMMA@	
data.trainers.parties:959:0	text	data/trainers/parties.asm	959	0	db	CYBIL@	
data.trainers.parties:965:0	text	data/trainers/parties.asm	965	0	db	JENN@	
data.trainers.parties:971:0	text	data/trainers/parties.asm	971	0	db	BETH@	
data.trainers.parties:976:0	text	data/trainers/parties.asm	976	0	db	REENA@	
data.trainers.parties:983:0	text	data/trainers/parties.asm	983	0	db	REENA@	
data.trainers.parties:991:0	text	data/trainers/parties.asm	991	0	db	VICTORIA@	
data.trainers.parties:998:0	text	data/trainers/parties.asm	998	0	db	SAMANTHA@	
data.trainers.parties:1004:0	text	data/trainers/parties.asm	1004	0	db	JULIE@	
data.trainers.parties:1009:0	text	data/trainers/parties.asm	1009	0	db	JACLYN@	
data.trainers.parties:1014:0	text	data/trainers/parties.asm	1014	0	db	BRENDA@	
data.trainers.parties:1019:0	text	data/trainers/parties.asm	1019	0	db	CASSIE@	
data.trainers.parties:1025:0	text	data/trainers/parties.asm	1025	0	db	CAROLINE@	
data.trainers.parties:1032:0	text	data/trainers/parties.asm	1032	0	db	CARLENE@	
data.trainers.parties:1037:0	text	data/trainers/parties.asm	1037	0	db	JESSICA@	
data.trainers.parties:1042:0	text	data/trainers/parties.asm	1042	0	db	RACHAEL@	
data.trainers.parties:1047:0	text	data/trainers/parties.asm	1047	0	db	ANGELICA@	
data.trainers.parties:1052:0	text	data/trainers/parties.asm	1052	0	db	KENDRA@	
data.trainers.parties:1057:0	text	data/trainers/parties.asm	1057	0	db	VERONICA@	
data.trainers.parties:1062:0	text	data/trainers/parties.asm	1062	0	db	JULIA@	
data.trainers.parties:1069:0	text	data/trainers/parties.asm	1069	0	db	THERESA@	
data.trainers.parties:1074:0	text	data/trainers/parties.asm	1074	0	db	VALERIE@	
data.trainers.parties:1081:0	text	data/trainers/parties.asm	1081	0	db	LARRY@	
data.trainers.parties:1086:0	text	data/trainers/parties.asm	1086	0	db	ANDREW@	
data.trainers.parties:1092:0	text	data/trainers/parties.asm	1092	0	db	CALVIN@	
data.trainers.parties:1097:0	text	data/trainers/parties.asm	1097	0	db	SHANE@	
data.trainers.parties:1103:0	text	data/trainers/parties.asm	1103	0	db	BEN@	
data.trainers.parties:1108:0	text	data/trainers/parties.asm	1108	0	db	BRENT@	
data.trainers.parties:1113:0	text	data/trainers/parties.asm	1113	0	db	RON@	
data.trainers.parties:1118:0	text	data/trainers/parties.asm	1118	0	db	ETHAN@	
data.trainers.parties:1124:0	text	data/trainers/parties.asm	1124	0	db	BRENT@	
data.trainers.parties:1130:0	text	data/trainers/parties.asm	1130	0	db	BRENT@	
data.trainers.parties:1138:0	text	data/trainers/parties.asm	1138	0	db	ISSAC@	
data.trainers.parties:1143:0	text	data/trainers/parties.asm	1143	0	db	DONALD@	
data.trainers.parties:1149:0	text	data/trainers/parties.asm	1149	0	db	ZACH@	
data.trainers.parties:1155:0	text	data/trainers/parties.asm	1155	0	db	GRUNT@	
data.trainers.parties:1160:0	text	data/trainers/parties.asm	1160	0	db	GRUNT@	
data.trainers.parties:1167:0	text	data/trainers/parties.asm	1167	0	db	GRUNT@	
data.trainers.parties:1173:0	text	data/trainers/parties.asm	1173	0	db	GRUNT@	
data.trainers.parties:1180:0	text	data/trainers/parties.asm	1180	0	db	GRUNT@	
data.trainers.parties:1189:0	text	data/trainers/parties.asm	1189	0	db	GRUNT@	
data.trainers.parties:1195:0	text	data/trainers/parties.asm	1195	0	db	GRUNT@	
data.trainers.parties:1203:0	text	data/trainers/parties.asm	1203	0	db	GRUNT@	
data.trainers.parties:1208:0	text	data/trainers/parties.asm	1208	0	db	GRUNT@	
data.trainers.parties:1214:0	text	data/trainers/parties.asm	1214	0	db	GRUNT@	
data.trainers.parties:1221:0	text	data/trainers/parties.asm	1221	0	db	GRUNT@	
data.trainers.parties:1228:0	text	data/trainers/parties.asm	1228	0	db	EXECUTIVE@	
data.trainers.parties:1233:0	text	data/trainers/parties.asm	1233	0	db	GRUNT@	
data.trainers.parties:1238:0	text	data/trainers/parties.asm	1238	0	db	GRUNT@	
data.trainers.parties:1244:0	text	data/trainers/parties.asm	1244	0	db	GRUNT@	
data.trainers.parties:1250:0	text	data/trainers/parties.asm	1250	0	db	GRUNT@	
data.trainers.parties:1258:0	text	data/trainers/parties.asm	1258	0	db	GRUNT@	
data.trainers.parties:1263:0	text	data/trainers/parties.asm	1263	0	db	GRUNT@	
data.trainers.parties:1270:0	text	data/trainers/parties.asm	1270	0	db	GRUNT@	
data.trainers.parties:1276:0	text	data/trainers/parties.asm	1276	0	db	GRUNT@	
data.trainers.parties:1282:0	text	data/trainers/parties.asm	1282	0	db	GRUNT@	
data.trainers.parties:1289:0	text	data/trainers/parties.asm	1289	0	db	EXECUTIVE@	
data.trainers.parties:1294:0	text	data/trainers/parties.asm	1294	0	db	EXECUTIVE@	
data.trainers.parties:1299:0	text	data/trainers/parties.asm	1299	0	db	GRUNT@	
data.trainers.parties:1305:0	text	data/trainers/parties.asm	1305	0	db	GRUNT@	
data.trainers.parties:1311:0	text	data/trainers/parties.asm	1311	0	db	GRUNT@	
data.trainers.parties:1317:0	text	data/trainers/parties.asm	1317	0	db	EXECUTIVE@	
data.trainers.parties:1322:0	text	data/trainers/parties.asm	1322	0	db	GRUNT@	
data.trainers.parties:1327:0	text	data/trainers/parties.asm	1327	0	db	GRUNT@	
data.trainers.parties:1333:0	text	data/trainers/parties.asm	1333	0	db	GRUNT@	
data.trainers.parties:1340:0	text	data/trainers/parties.asm	1340	0	db	GRUNT@	
data.trainers.parties:1346:0	text	data/trainers/parties.asm	1346	0	db	PRESTON@	
data.trainers.parties:1352:0	text	data/trainers/parties.asm	1352	0	db	EDWARD@	
data.trainers.parties:1357:0	text	data/trainers/parties.asm	1357	0	db	GREGORY@	
data.trainers.parties:1363:0	text	data/trainers/parties.asm	1363	0	db	VIRGIL@	
data.trainers.parties:1368:0	text	data/trainers/parties.asm	1368	0	db	ALFRED@	
data.trainers.parties:1374:0	text	data/trainers/parties.asm	1374	0	db	ROXANNE@	
data.trainers.parties:1379:0	text	data/trainers/parties.asm	1379	0	db	CLARISSA@	
data.trainers.parties:1385:0	text	data/trainers/parties.asm	1385	0	db	COLETTE@	
data.trainers.parties:1390:0	text	data/trainers/parties.asm	1390	0	db	HILLARY@	
data.trainers.parties:1396:0	text	data/trainers/parties.asm	1396	0	db	SHIRLEY@	
data.trainers.parties:1402:0	text	data/trainers/parties.asm	1402	0	db	SABRINA@	
data.trainers.parties:1410:0	text	data/trainers/parties.asm	1410	0	db	DON@	
data.trainers.parties:1416:0	text	data/trainers/parties.asm	1416	0	db	ROB@	
data.trainers.parties:1422:0	text	data/trainers/parties.asm	1422	0	db	ED@	
data.trainers.parties:1429:0	text	data/trainers/parties.asm	1429	0	db	WADE@	
data.trainers.parties:1437:0	text	data/trainers/parties.asm	1437	0	db	BENNY@	
data.trainers.parties:1444:0	text	data/trainers/parties.asm	1444	0	db	AL@	
data.trainers.parties:1450:0	text	data/trainers/parties.asm	1450	0	db	JOSH@	
data.trainers.parties:1455:0	text	data/trainers/parties.asm	1455	0	db	ARNIE@	
data.trainers.parties:1460:0	text	data/trainers/parties.asm	1460	0	db	KEN@	
data.trainers.parties:1466:0	text	data/trainers/parties.asm	1466	0	db	WADE@	
data.trainers.parties:1474:0	text	data/trainers/parties.asm	1474	0	db	WADE@	
data.trainers.parties:1482:0	text	data/trainers/parties.asm	1482	0	db	DOUG@	
data.trainers.parties:1487:0	text	data/trainers/parties.asm	1487	0	db	ARNIE@	
data.trainers.parties:1492:0	text	data/trainers/parties.asm	1492	0	db	ARNIE@	
data.trainers.parties:1498:0	text	data/trainers/parties.asm	1498	0	db	JUSTIN@	
data.trainers.parties:1506:0	text	data/trainers/parties.asm	1506	0	db	RALPH@	
data.trainers.parties:1511:0	text	data/trainers/parties.asm	1511	0	db	ARNOLD@	
data.trainers.parties:1516:0	text	data/trainers/parties.asm	1516	0	db	KYLE@	
data.trainers.parties:1523:0	text	data/trainers/parties.asm	1523	0	db	HENRY@	
data.trainers.parties:1529:0	text	data/trainers/parties.asm	1529	0	db	MARVIN@	
data.trainers.parties:1537:0	text	data/trainers/parties.asm	1537	0	db	CHRIS@	
data.trainers.parties:1542:0	text	data/trainers/parties.asm	1542	0	db	ANDRE@	
data.trainers.parties:1547:0	text	data/trainers/parties.asm	1547	0	db	RAYMOND@	
data.trainers.parties:1555:0	text	data/trainers/parties.asm	1555	0	db	WILTON@	
data.trainers.parties:1562:0	text	data/trainers/parties.asm	1562	0	db	EDGAR@	
data.trainers.parties:1568:0	text	data/trainers/parties.asm	1568	0	db	JONAH@	
data.trainers.parties:1576:0	text	data/trainers/parties.asm	1576	0	db	MARTIN@	
data.trainers.parties:1582:0	text	data/trainers/parties.asm	1582	0	db	STEPHEN@	
data.trainers.parties:1590:0	text	data/trainers/parties.asm	1590	0	db	BARNEY@	
data.trainers.parties:1597:0	text	data/trainers/parties.asm	1597	0	db	RALPH@	
data.trainers.parties:1602:0	text	data/trainers/parties.asm	1602	0	db	RALPH@	
data.trainers.parties:1608:0	text	data/trainers/parties.asm	1608	0	db	CHRIS@	
data.trainers.parties:1613:0	text	data/trainers/parties.asm	1613	0	db	CHRIS@	
data.trainers.parties:1620:0	text	data/trainers/parties.asm	1620	0	db	WILTON@	
data.trainers.parties:1627:0	text	data/trainers/parties.asm	1627	0	db	SCOTT@	
data.trainers.parties:1634:0	text	data/trainers/parties.asm	1634	0	db	WILTON@	
data.trainers.parties:1642:0	text	data/trainers/parties.asm	1642	0	db	HAROLD@	
data.trainers.parties:1648:0	text	data/trainers/parties.asm	1648	0	db	SIMON@	
data.trainers.parties:1654:0	text	data/trainers/parties.asm	1654	0	db	RANDALL@	
data.trainers.parties:1661:0	text	data/trainers/parties.asm	1661	0	db	CHARLIE@	
data.trainers.parties:1668:0	text	data/trainers/parties.asm	1668	0	db	GEORGE@	
data.trainers.parties:1678:0	text	data/trainers/parties.asm	1678	0	db	BERKE@	
data.trainers.parties:1683:0	text	data/trainers/parties.asm	1683	0	db	KIRK@	
data.trainers.parties:1689:0	text	data/trainers/parties.asm	1689	0	db	MATHEW@	
data.trainers.parties:1694:0	text	data/trainers/parties.asm	1694	0	db	HAL@	
data.trainers.parties:1701:0	text	data/trainers/parties.asm	1701	0	db	PATON@	
data.trainers.parties:1707:0	text	data/trainers/parties.asm	1707	0	db	DARYL@	
data.trainers.parties:1714:0	text	data/trainers/parties.asm	1714	0	db	WALTER@	
data.trainers.parties:1721:0	text	data/trainers/parties.asm	1721	0	db	TONY@	
data.trainers.parties:1728:0	text	data/trainers/parties.asm	1728	0	db	JEROME@	
data.trainers.parties:1736:0	text	data/trainers/parties.asm	1736	0	db	TUCKER@	
data.trainers.parties:1742:0	text	data/trainers/parties.asm	1742	0	db	RICK@	
data.trainers.parties:1749:0	text	data/trainers/parties.asm	1749	0	db	CAMERON@	
data.trainers.parties:1754:0	text	data/trainers/parties.asm	1754	0	db	SETH@	
data.trainers.parties:1761:0	text	data/trainers/parties.asm	1761	0	db	JAMES@	
data.trainers.parties:1768:0	text	data/trainers/parties.asm	1768	0	db	LEWIS@	
data.trainers.parties:1775:0	text	data/trainers/parties.asm	1775	0	db	PARKER@	
data.trainers.parties:1783:0	text	data/trainers/parties.asm	1783	0	db	ELAINE@	
data.trainers.parties:1788:0	text	data/trainers/parties.asm	1788	0	db	PAULA@	
data.trainers.parties:1794:0	text	data/trainers/parties.asm	1794	0	db	KAYLEE@	
data.trainers.parties:1801:0	text	data/trainers/parties.asm	1801	0	db	SUSIE@	
data.trainers.parties:1807:0	text	data/trainers/parties.asm	1807	0	db	DENISE@	
data.trainers.parties:1812:0	text	data/trainers/parties.asm	1812	0	db	KARA@	
data.trainers.parties:1818:0	text	data/trainers/parties.asm	1818	0	db	WENDY@	
data.trainers.parties:1824:0	text	data/trainers/parties.asm	1824	0	db	LISA@	
data.trainers.parties:1829:0	text	data/trainers/parties.asm	1829	0	db	JILL@	
data.trainers.parties:1834:0	text	data/trainers/parties.asm	1834	0	db	MARY@	
data.trainers.parties:1839:0	text	data/trainers/parties.asm	1839	0	db	KATIE@	
data.trainers.parties:1844:0	text	data/trainers/parties.asm	1844	0	db	DAWN@	
data.trainers.parties:1849:0	text	data/trainers/parties.asm	1849	0	db	TARA@	
data.trainers.parties:1854:0	text	data/trainers/parties.asm	1854	0	db	NICOLE@	
data.trainers.parties:1861:0	text	data/trainers/parties.asm	1861	0	db	LORI@	
data.trainers.parties:1867:0	text	data/trainers/parties.asm	1867	0	db	JODY@	
data.trainers.parties:1872:0	text	data/trainers/parties.asm	1872	0	db	NIKKI@	
data.trainers.parties:1880:0	text	data/trainers/parties.asm	1880	0	db	DIANA@	
data.trainers.parties:1885:0	text	data/trainers/parties.asm	1885	0	db	BRIANA@	
data.trainers.parties:1892:0	text	data/trainers/parties.asm	1892	0	db	EUGENE@	
data.trainers.parties:1899:0	text	data/trainers/parties.asm	1899	0	db	HUEY@	
data.trainers.parties:1905:0	text	data/trainers/parties.asm	1905	0	db	TERRELL@	
data.trainers.parties:1910:0	text	data/trainers/parties.asm	1910	0	db	KENT@	
data.trainers.parties:1916:0	text	data/trainers/parties.asm	1916	0	db	ERNEST@	
data.trainers.parties:1923:0	text	data/trainers/parties.asm	1923	0	db	JEFF@	
data.trainers.parties:1929:0	text	data/trainers/parties.asm	1929	0	db	GARRETT@	
data.trainers.parties:1934:0	text	data/trainers/parties.asm	1934	0	db	KENNETH@	
data.trainers.parties:1942:0	text	data/trainers/parties.asm	1942	0	db	STANLY@	
data.trainers.parties:1949:0	text	data/trainers/parties.asm	1949	0	db	HARRY@	
data.trainers.parties:1954:0	text	data/trainers/parties.asm	1954	0	db	HUEY@	
data.trainers.parties:1960:0	text	data/trainers/parties.asm	1960	0	db	HUEY@	
data.trainers.parties:1967:0	text	data/trainers/parties.asm	1967	0	db	ERIC@	
data.trainers.parties:1972:0	text	data/trainers/parties.asm	1972	0	db	ERIC@	
data.trainers.parties:1978:0	text	data/trainers/parties.asm	1978	0	db	GREGG@	
data.trainers.parties:1985:0	text	data/trainers/parties.asm	1985	0	db	JAY@	
data.trainers.parties:1991:0	text	data/trainers/parties.asm	1991	0	db	DAVE@	
data.trainers.parties:1996:0	text	data/trainers/parties.asm	1996	0	db	SAM@	
data.trainers.parties:2002:0	text	data/trainers/parties.asm	2002	0	db	TOM@	
data.trainers.parties:2009:0	text	data/trainers/parties.asm	2009	0	db	PAT@	
data.trainers.parties:2014:0	text	data/trainers/parties.asm	2014	0	db	SHAWN@	
data.trainers.parties:2021:0	text	data/trainers/parties.asm	2021	0	db	TERU@	
data.trainers.parties:2029:0	text	data/trainers/parties.asm	2029	0	db	RUSS@	
data.trainers.parties:2036:0	text	data/trainers/parties.asm	2036	0	db	NORTON@	
data.trainers.parties:2042:0	text	data/trainers/parties.asm	2042	0	db	?@	
data.trainers.parties:2052:0	text	data/trainers/parties.asm	2052	0	db	?@	
data.trainers.parties:2062:0	text	data/trainers/parties.asm	2062	0	db	?@	
data.trainers.parties:2072:0	text	data/trainers/parties.asm	2072	0	db	?@	
data.trainers.parties:2082:0	text	data/trainers/parties.asm	2082	0	db	?@	
data.trainers.parties:2092:0	text	data/trainers/parties.asm	2092	0	db	?@	
data.trainers.parties:2103:0	text	data/trainers/parties.asm	2103	0	db	CLYDE@	
data.trainers.parties:2108:0	text	data/trainers/parties.asm	2108	0	db	VINCENT@	
data.trainers.parties:2117:0	text	data/trainers/parties.asm	2117	0	db	ANTHONY@	
data.trainers.parties:2123:0	text	data/trainers/parties.asm	2123	0	db	RUSSELL@	
data.trainers.parties:2130:0	text	data/trainers/parties.asm	2130	0	db	PHILLIP@	
data.trainers.parties:2137:0	text	data/trainers/parties.asm	2137	0	db	LEONARD@	
data.trainers.parties:2143:0	text	data/trainers/parties.asm	2143	0	db	ANTHONY@	
data.trainers.parties:2149:0	text	data/trainers/parties.asm	2149	0	db	BENJAMIN@	
data.trainers.parties:2156:0	text	data/trainers/parties.asm	2156	0	db	ERIK@	
data.trainers.parties:2163:0	text	data/trainers/parties.asm	2163	0	db	MICHAEL@	
data.trainers.parties:2170:0	text	data/trainers/parties.asm	2170	0	db	PARRY@	
data.trainers.parties:2175:0	text	data/trainers/parties.asm	2175	0	db	TIMOTHY@	
data.trainers.parties:2181:0	text	data/trainers/parties.asm	2181	0	db	BAILEY@	
data.trainers.parties:2190:0	text	data/trainers/parties.asm	2190	0	db	ANTHONY@	
data.trainers.parties:2197:0	text	data/trainers/parties.asm	2197	0	db	TIM@	
data.trainers.parties:2204:0	text	data/trainers/parties.asm	2204	0	db	NOLAND@	
data.trainers.parties:2210:0	text	data/trainers/parties.asm	2210	0	db	SIDNEY@	
data.trainers.parties:2216:0	text	data/trainers/parties.asm	2216	0	db	KENNY@	
data.trainers.parties:2224:0	text	data/trainers/parties.asm	2224	0	db	JIM@	
data.trainers.parties:2229:0	text	data/trainers/parties.asm	2229	0	db	DANIEL@	
data.trainers.parties:2234:0	text	data/trainers/parties.asm	2234	0	db	PARRY@	
data.trainers.parties:2239:0	text	data/trainers/parties.asm	2239	0	db	PARRY@	
data.trainers.parties:2245:0	text	data/trainers/parties.asm	2245	0	db	KAZU@	
data.trainers.parties:2252:0	text	data/trainers/parties.asm	2252	0	db	KAZU@	
data.trainers.parties:2259:0	text	data/trainers/parties.asm	2259	0	db	DWAYNE@	
data.trainers.parties:2267:0	text	data/trainers/parties.asm	2267	0	db	HARRIS@	
data.trainers.parties:2272:0	text	data/trainers/parties.asm	2272	0	db	ZEKE@	
data.trainers.parties:2278:0	text	data/trainers/parties.asm	2278	0	db	CHARLES@	
data.trainers.parties:2285:0	text	data/trainers/parties.asm	2285	0	db	RILEY@	
data.trainers.parties:2290:0	text	data/trainers/parties.asm	2290	0	db	JOEL@	
data.trainers.parties:2296:0	text	data/trainers/parties.asm	2296	0	db	GLENN@	
data.trainers.parties:2304:0	text	data/trainers/parties.asm	2304	0	db	BLAINE@	
data.trainers.parties:2312:0	text	data/trainers/parties.asm	2312	0	db	DUNCAN@	
data.trainers.parties:2319:0	text	data/trainers/parties.asm	2319	0	db	EDDIE@	
data.trainers.parties:2325:0	text	data/trainers/parties.asm	2325	0	db	COREY@	
data.trainers.parties:2334:0	text	data/trainers/parties.asm	2334	0	db	OTIS@	
data.trainers.parties:2341:0	text	data/trainers/parties.asm	2341	0	db	DICK@	
data.trainers.parties:2346:0	text	data/trainers/parties.asm	2346	0	db	NED@	
data.trainers.parties:2353:0	text	data/trainers/parties.asm	2353	0	db	BURT@	
data.trainers.parties:2359:0	text	data/trainers/parties.asm	2359	0	db	BILL@	
data.trainers.parties:2365:0	text	data/trainers/parties.asm	2365	0	db	WALT@	
data.trainers.parties:2371:0	text	data/trainers/parties.asm	2371	0	db	RAY@	
data.trainers.parties:2376:0	text	data/trainers/parties.asm	2376	0	db	LYLE@	
data.trainers.parties:2384:0	text	data/trainers/parties.asm	2384	0	db	IRWIN@	
data.trainers.parties:2392:0	text	data/trainers/parties.asm	2392	0	db	FRITZ@	
data.trainers.parties:2399:0	text	data/trainers/parties.asm	2399	0	db	HORTON@	
data.trainers.parties:2407:0	text	data/trainers/parties.asm	2407	0	db	IRWIN@	
data.trainers.parties:2415:0	text	data/trainers/parties.asm	2415	0	db	IRWIN@	
data.trainers.parties:2424:0	text	data/trainers/parties.asm	2424	0	db	KENJI@	
data.trainers.parties:2432:0	text	data/trainers/parties.asm	2432	0	db	YOSHI@	
data.trainers.parties:2437:0	text	data/trainers/parties.asm	2437	0	db	KENJI@	
data.trainers.parties:2445:0	text	data/trainers/parties.asm	2445	0	db	LAO@	
data.trainers.parties:2450:0	text	data/trainers/parties.asm	2450	0	db	NOB@	
data.trainers.parties:2456:0	text	data/trainers/parties.asm	2456	0	db	KIYO@	
data.trainers.parties:2462:0	text	data/trainers/parties.asm	2462	0	db	LUNG@	
data.trainers.parties:2469:0	text	data/trainers/parties.asm	2469	0	db	KENJI@	
data.trainers.parties:2474:0	text	data/trainers/parties.asm	2474	0	db	WAI@	
data.trainers.parties:2482:0	text	data/trainers/parties.asm	2482	0	db	EXECUTIVE@	
data.trainers.parties:2489:0	text	data/trainers/parties.asm	2489	0	db	EXECUTIVE@	
data.trainers.parties:2494:0	text	data/trainers/parties.asm	2494	0	db	EXECUTIVE@	
data.trainers.parties:2504:0	text	data/trainers/parties.asm	2504	0	db	EXECUTIVE@	
data.trainers.parties:2512:0	text	data/trainers/parties.asm	2512	0	db	NATHAN@	
data.trainers.parties:2517:0	text	data/trainers/parties.asm	2517	0	db	FRANKLIN@	
data.trainers.parties:2522:0	text	data/trainers/parties.asm	2522	0	db	HERMAN@	
data.trainers.parties:2529:0	text	data/trainers/parties.asm	2529	0	db	FIDEL@	
data.trainers.parties:2534:0	text	data/trainers/parties.asm	2534	0	db	GREG@	
data.trainers.parties:2539:0	text	data/trainers/parties.asm	2539	0	db	NORMAN@	
data.trainers.parties:2545:0	text	data/trainers/parties.asm	2545	0	db	MARK@	
data.trainers.parties:2552:0	text	data/trainers/parties.asm	2552	0	db	PHIL@	
data.trainers.parties:2558:0	text	data/trainers/parties.asm	2558	0	db	RICHARD@	
data.trainers.parties:2563:0	text	data/trainers/parties.asm	2563	0	db	GILBERT@	
data.trainers.parties:2570:0	text	data/trainers/parties.asm	2570	0	db	JARED@	
data.trainers.parties:2577:0	text	data/trainers/parties.asm	2577	0	db	RODNEY@	
data.trainers.parties:2584:0	text	data/trainers/parties.asm	2584	0	db	LIZ@	
data.trainers.parties:2589:0	text	data/trainers/parties.asm	2589	0	db	GINA@	
data.trainers.parties:2596:0	text	data/trainers/parties.asm	2596	0	db	BROOKE@	
data.trainers.parties:2601:0	text	data/trainers/parties.asm	2601	0	db	KIM@	
data.trainers.parties:2606:0	text	data/trainers/parties.asm	2606	0	db	CINDY@	
data.trainers.parties:2611:0	text	data/trainers/parties.asm	2611	0	db	HOPE@	
data.trainers.parties:2616:0	text	data/trainers/parties.asm	2616	0	db	SHARON@	
data.trainers.parties:2622:0	text	data/trainers/parties.asm	2622	0	db	DEBRA@	
data.trainers.parties:2627:0	text	data/trainers/parties.asm	2627	0	db	GINA@	
data.trainers.parties:2634:0	text	data/trainers/parties.asm	2634	0	db	ERIN@	
data.trainers.parties:2640:0	text	data/trainers/parties.asm	2640	0	db	LIZ@	
data.trainers.parties:2646:0	text	data/trainers/parties.asm	2646	0	db	LIZ@	
data.trainers.parties:2653:0	text	data/trainers/parties.asm	2653	0	db	HEIDI@	
data.trainers.parties:2659:0	text	data/trainers/parties.asm	2659	0	db	EDNA@	
data.trainers.parties:2665:0	text	data/trainers/parties.asm	2665	0	db	GINA@	
data.trainers.parties:2672:0	text	data/trainers/parties.asm	2672	0	db	TIFFANY@	
data.trainers.parties:2677:0	text	data/trainers/parties.asm	2677	0	db	TIFFANY@	
data.trainers.parties:2682:0	text	data/trainers/parties.asm	2682	0	db	ERIN@	
data.trainers.parties:2688:0	text	data/trainers/parties.asm	2688	0	db	TANYA@	
data.trainers.parties:2693:0	text	data/trainers/parties.asm	2693	0	db	TIFFANY@	
data.trainers.parties:2698:0	text	data/trainers/parties.asm	2698	0	db	ERIN@	
data.trainers.parties:2705:0	text	data/trainers/parties.asm	2705	0	db	ROLAND@	
data.trainers.parties:2710:0	text	data/trainers/parties.asm	2710	0	db	TODD@	
data.trainers.parties:2715:0	text	data/trainers/parties.asm	2715	0	db	IVAN@	
data.trainers.parties:2722:0	text	data/trainers/parties.asm	2722	0	db	ELLIOT@	
data.trainers.parties:2728:0	text	data/trainers/parties.asm	2728	0	db	BARRY@	
data.trainers.parties:2733:0	text	data/trainers/parties.asm	2733	0	db	LLOYD@	
data.trainers.parties:2738:0	text	data/trainers/parties.asm	2738	0	db	DEAN@	
data.trainers.parties:2744:0	text	data/trainers/parties.asm	2744	0	db	SID@	
data.trainers.parties:2751:0	text	data/trainers/parties.asm	2751	0	db	HARVEY@	
data.trainers.parties:2756:0	text	data/trainers/parties.asm	2756	0	db	DALE@	
data.trainers.parties:2761:0	text	data/trainers/parties.asm	2761	0	db	TED@	
data.trainers.parties:2766:0	text	data/trainers/parties.asm	2766	0	db	TODD@	
data.trainers.parties:2773:0	text	data/trainers/parties.asm	2773	0	db	TODD@	
data.trainers.parties:2780:0	text	data/trainers/parties.asm	2780	0	db	THOMAS@	
data.trainers.parties:2788:0	text	data/trainers/parties.asm	2788	0	db	LEROY@	
data.trainers.parties:2796:0	text	data/trainers/parties.asm	2796	0	db	DAVID@	
data.trainers.parties:2804:0	text	data/trainers/parties.asm	2804	0	db	JOHN@	
data.trainers.parties:2812:0	text	data/trainers/parties.asm	2812	0	db	JERRY@	
data.trainers.parties:2817:0	text	data/trainers/parties.asm	2817	0	db	SPENCER@	
data.trainers.parties:2825:0	text	data/trainers/parties.asm	2825	0	db	EXECUTIVE@	
data.trainers.parties:2832:0	text	data/trainers/parties.asm	2832	0	db	EXECUTIVE@	
data.trainers.parties:2840:0	text	data/trainers/parties.asm	2840	0	db	CHOW@	
data.trainers.parties:2847:0	text	data/trainers/parties.asm	2847	0	db	NICO@	
data.trainers.parties:2854:0	text	data/trainers/parties.asm	2854	0	db	JIN@	
data.trainers.parties:2859:0	text	data/trainers/parties.asm	2859	0	db	TROY@	
data.trainers.parties:2865:0	text	data/trainers/parties.asm	2865	0	db	JEFFREY@	
data.trainers.parties:2870:0	text	data/trainers/parties.asm	2870	0	db	PING@	
data.trainers.parties:2879:0	text	data/trainers/parties.asm	2879	0	db	EDMOND@	
data.trainers.parties:2886:0	text	data/trainers/parties.asm	2886	0	db	NEAL@	
data.trainers.parties:2891:0	text	data/trainers/parties.asm	2891	0	db	LI@	
data.trainers.parties:2899:0	text	data/trainers/parties.asm	2899	0	db	MARTHA@	
data.trainers.parties:2906:0	text	data/trainers/parties.asm	2906	0	db	GRACE@	
data.trainers.parties:2912:0	text	data/trainers/parties.asm	2912	0	db	BETHANY@	
data.trainers.parties:2917:0	text	data/trainers/parties.asm	2917	0	db	MARGRET@	
data.trainers.parties:2922:0	text	data/trainers/parties.asm	2922	0	db	ETHEL@	
data.trainers.parties:2927:0	text	data/trainers/parties.asm	2927	0	db	REBECCA@	
data.trainers.parties:2933:0	text	data/trainers/parties.asm	2933	0	db	DORIS@	
data.trainers.parties:2940:0	text	data/trainers/parties.asm	2940	0	db	RONALD@	
data.trainers.parties:2947:0	text	data/trainers/parties.asm	2947	0	db	BRAD@	
data.trainers.parties:2953:0	text	data/trainers/parties.asm	2953	0	db	DOUGLAS@	
data.trainers.parties:2961:0	text	data/trainers/parties.asm	2961	0	db	WILLIAM@	
data.trainers.parties:2966:0	text	data/trainers/parties.asm	2966	0	db	DEREK@	
data.trainers.parties:2971:0	text	data/trainers/parties.asm	2971	0	db	ROBERT@	
data.trainers.parties:2976:0	text	data/trainers/parties.asm	2976	0	db	JOSHUA@	
data.trainers.parties:2986:0	text	data/trainers/parties.asm	2986	0	db	CARTER@	
data.trainers.parties:2993:0	text	data/trainers/parties.asm	2993	0	db	TREVOR@	
data.trainers.parties:2998:0	text	data/trainers/parties.asm	2998	0	db	BRANDON@	
data.trainers.parties:3003:0	text	data/trainers/parties.asm	3003	0	db	JEREMY@	
data.trainers.parties:3010:0	text	data/trainers/parties.asm	3010	0	db	COLIN@	
data.trainers.parties:3015:0	text	data/trainers/parties.asm	3015	0	db	DEREK@	
data.trainers.parties:3020:0	text	data/trainers/parties.asm	3020	0	db	DEREK@	
data.trainers.parties:3025:0	text	data/trainers/parties.asm	3025	0	db	ALEX@	
data.trainers.parties:3033:0	text	data/trainers/parties.asm	3033	0	db	KYOKO@	
data.trainers.parties:3040:0	text	data/trainers/parties.asm	3040	0	db	NAOKO@	
data.trainers.parties:3045:0	text	data/trainers/parties.asm	3045	0	db	SAYO@	
data.trainers.parties:3050:0	text	data/trainers/parties.asm	3050	0	db	ZUKI@	
data.trainers.parties:3055:0	text	data/trainers/parties.asm	3055	0	db	KUNI@	
data.trainers.parties:3060:0	text	data/trainers/parties.asm	3060	0	db	MIKI@	
data.trainers.parties:3066:0	text	data/trainers/parties.asm	3066	0	db	AMY & MAY@	
data.trainers.parties:3072:0	text	data/trainers/parties.asm	3072	0	db	ANN & ANNE@	
data.trainers.parties:3078:0	text	data/trainers/parties.asm	3078	0	db	ANN & ANNE@	
data.trainers.parties:3084:0	text	data/trainers/parties.asm	3084	0	db	AMY & MAY@	
data.trainers.parties:3090:0	text	data/trainers/parties.asm	3090	0	db	JO & ZOE@	
data.trainers.parties:3096:0	text	data/trainers/parties.asm	3096	0	db	JO & ZOE@	
data.trainers.parties:3102:0	text	data/trainers/parties.asm	3102	0	db	MEG & PEG@	
data.trainers.parties:3108:0	text	data/trainers/parties.asm	3108	0	db	MEG & PEG@	
data.trainers.parties:3115:0	text	data/trainers/parties.asm	3115	0	db	BEVERLY@	
data.trainers.parties:3120:0	text	data/trainers/parties.asm	3120	0	db	RUTH@	
data.trainers.parties:3125:0	text	data/trainers/parties.asm	3125	0	db	BEVERLY@	
data.trainers.parties:3130:0	text	data/trainers/parties.asm	3130	0	db	BEVERLY@	
data.trainers.parties:3135:0	text	data/trainers/parties.asm	3135	0	db	GEORGIA@	
data.trainers.parties:3145:0	text	data/trainers/parties.asm	3145	0	db	RED@	
data.trainers.parties:3156:0	text	data/trainers/parties.asm	3156	0	db	BLUE@	
data.trainers.parties:3167:0	text	data/trainers/parties.asm	3167	0	db	KEITH@	
data.trainers.parties:3172:0	text	data/trainers/parties.asm	3172	0	db	DIRK@	
data.trainers.parties:3179:0	text	data/trainers/parties.asm	3179	0	db	GRUNT@	
data.trainers.parties:3185:0	text	data/trainers/parties.asm	3185	0	db	GRUNT@	
data.trainers.parties:3190:0	text	data/trainers/parties.asm	3190	0	db	GRUNT@	
data.trainers.parties:3196:0	text	data/trainers/parties.asm	3196	0	db	GRUNT@	
data.trainers.parties:3204:0	text	data/trainers/parties.asm	3204	0	db	GRUNT@	
data.types.names:36:0	text	data/types/names.asm	36	0	db	NORMAL@	
data.types.names:37:0	text	data/types/names.asm	37	0	db	FIGHTING@	
data.types.names:38:0	text	data/types/names.asm	38	0	db	FLYING@	
data.types.names:39:0	text	data/types/names.asm	39	0	db	POISON@	
data.types.names:40:0	text	data/types/names.asm	40	0	db	???@	
data.types.names:41:0	text	data/types/names.asm	41	0	db	FIRE@	
data.types.names:42:0	text	data/types/names.asm	42	0	db	WATER@	
data.types.names:43:0	text	data/types/names.asm	43	0	db	GRASS@	
data.types.names:44:0	text	data/types/names.asm	44	0	db	ELECTRIC@	
data.types.names:45:0	text	data/types/names.asm	45	0	db	PSYCHIC@	
data.types.names:46:0	text	data/types/names.asm	46	0	db	ICE@	
data.types.names:47:0	text	data/types/names.asm	47	0	db	GROUND@	
data.types.names:48:0	text	data/types/names.asm	48	0	db	ROCK@	
data.types.names:49:0	text	data/types/names.asm	49	0	db	BIRD@	
data.types.names:50:0	text	data/types/names.asm	50	0	db	BUG@	
data.types.names:51:0	text	data/types/names.asm	51	0	db	GHOST@	
data.types.names:52:0	text	data/types/names.asm	52	0	db	STEEL@	
data.types.names:53:0	text	data/types/names.asm	53	0	db	DRAGON@	
data.types.names:54:0	text	data/types/names.asm	54	0	db	DARK@	
data.types.search_strings:4:0	text	data/types/search_strings.asm	4	0	db	  ----  @	
data.types.search_strings:5:0	text	data/types/search_strings.asm	5	0	db	 NORMAL @	
data.types.search_strings:6:0	text	data/types/search_strings.asm	6	0	db	  FIRE  @	
data.types.search_strings:7:0	text	data/types/search_strings.asm	7	0	db	 WATER  @	
data.types.search_strings:8:0	text	data/types/search_strings.asm	8	0	db	 GRASS  @	
data.types.search_strings:9:0	text	data/types/search_strings.asm	9	0	db	ELECTRIC@	
data.types.search_strings:10:0	text	data/types/search_strings.asm	10	0	db	  ICE   @	
data.types.search_strings:11:0	text	data/types/search_strings.asm	11	0	db	FIGHTING@	
data.types.search_strings:12:0	text	data/types/search_strings.asm	12	0	db	 POISON @	
data.types.search_strings:13:0	text	data/types/search_strings.asm	13	0	db	 GROUND @	
data.types.search_strings:14:0	text	data/types/search_strings.asm	14	0	db	 FLYING @	
data.types.search_strings:15:0	text	data/types/search_strings.asm	15	0	db	PSYCHIC @	
data.types.search_strings:16:0	text	data/types/search_strings.asm	16	0	db	  BUG   @	
data.types.search_strings:17:0	text	data/types/search_strings.asm	17	0	db	  ROCK  @	
data.types.search_strings:18:0	text	data/types/search_strings.asm	18	0	db	 GHOST  @	
data.types.search_strings:19:0	text	data/types/search_strings.asm	19	0	db	 DRAGON @	
data.types.search_strings:20:0	text	data/types/search_strings.asm	20	0	db	  DARK  @	
data.types.search_strings:21:0	text	data/types/search_strings.asm	21	0	db	 STEEL  @	
engine.battle.core:1601:0	text	engine/battle/core.asm	1601	0	db	Your@	
engine.battle.core:1603:0	text	engine/battle/core.asm	1603	0	db	Enemy@	
engine.battle.core:2880:0	text	engine/battle/core.asm	2880	0	db	       @	
engine.battle.core:5249:0	text	engine/battle/core.asm	5249	0	db	@	
engine.battle.core:5481:0	text	engine/battle/core.asm	5481	0	db	Disabled!@	
engine.battle.core:5483:0	text	engine/battle/core.asm	5483	0	db	TYPE/@	
engine.battle.core:8085:0	text	engine/battle/core.asm	8085	0	db	YOU WIN@	
engine.battle.core:8087:0	text	engine/battle/core.asm	8087	0	db	YOU LOSE@	
engine.battle.core:8089:0	text	engine/battle/core.asm	8089	0	db	  DRAW@	
engine.battle.core:8226:0	text	engine/battle/core.asm	8226	0	db	<NULL><NULL>	
engine.battle.core:8228:0	text	engine/battle/core.asm	8228	0	db	  ---  <LF>	
engine.battle.core:8229:0	text	engine/battle/core.asm	8229	0	db	         -    -    -@	
engine.battle.core:8231:0	text	engine/battle/core.asm	8231	0	db	<PLAYER>'s RECORD@	
engine.battle.core:8233:0	text	engine/battle/core.asm	8233	0	db	RESULT WIN LOSE DRAW@	
engine.battle.core:8235:0	text	engine/battle/core.asm	8235	0	db	TOTAL  WIN LOSE DRAW@	
engine.battle.menu:39:0	menu	engine/battle/menu.asm	39	0	db	FIGHT@	战斗
engine.battle.menu:40:0	menu	engine/battle/menu.asm	40	0	db	<PK><MN>@	宝可梦
engine.battle.menu:41:0	menu	engine/battle/menu.asm	41	0	db	PACK@	背包
engine.battle.menu:42:0	menu	engine/battle/menu.asm	42	0	db	RUN@	逃跑
engine.battle.menu:58:0	menu	engine/battle/menu.asm	58	0	db	サファりボール×　　@	狩猎球×  
engine.battle.menu:59:0	menu	engine/battle/menu.asm	59	0	db	エサをなげる@	投饵
engine.battle.menu:60:0	menu	engine/battle/menu.asm	60	0	db	いしをなげる@	投石
engine.battle.menu:61:0	menu	engine/battle/menu.asm	61	0	db	にげる@	逃跑
engine.battle.menu:84:0	menu	engine/battle/menu.asm	84	0	db	FIGHT@	战斗
engine.battle.menu:85:0	menu	engine/battle/menu.asm	85	0	db	<PK><MN>@	宝可梦
engine.battle.menu:86:0	menu	engine/battle/menu.asm	86	0	db	PARKBALL×  @	公园球×  
engine.battle.menu:87:0	menu	engine/battle/menu.asm	87	0	db	RUN@	逃跑
engine.debug.color_picker:380:0	debug	engine/debug/color_picker.asm	380	0	db	レア	
engine.debug.color_picker:380:1	debug	engine/debug/color_picker.asm	380	1	db	@	
engine.debug.color_picker:383:0	debug	engine/debug/color_picker.asm	383	0	db	ノーマル@	
engine.debug.color_picker:386:0	debug	engine/debug/color_picker.asm	386	0	db	きりかえ▶@	
engine.debug.color_picker:781:0	debug	engine/debug/color_picker.asm	781	0	db	おぼえられる@	
engine.debug.color_picker:784:0	debug	engine/debug/color_picker.asm	784	0	db	おぼえられない@	
engine.debug.color_picker:1045:0	debug	engine/debug/color_picker.asm	1045	0	db	おわりますか？	
engine.debug.color_picker:1046:0	debug	engine/debug/color_picker.asm	1046	0	next	はい<DOT><DOT><DOT>	
engine.debug.color_picker:1047:0	debug	engine/debug/color_picker.asm	1047	0	next	いいえ<DOT><DOT>	
engine.debug.color_picker:1048:0	debug	engine/debug/color_picker.asm	1048	0	db	@	
engine.debug.debug_room:77:0	debug	engine/debug/debug_room.asm	77	0	db	SP CLEAR@	
engine.debug.debug_room:78:0	debug	engine/debug/debug_room.asm	78	0	db	WIN WORK CLR@	
engine.debug.debug_room:79:0	debug	engine/debug/debug_room.asm	79	0	db	#MON GET!@	
engine.debug.debug_room:80:0	debug	engine/debug/debug_room.asm	80	0	db	#DEX COMP@	
engine.debug.debug_room:81:0	debug	engine/debug/debug_room.asm	81	0	db	TIMER RESET@	
engine.debug.debug_room:82:0	debug	engine/debug/debug_room.asm	82	0	db	DECORATE ALL@	
engine.debug.debug_room:83:0	debug	engine/debug/debug_room.asm	83	0	db	ITEM GET!@	
engine.debug.debug_room:84:0	debug	engine/debug/debug_room.asm	84	0	db	RTC EDIT@	
engine.debug.debug_room:85:0	debug	engine/debug/debug_room.asm	85	0	db	NEXT@	
engine.debug.debug_room:86:0	debug	engine/debug/debug_room.asm	86	0	db	GB ID SET@	
engine.debug.debug_room:87:0	debug	engine/debug/debug_room.asm	87	0	db	BTL REC CLR@	
engine.debug.debug_room:88:0	debug	engine/debug/debug_room.asm	88	0	db	#DEX CLR@	
engine.debug.debug_room:89:0	debug	engine/debug/debug_room.asm	89	0	db	HALT CHK CLR@	
engine.debug.debug_room:206:0	debug	engine/debug/debug_room.asm	206	0	db	SP:@	
engine.debug.debug_room:275:0	debug	engine/debug/debug_room.asm	275	0	db	WSP:@	
engine.debug.debug_room:488:0	debug	engine/debug/debug_room.asm	488	0	db	 P  @	
engine.debug.debug_room:893:0	debug	engine/debug/debug_room.asm	893	0	text	Item number added!	
engine.debug.debug_room:897:0	debug	engine/debug/debug_room.asm	897	0	text	Created new item!	
engine.debug.debug_room:901:0	debug	engine/debug/debug_room.asm	901	0	text	Stock full!!	
engine.debug.debug_room:922:0	debug	engine/debug/debug_room.asm	922	0	db	ITEM NAME@	
engine.debug.debug_room:923:0	debug	engine/debug/debug_room.asm	923	0	db	NUMBER@	
engine.debug.debug_room:1037:0	debug	engine/debug/debug_room.asm	1037	0	db	DEBUG▶OT@	
engine.debug.debug_room:1040:0	debug	engine/debug/debug_room.asm	1040	0	db	DEBUG▶<PK><MN>@	
engine.debug.debug_room:1043:0	debug	engine/debug/debug_room.asm	1043	0	text	COMPLETED!	
engine.debug.debug_room:1047:0	debug	engine/debug/debug_room.asm	1047	0	text	BOX IS FULL!	
engine.debug.debug_room:1142:0	debug	engine/debug/debug_room.asm	1142	0	db	#MON@	
engine.debug.debug_room:1143:0	debug	engine/debug/debug_room.asm	1143	0	db	ITEM@	
engine.debug.debug_room:1144:0	debug	engine/debug/debug_room.asm	1144	0	db	MOVE 1@	
engine.debug.debug_room:1145:0	debug	engine/debug/debug_room.asm	1145	0	db	MOVE 2@	
engine.debug.debug_room:1146:0	debug	engine/debug/debug_room.asm	1146	0	db	MOVE 3@	
engine.debug.debug_room:1147:0	debug	engine/debug/debug_room.asm	1147	0	db	MOVE 4@	
engine.debug.debug_room:1148:0	debug	engine/debug/debug_room.asm	1148	0	db	ID[0]@	
engine.debug.debug_room:1149:0	debug	engine/debug/debug_room.asm	1149	0	db	ID[1]@	
engine.debug.debug_room:1150:0	debug	engine/debug/debug_room.asm	1150	0	db	BASE EXP[0]@	
engine.debug.debug_room:1151:0	debug	engine/debug/debug_room.asm	1151	0	db	BASE EXP[1]@	
engine.debug.debug_room:1152:0	debug	engine/debug/debug_room.asm	1152	0	db	BASE EXP[2]@	
engine.debug.debug_room:1153:0	debug	engine/debug/debug_room.asm	1153	0	db	HP EXP[0]@	
engine.debug.debug_room:1154:0	debug	engine/debug/debug_room.asm	1154	0	db	HP EXP[1]@	
engine.debug.debug_room:1155:0	debug	engine/debug/debug_room.asm	1155	0	db	ATTK EXP[0]@	
engine.debug.debug_room:1156:0	debug	engine/debug/debug_room.asm	1156	0	db	ATTK EXP[1]@	
engine.debug.debug_room:1157:0	debug	engine/debug/debug_room.asm	1157	0	db	DFNS EXP[0]@	
engine.debug.debug_room:1158:0	debug	engine/debug/debug_room.asm	1158	0	db	DFNS EXP[1]@	
engine.debug.debug_room:1159:0	debug	engine/debug/debug_room.asm	1159	0	db	SPEED EXP[0]@	
engine.debug.debug_room:1160:0	debug	engine/debug/debug_room.asm	1160	0	db	SPEED EXP[1]@	
engine.debug.debug_room:1161:0	debug	engine/debug/debug_room.asm	1161	0	db	SPCL EXP[0]@	
engine.debug.debug_room:1162:0	debug	engine/debug/debug_room.asm	1162	0	db	SPCL EXP[1]@	
engine.debug.debug_room:1163:0	debug	engine/debug/debug_room.asm	1163	0	db	POWER RND[0]<LF>  RARE:--1-1010@	
engine.debug.debug_room:1164:0	debug	engine/debug/debug_room.asm	1164	0	db	POWER RND[1]<LF>  RARE:10101010@	
engine.debug.debug_room:1165:0	debug	engine/debug/debug_room.asm	1165	0	db	PP 1@	
engine.debug.debug_room:1166:0	debug	engine/debug/debug_room.asm	1166	0	db	PP 2@	
engine.debug.debug_room:1167:0	debug	engine/debug/debug_room.asm	1167	0	db	PP 3@	
engine.debug.debug_room:1168:0	debug	engine/debug/debug_room.asm	1168	0	db	PP 4@	
engine.debug.debug_room:1169:0	debug	engine/debug/debug_room.asm	1169	0	db	FRIEND@	
engine.debug.debug_room:1170:0	debug	engine/debug/debug_room.asm	1170	0	db	#RUS@	
engine.debug.debug_room:1171:0	debug	engine/debug/debug_room.asm	1171	0	db	NO USE[0]@	
engine.debug.debug_room:1172:0	debug	engine/debug/debug_room.asm	1172	0	db	NO USE[1]@	
engine.debug.debug_room:1173:0	debug	engine/debug/debug_room.asm	1173	0	db	LEVEL@	
engine.debug.debug_room:1174:0	debug	engine/debug/debug_room.asm	1174	0	db	SEND BOX@	
engine.debug.debug_room:1238:0	debug	engine/debug/debug_room.asm	1238	0	db	DAY     H<LF>TIME@	
engine.debug.debug_room:1284:0	debug	engine/debug/debug_room.asm	1284	0	db	SECOND@	
engine.debug.debug_room:1285:0	debug	engine/debug/debug_room.asm	1285	0	db	MINUTE@	
engine.debug.debug_room:1286:0	debug	engine/debug/debug_room.asm	1286	0	db	HOUR@	
engine.debug.debug_room:1287:0	debug	engine/debug/debug_room.asm	1287	0	db	DAY L@	
engine.debug.debug_room:1288:0	debug	engine/debug/debug_room.asm	1288	0	db	DAY H<LF> BIT0:DAY MSB<LF> BIT6:HALT<LF> BIT7:DAY CARRY@	
engine.debug.debug_room:1329:0	debug	engine/debug/debug_room.asm	1329	0	db	RTC:@	
engine.debug.debug_room:1332:0	debug	engine/debug/debug_room.asm	1332	0	db	  OK@	
engine.debug.debug_room:1335:0	debug	engine/debug/debug_room.asm	1335	0	db	HALT@	
engine.debug.debug_room:1369:0	debug	engine/debug/debug_room.asm	1369	0	db	GB ID [0]@	
engine.debug.debug_room:1370:0	debug	engine/debug/debug_room.asm	1370	0	db	GB ID [1]@	
engine.events.bug_contest.display_stats:83:0	menu	engine/events/bug_contest/display_stats.asm	83	0	db	HEALTH@	体力
engine.events.bug_contest.display_stats:85:0	menu	engine/events/bug_contest/display_stats.asm	85	0	db	 STOCK <PK><MN> @	 原宝可梦 
engine.events.bug_contest.display_stats:87:0	menu	engine/events/bug_contest/display_stats.asm	87	0	db	 THIS <PK><MN> @	 现宝可梦 
engine.events.catch_tutorial:78:0	text	engine/events/catch_tutorial.asm	78	0	db	DUDE@	
engine.events.daycare:718:0	text	engine/events/daycare.asm	718	0	db	EGG@	
engine.events.diploma:45:0	menu	engine/events/diploma.asm	45	0	db	PLAYER@	玩家
engine.events.diploma:48:0	menu	engine/events/diploma.asm	48	0	db	@	@
engine.events.diploma:51:0	menu	engine/events/diploma.asm	51	0	db	This certifies	谨此证明
engine.events.diploma:52:0	menu	engine/events/diploma.asm	52	0	next	that you have	你已经
engine.events.diploma:53:0	menu	engine/events/diploma.asm	53	0	next	completed the	完成
engine.events.diploma:54:0	menu	engine/events/diploma.asm	54	0	next	new #DEX.	新图鉴。
engine.events.diploma:55:0	menu	engine/events/diploma.asm	55	0	next	Congratulations!	恭喜!
engine.events.diploma:56:0	menu	engine/events/diploma.asm	56	0	db	@	@
engine.events.diploma:84:0	menu	engine/events/diploma.asm	84	0	db	PLAY TIME@	游戏时间
engine.events.diploma:85:0	menu	engine/events/diploma.asm	85	0	db	GAME FREAK@	GAME FREAK
engine.events.elevator:164:0	menu	engine/events/elevator.asm	164	0	db	Now on:@	现在在:
engine.events.halloffame:130:0	text	engine/events/halloffame.asm	130	0	db	New Hall of Famer!@	
engine.events.halloffame:393:0	text	engine/events/halloffame.asm	393	0	db	@	
engine.events.halloffame:396:0	text	engine/events/halloffame.asm	396	0	db	@	
engine.events.halloffame:399:0	text	engine/events/halloffame.asm	399	0	db	    HOF Master!@	
engine.events.halloffame:402:0	text	engine/events/halloffame.asm	402	0	db	    -Time Famer@	
engine.events.halloffame:610:0	text	engine/events/halloffame.asm	610	0	db	PLAY TIME@	
engine.events.mom:632:0	menu	engine/events/mom.asm	632	0	db	SAVED@	已存
engine.events.mom:635:0	menu	engine/events/mom.asm	635	0	db	WITHDRAW@	取出
engine.events.mom:638:0	menu	engine/events/mom.asm	638	0	db	DEPOSIT@	存入
engine.events.mom:641:0	menu	engine/events/mom.asm	641	0	db	HELD@	持有
engine.events.mom:652:0	menu	engine/events/mom.asm	652	0	db	GET@	领取
engine.events.mom:653:0	menu	engine/events/mom.asm	653	0	db	SAVE@	保存
engine.events.mom:654:0	menu	engine/events/mom.asm	654	0	db	CHANGE@	更改
engine.events.mom:655:0	menu	engine/events/mom.asm	655	0	db	CANCEL@	取消
engine.events.pokecenter_pc:64:0	menu	engine/events/pokecenter_pc.asm	64	0	db	<PLAYER>'s PC@	<PLAYER>的电脑
engine.events.pokecenter_pc:65:0	menu	engine/events/pokecenter_pc.asm	65	0	db	BILL's PC@	正辉的电脑
engine.events.pokecenter_pc:66:0	menu	engine/events/pokecenter_pc.asm	66	0	db	PROF.OAK's PC@	大木电脑
engine.events.pokecenter_pc:67:0	menu	engine/events/pokecenter_pc.asm	67	0	db	HALL OF FAME@	名人堂
engine.events.pokecenter_pc:68:0	menu	engine/events/pokecenter_pc.asm	68	0	db	TURN OFF@	关机
engine.events.pokecenter_pc:284:0	menu	engine/events/pokecenter_pc.asm	284	0	db	WITHDRAW ITEM@	取出道具
engine.events.pokecenter_pc:285:0	menu	engine/events/pokecenter_pc.asm	285	0	db	DEPOSIT ITEM@	存入道具
engine.events.pokecenter_pc:286:0	menu	engine/events/pokecenter_pc.asm	286	0	db	TOSS ITEM@	丢弃道具
engine.events.pokecenter_pc:287:0	menu	engine/events/pokecenter_pc.asm	287	0	db	MAIL BOX@	邮箱
engine.events.pokecenter_pc:288:0	menu	engine/events/pokecenter_pc.asm	288	0	db	DECORATION@	装饰
engine.events.pokecenter_pc:289:0	menu	engine/events/pokecenter_pc.asm	289	0	db	TURN OFF@	关机
engine.events.pokecenter_pc:290:0	menu	engine/events/pokecenter_pc.asm	290	0	db	LOG OFF@	注销
engine.events.print_unown:185:0	menu	engine/events/print_unown.asm	185	0	db	 ALPH RUINS STAMP@	 阿露福遗迹印章
engine.events.print_unown:188:0	menu	engine/events/print_unown.asm	188	0	db	Do what?@	要做什么?
engine.events.print_unown:191:0	menu	engine/events/print_unown.asm	191	0	db	▶PRINT	▶打印
engine.events.print_unown:192:0	menu	engine/events/print_unown.asm	192	0	next	▶CANCEL	▶取消
engine.events.print_unown:193:0	menu	engine/events/print_unown.asm	193	0	next	L▶BEFORE	L▶前页
engine.events.print_unown:194:0	menu	engine/events/print_unown.asm	194	0	next	R▶NEXT	R▶后页
engine.events.print_unown:195:0	menu	engine/events/print_unown.asm	195	0	db	@	@
engine.events.print_unown:198:0	menu	engine/events/print_unown.asm	198	0	db	VACANT@	空白
engine.events.shuckle:65:0	text	engine/events/shuckle.asm	65	0	db	MANIA@	
engine.events.shuckle:68:0	text	engine/events/shuckle.asm	68	0	db	SHUCKIE@	
engine.events.specials:91:0	text	engine/events/specials.asm	91	0	db	SILVER@	
engine.events.specials:93:0	text	engine/events/specials.asm	93	0	db	GOLD@	
engine.events.std_scripts:237:0	text	engine/events/std_scripts.asm	237	0	db	SUNDAY@	
engine.events.std_scripts:239:0	text	engine/events/std_scripts.asm	239	0	db	MONDAY@	
engine.events.std_scripts:241:0	text	engine/events/std_scripts.asm	241	0	db	TUESDAY@	
engine.events.std_scripts:243:0	text	engine/events/std_scripts.asm	243	0	db	WEDNESDAY@	
engine.events.std_scripts:245:0	text	engine/events/std_scripts.asm	245	0	db	THURSDAY@	
engine.events.std_scripts:247:0	text	engine/events/std_scripts.asm	247	0	db	FRIDAY@	
engine.events.std_scripts:249:0	text	engine/events/std_scripts.asm	249	0	db	SATURDAY@	
engine.events.std_scripts:747:0	text	engine/events/std_scripts.asm	747	0	db	 50 :  ¥1000@	
engine.events.std_scripts:748:0	text	engine/events/std_scripts.asm	748	0	db	500 : ¥10000@	
engine.events.std_scripts:749:0	text	engine/events/std_scripts.asm	749	0	db	CANCEL@	
engine.games.card_flip:467:0	text	engine/games/card_flip.asm	467	0	db	1	
engine.games.card_flip:467:1	text	engine/games/card_flip.asm	467	1	db	1	
engine.games.card_flip:467:2	text	engine/games/card_flip.asm	467	2	db	1	
engine.games.card_flip:467:3	text	engine/games/card_flip.asm	467	3	db	1	
engine.games.card_flip:468:0	text	engine/games/card_flip.asm	468	0	db	2	
engine.games.card_flip:468:1	text	engine/games/card_flip.asm	468	1	db	2	
engine.games.card_flip:468:2	text	engine/games/card_flip.asm	468	2	db	2	
engine.games.card_flip:468:3	text	engine/games/card_flip.asm	468	3	db	2	
engine.games.card_flip:469:0	text	engine/games/card_flip.asm	469	0	db	3	
engine.games.card_flip:469:1	text	engine/games/card_flip.asm	469	1	db	3	
engine.games.card_flip:469:2	text	engine/games/card_flip.asm	469	2	db	3	
engine.games.card_flip:469:3	text	engine/games/card_flip.asm	469	3	db	3	
engine.games.card_flip:470:0	text	engine/games/card_flip.asm	470	0	db	4	
engine.games.card_flip:470:1	text	engine/games/card_flip.asm	470	1	db	4	
engine.games.card_flip:470:2	text	engine/games/card_flip.asm	470	2	db	4	
engine.games.card_flip:470:3	text	engine/games/card_flip.asm	470	3	db	4	
engine.games.card_flip:471:0	text	engine/games/card_flip.asm	471	0	db	5	
engine.games.card_flip:471:1	text	engine/games/card_flip.asm	471	1	db	5	
engine.games.card_flip:471:2	text	engine/games/card_flip.asm	471	2	db	5	
engine.games.card_flip:471:3	text	engine/games/card_flip.asm	471	3	db	5	
engine.games.card_flip:472:0	text	engine/games/card_flip.asm	472	0	db	6	
engine.games.card_flip:472:1	text	engine/games/card_flip.asm	472	1	db	6	
engine.games.card_flip:472:2	text	engine/games/card_flip.asm	472	2	db	6	
engine.games.card_flip:472:3	text	engine/games/card_flip.asm	472	3	db	6	
engine.games.card_flip:499:0	text	engine/games/card_flip.asm	499	0	db	COIN@	
engine.games.memory_game:464:0	text	engine/games/memory_game.asm	464	0	db	@	
engine.games.memory_game:466:0	text	engine/games/memory_game.asm	466	0	db	とったもの@	
engine.games.memory_game:468:0	text	engine/games/memory_game.asm	468	0	db	あと　かい@	
engine.games.slot_machine:1785:0	text	engine/games/slot_machine.asm	1785	0	db	 3@	
engine.games.slot_machine:1786:0	text	engine/games/slot_machine.asm	1786	0	db	 2@	
engine.games.slot_machine:1787:0	text	engine/games/slot_machine.asm	1787	0	db	 1@	
engine.games.slot_machine:1891:0	text	engine/games/slot_machine.asm	1891	0	dbw	300@	
engine.games.slot_machine:1892:0	text	engine/games/slot_machine.asm	1892	0	dbw	50@@	
engine.games.slot_machine:1893:0	text	engine/games/slot_machine.asm	1893	0	dbw	6@@@	
engine.games.slot_machine:1894:0	text	engine/games/slot_machine.asm	1894	0	dbw	8@@@	
engine.games.slot_machine:1895:0	text	engine/games/slot_machine.asm	1895	0	dbw	10@@	
engine.games.slot_machine:1896:0	text	engine/games/slot_machine.asm	1896	0	dbw	15@@	
engine.gfx.load_pics:216:0	text	engine/gfx/load_pics.asm	216	0	db	Pics 12	
engine.gfx.load_pics:217:0	text	engine/gfx/load_pics.asm	217	0	db	Pics 13	
engine.gfx.load_pics:218:0	text	engine/gfx/load_pics.asm	218	0	db	Pics 14	
engine.items.item_effects:2241:0	text	engine/items/item_effects.asm	2241	0	db	@	
engine.items.mart:758:0	menu	engine/items/mart.asm	758	0	db	！ダミー！@	！占位！
engine.items.mart:773:0	menu	engine/items/mart.asm	773	0	db	BUY@	购买
engine.items.mart:774:0	menu	engine/items/mart.asm	774	0	db	SELL@	出售
engine.items.mart:775:0	menu	engine/items/mart.asm	775	0	db	QUIT@	退出
engine.items.pack:169:0	menu	engine/items/pack.asm	169	0	db	USE@	使用
engine.items.pack:170:0	menu	engine/items/pack.asm	170	0	db	QUIT@	退出
engine.items.pack:185:0	menu	engine/items/pack.asm	185	0	db	USE@	使用
engine.items.pack:186:0	menu	engine/items/pack.asm	186	0	db	GIVE@	给予
engine.items.pack:187:0	menu	engine/items/pack.asm	187	0	db	QUIT@	退出
engine.items.pack:320:0	menu	engine/items/pack.asm	320	0	db	USE@	使用
engine.items.pack:321:0	menu	engine/items/pack.asm	321	0	db	GIVE@	给予
engine.items.pack:322:0	menu	engine/items/pack.asm	322	0	db	TOSS@	丢弃
engine.items.pack:323:0	menu	engine/items/pack.asm	323	0	db	SEL@	登记
engine.items.pack:324:0	menu	engine/items/pack.asm	324	0	db	QUIT@	退出
engine.items.pack:342:0	menu	engine/items/pack.asm	342	0	db	USE@	使用
engine.items.pack:343:0	menu	engine/items/pack.asm	343	0	db	GIVE@	给予
engine.items.pack:344:0	menu	engine/items/pack.asm	344	0	db	TOSS@	丢弃
engine.items.pack:345:0	menu	engine/items/pack.asm	345	0	db	QUIT@	退出
engine.items.pack:362:0	menu	engine/items/pack.asm	362	0	db	USE@	使用
engine.items.pack:363:0	menu	engine/items/pack.asm	363	0	db	QUIT@	退出
engine.items.pack:378:0	menu	engine/items/pack.asm	378	0	db	USE@	使用
engine.items.pack:379:0	menu	engine/items/pack.asm	379	0	db	SEL@	登记
engine.items.pack:380:0	menu	engine/items/pack.asm	380	0	db	QUIT@	退出
engine.items.pack:396:0	menu	engine/items/pack.asm	396	0	db	GIVE@	给予
engine.items.pack:397:0	menu	engine/items/pack.asm	397	0	db	TOSS@	丢弃
engine.items.pack:398:0	menu	engine/items/pack.asm	398	0	db	SEL@	登记
engine.items.pack:399:0	menu	engine/items/pack.asm	399	0	db	QUIT@	退出
engine.items.pack:416:0	menu	engine/items/pack.asm	416	0	db	GIVE@	给予
engine.items.pack:417:0	menu	engine/items/pack.asm	417	0	db	TOSS@	丢弃
engine.items.pack:418:0	menu	engine/items/pack.asm	418	0	db	QUIT@	退出
engine.items.pack:817:0	menu	engine/items/pack.asm	817	0	db	USE@	使用
engine.items.pack:818:0	menu	engine/items/pack.asm	818	0	db	QUIT@	退出
engine.items.pack:833:0	menu	engine/items/pack.asm	833	0	db	QUIT@	退出
engine.items.tmhm:452:0	menu	engine/items/tmhm.asm	452	0	db	CANCEL@	取消
engine.link.link:542:0	menu	engine/link/link.asm	542	0	db	PLEASE WAIT!@	请稍候!
engine.link.link:1449:0	menu	engine/link/link.asm	1449	0	db	STATS     TRADE@	状态     交换
engine.link.link:1520:0	menu	engine/link/link.asm	1520	0	db	CANCEL@	取消
engine.link.link:1892:0	menu	engine/link/link.asm	1892	0	db	TRADE	交换
engine.link.link:1893:0	menu	engine/link/link.asm	1893	0	next	CANCEL@	取消
engine.link.link:1900:0	menu	engine/link/link.asm	1900	0	db	Trade completed!@	交换完成!
engine.link.link:1903:0	menu	engine/link/link.asm	1903	0	db	Too bad! The trade	真可惜!交换
engine.link.link:1904:0	menu	engine/link/link.asm	1904	0	next	was canceled!@	已取消!
engine.link.mystery_gift:160:0	menu	engine/link/mystery_gift.asm	160	0	db	Press A to	按A连接
engine.link.mystery_gift:161:0	menu	engine/link/mystery_gift.asm	161	0	next	link IR-Device	红外装置
engine.link.mystery_gift:162:0	menu	engine/link/mystery_gift.asm	162	0	next	Press B to	按B
engine.link.mystery_gift:163:0	menu	engine/link/mystery_gift.asm	163	0	next	cancel it.	取消。
engine.link.mystery_gift:164:0	menu	engine/link/mystery_gift.asm	164	0	db	@	@
engine.link.place_waiting_text:24:0	menu	engine/link/place_waiting_text.asm	24	0	db	Waiting...!@	等待中...!
engine.menus.delete_save:33:0	menu	engine/menus/delete_save.asm	33	0	db	NO@	否
engine.menus.delete_save:34:0	menu	engine/menus/delete_save.asm	34	0	db	YES@	是
engine.menus.intro_menu:178:0	menu	engine/menus/intro_menu.asm	178	0	db	BOX@	箱子
engine.menus.intro_menu:191:0	menu	engine/menus/intro_menu.asm	191	0	db	RALPH@	拉尔夫
engine.menus.intro_menu:214:0	menu	engine/menus/intro_menu.asm	214	0	db	???@	???@
engine.menus.intro_menu:215:0	menu	engine/menus/intro_menu.asm	215	0	db	RED@	小赤
engine.menus.intro_menu:216:0	menu	engine/menus/intro_menu.asm	216	0	db	GREEN@	小绿
engine.menus.intro_menu:217:0	menu	engine/menus/intro_menu.asm	217	0	db	MOM@	妈妈
engine.menus.intro_menu:412:0	menu	engine/menus/intro_menu.asm	412	0	db	PLAYER <PLAYER>@	玩家 <PLAYER>
engine.menus.intro_menu:413:0	menu	engine/menus/intro_menu.asm	413	0	db	BADGES@	徽章
engine.menus.intro_menu:414:0	menu	engine/menus/intro_menu.asm	414	0	db	#DEX@	图鉴
engine.menus.intro_menu:415:0	menu	engine/menus/intro_menu.asm	415	0	db	TIME@	时间
engine.menus.intro_menu:426:0	menu	engine/menus/intro_menu.asm	426	0	db	PLAYER <PLAYER>@	玩家 <PLAYER>
engine.menus.intro_menu:427:0	menu	engine/menus/intro_menu.asm	427	0	db	BADGES@	徽章
engine.menus.intro_menu:428:0	menu	engine/menus/intro_menu.asm	428	0	db	 @	 @
engine.menus.intro_menu:429:0	menu	engine/menus/intro_menu.asm	429	0	db	TIME@	时间
engine.menus.intro_menu:459:0	menu	engine/menus/intro_menu.asm	459	0	db	 ???@	 ???@
engine.menus.main_menu:69:0	menu	engine/menus/main_menu.asm	69	0	db	CONTINUE@	继续
engine.menus.main_menu:70:0	menu	engine/menus/main_menu.asm	70	0	db	NEW GAME@	新游戏
engine.menus.main_menu:71:0	menu	engine/menus/main_menu.asm	71	0	db	OPTION@	设定
engine.menus.main_menu:72:0	menu	engine/menus/main_menu.asm	72	0	db	MYSTERY GIFT@	神秘礼物
engine.menus.main_menu:74:0	menu	engine/menus/main_menu.asm	74	0	db	DEBUG ROOM@	调试房
engine.menus.main_menu:222:0	menu	engine/menus/main_menu.asm	222	0	db	min.@	分
engine.menus.main_menu:231:0	menu	engine/menus/main_menu.asm	231	0	db	TIME NOT SET@	时间未设
engine.menus.main_menu:253:0	menu	engine/menus/main_menu.asm	253	0	db	SUN@	日
engine.menus.main_menu:254:0	menu	engine/menus/main_menu.asm	254	0	db	MON@	一
engine.menus.main_menu:255:0	menu	engine/menus/main_menu.asm	255	0	db	TUES@	二
engine.menus.main_menu:256:0	menu	engine/menus/main_menu.asm	256	0	db	WEDNES@	三
engine.menus.main_menu:257:0	menu	engine/menus/main_menu.asm	257	0	db	THURS@	四
engine.menus.main_menu:258:0	menu	engine/menus/main_menu.asm	258	0	db	FRI@	五
engine.menus.main_menu:259:0	menu	engine/menus/main_menu.asm	259	0	db	SATUR@	六
engine.menus.main_menu:261:0	menu	engine/menus/main_menu.asm	261	0	db	DAY@	昼
engine.menus.menu_2:107:0	menu	engine/menus/menu_2.asm	107	0	db	MONEY@	金钱
engine.menus.menu_2:109:0	menu	engine/menus/menu_2.asm	109	0	db	COIN@	代币
engine.menus.menu_2:111:0	menu	engine/menus/menu_2.asm	111	0	db	@	@
engine.menus.menu_2:113:0	menu	engine/menus/menu_2.asm	113	0	db	@	@
engine.menus.menu_2:143:0	menu	engine/menus/menu_2.asm	143	0	db	／５００@	／５００
engine.menus.menu_2:145:0	menu	engine/menus/menu_2.asm	145	0	db	ボール　　　こ@	球　　　个
engine.menus.menu_2:199:0	menu	engine/menus/menu_2.asm	199	0	db	ボール　　　こ@	球　　　个
engine.menus.menu_2:201:0	menu	engine/menus/menu_2.asm	201	0	db	CAUGHT@	已捕获
engine.menus.menu_2:203:0	menu	engine/menus/menu_2.asm	203	0	db	BALLS:@	球:
engine.menus.menu_2:205:0	menu	engine/menus/menu_2.asm	205	0	db	None@	无
engine.menus.menu_2:207:0	menu	engine/menus/menu_2.asm	207	0	db	LEVEL@	等级
engine.menus.menu_2:250:0	menu	engine/menus/menu_2.asm	250	0	db	CANCEL@	取消
engine.menus.naming_screen:120:0	menu	engine/menus/naming_screen.asm	120	0	db	'S@	的
engine.menus.naming_screen:121:0	menu	engine/menus/naming_screen.asm	121	0	db	NICKNAME?@	昵称?
engine.menus.naming_screen:133:0	menu	engine/menus/naming_screen.asm	133	0	db	YOUR NAME?@	你的名字?
engine.menus.naming_screen:145:0	menu	engine/menus/naming_screen.asm	145	0	db	RIVAL'S NAME?@	对手名字?
engine.menus.naming_screen:157:0	menu	engine/menus/naming_screen.asm	157	0	db	MOTHER'S NAME?@	妈妈名字?
engine.menus.naming_screen:181:0	menu	engine/menus/naming_screen.asm	181	0	db	BOX NAME?@	箱子名字?
engine.menus.naming_screen:959:0	menu	engine/menus/naming_screen.asm	959	0	db	メールを　かいてね@	请写邮件
engine.menus.options_menu:75:0	menu	engine/menus/options_menu.asm	75	0	db	TEXT SPEED  :<LF><LF>	文字速度  :<LF><LF>
engine.menus.options_menu:76:0	menu	engine/menus/options_menu.asm	76	0	db	BATTLE SCENE:<LF><LF>	战斗动画  :<LF><LF>
engine.menus.options_menu:77:0	menu	engine/menus/options_menu.asm	77	0	db	BATTLE STYLE:<LF><LF>	战斗模式  :<LF><LF>
engine.menus.options_menu:78:0	menu	engine/menus/options_menu.asm	78	0	db	SOUND       :<LF><LF>	声音      :<LF><LF>
engine.menus.options_menu:79:0	menu	engine/menus/options_menu.asm	79	0	db	PRINT       :<LF><LF>	打印      :<LF><LF>
engine.menus.options_menu:80:0	menu	engine/menus/options_menu.asm	80	0	db	MENU ACCOUNT:<LF><LF>	菜单说明  :<LF><LF>
engine.menus.options_menu:81:0	menu	engine/menus/options_menu.asm	81	0	db	FRAME       :<LF><LF>	边框      :<LF><LF>
engine.menus.options_menu:82:0	menu	engine/menus/options_menu.asm	82	0	db	CANCEL@	取消
engine.menus.options_menu:156:0	menu	engine/menus/options_menu.asm	156	0	db	FAST@	快
engine.menus.options_menu:157:0	menu	engine/menus/options_menu.asm	157	0	db	MID @	中
engine.menus.options_menu:158:0	menu	engine/menus/options_menu.asm	158	0	db	SLOW@	慢
engine.menus.options_menu:220:0	menu	engine/menus/options_menu.asm	220	0	db	ON @	开
engine.menus.options_menu:221:0	menu	engine/menus/options_menu.asm	221	0	db	OFF@	关
engine.menus.options_menu:258:0	menu	engine/menus/options_menu.asm	258	0	db	SHIFT@	轮换
engine.menus.options_menu:259:0	menu	engine/menus/options_menu.asm	259	0	db	SET  @	固定
engine.menus.options_menu:303:0	menu	engine/menus/options_menu.asm	303	0	db	MONO  @	单声道
engine.menus.options_menu:304:0	menu	engine/menus/options_menu.asm	304	0	db	STEREO@	立体声
engine.menus.options_menu:365:0	menu	engine/menus/options_menu.asm	365	0	db	LIGHTEST@	最亮
engine.menus.options_menu:366:0	menu	engine/menus/options_menu.asm	366	0	db	LIGHTER @	较亮
engine.menus.options_menu:367:0	menu	engine/menus/options_menu.asm	367	0	db	NORMAL  @	普通
engine.menus.options_menu:368:0	menu	engine/menus/options_menu.asm	368	0	db	DARKER  @	较暗
engine.menus.options_menu:369:0	menu	engine/menus/options_menu.asm	369	0	db	DARKEST @	最暗
engine.menus.options_menu:443:0	menu	engine/menus/options_menu.asm	443	0	db	OFF@	关
engine.menus.options_menu:444:0	menu	engine/menus/options_menu.asm	444	0	db	ON @	开
engine.menus.scrolling_menu:409:0	menu	engine/menus/scrolling_menu.asm	409	0	db	CANCEL@	取消
engine.menus.start_menu:189:0	menu	engine/menus/start_menu.asm	189	0	db	#DEX@	图鉴
engine.menus.start_menu:190:0	menu	engine/menus/start_menu.asm	190	0	db	#MON@	宝可梦
engine.menus.start_menu:191:0	menu	engine/menus/start_menu.asm	191	0	db	PACK@	背包
engine.menus.start_menu:192:0	menu	engine/menus/start_menu.asm	192	0	db	<PLAYER>@	<PLAYER>
engine.menus.start_menu:193:0	menu	engine/menus/start_menu.asm	193	0	db	SAVE@	保存
engine.menus.start_menu:194:0	menu	engine/menus/start_menu.asm	194	0	db	OPTION@	设定
engine.menus.start_menu:195:0	menu	engine/menus/start_menu.asm	195	0	db	EXIT@	退出
engine.menus.start_menu:196:0	menu	engine/menus/start_menu.asm	196	0	db	<POKE>GEAR@	宝可装置
engine.menus.start_menu:197:0	menu	engine/menus/start_menu.asm	197	0	db	QUIT@	退出
engine.menus.start_menu:200:0	menu	engine/menus/start_menu.asm	200	0	db	#MON	宝可梦
engine.menus.start_menu:201:0	menu	engine/menus/start_menu.asm	201	0	next	database@	资料库
engine.menus.start_menu:204:0	menu	engine/menus/start_menu.asm	204	0	db	Party <PKMN>	同行宝可梦
engine.menus.start_menu:205:0	menu	engine/menus/start_menu.asm	205	0	next	status@	状态
engine.menus.start_menu:208:0	menu	engine/menus/start_menu.asm	208	0	db	Contains	查看
engine.menus.start_menu:209:0	menu	engine/menus/start_menu.asm	209	0	next	items@	道具
engine.menus.start_menu:212:0	menu	engine/menus/start_menu.asm	212	0	db	Trainer's	训练家的
engine.menus.start_menu:213:0	menu	engine/menus/start_menu.asm	213	0	next	key device@	重要装置
engine.menus.start_menu:216:0	menu	engine/menus/start_menu.asm	216	0	db	Your own	自己的
engine.menus.start_menu:217:0	menu	engine/menus/start_menu.asm	217	0	next	status@	状态
engine.menus.start_menu:220:0	menu	engine/menus/start_menu.asm	220	0	db	Save your	保存你的
engine.menus.start_menu:221:0	menu	engine/menus/start_menu.asm	221	0	next	progress@	进度
engine.menus.start_menu:224:0	menu	engine/menus/start_menu.asm	224	0	db	Change	更改
engine.menus.start_menu:225:0	menu	engine/menus/start_menu.asm	225	0	next	settings@	设定
engine.menus.start_menu:228:0	menu	engine/menus/start_menu.asm	228	0	db	Close this	关闭此
engine.menus.start_menu:229:0	menu	engine/menus/start_menu.asm	229	0	next	menu@	菜单
engine.menus.start_menu:232:0	menu	engine/menus/start_menu.asm	232	0	db	Quit and	退出并
engine.menus.start_menu:233:0	menu	engine/menus/start_menu.asm	233	0	next	be judged.@	接受评审。
engine.menus.trainer_card:270:0	menu	engine/menus/trainer_card.asm	270	0	db	NAME/	名字/
engine.menus.trainer_card:271:0	menu	engine/menus/trainer_card.asm	271	0	next		
engine.menus.trainer_card:272:0	menu	engine/menus/trainer_card.asm	272	0	next	MONEY@	金钱
engine.menus.trainer_card:307:0	menu	engine/menus/trainer_card.asm	307	0	db	#DEX	图鉴
engine.menus.trainer_card:308:0	menu	engine/menus/trainer_card.asm	308	0	next	PLAY TIME@	游戏时间
engine.menus.trainer_card:311:0	menu	engine/menus/trainer_card.asm	311	0	db	@	@
engine.menus.trainer_card:314:0	menu	engine/menus/trainer_card.asm	314	0	db	BADGES▶@	徽章▶
engine.movie.splash:215:0	text	engine/movie/splash.asm	215	0	db	@	
engine.movie.splash:231:0	text	engine/movie/splash.asm	231	0	db	@	
engine.movie.trade_animation:893:0	text	engine/movie/trade_animation.asm	893	0	db	─── №.	
engine.movie.trade_animation:894:0	text	engine/movie/trade_animation.asm	894	0	next		
engine.movie.trade_animation:895:0	text	engine/movie/trade_animation.asm	895	0	next	OT/	
engine.movie.trade_animation:896:0	text	engine/movie/trade_animation.asm	896	0	next	<ID>№.@	
engine.movie.trade_animation:914:0	text	engine/movie/trade_animation.asm	914	0	db	EGG	
engine.movie.trade_animation:915:0	text	engine/movie/trade_animation.asm	915	0	next	OT/?????	
engine.movie.trade_animation:916:0	text	engine/movie/trade_animation.asm	916	0	next	<ID>№.?????@	
engine.overworld.decorations:63:0	menu	engine/overworld/decorations.asm	63	0	db	BED@	床
engine.overworld.decorations:64:0	menu	engine/overworld/decorations.asm	64	0	db	CARPET@	地毯
engine.overworld.decorations:65:0	menu	engine/overworld/decorations.asm	65	0	db	PLANT@	植物
engine.overworld.decorations:66:0	menu	engine/overworld/decorations.asm	66	0	db	POSTER@	海报
engine.overworld.decorations:67:0	menu	engine/overworld/decorations.asm	67	0	db	GAME CONSOLE@	游戏机
engine.overworld.decorations:68:0	menu	engine/overworld/decorations.asm	68	0	db	ORNAMENT@	摆设
engine.overworld.decorations:69:0	menu	engine/overworld/decorations.asm	69	0	db	BIG DOLL@	大玩偶
engine.overworld.decorations:70:0	menu	engine/overworld/decorations.asm	70	0	db	EXIT@	退出
engine.overworld.decorations:884:0	menu	engine/overworld/decorations.asm	884	0	db	RIGHT SIDE@	右侧
engine.overworld.decorations:885:0	menu	engine/overworld/decorations.asm	885	0	db	LEFT SIDE@	左侧
engine.overworld.decorations:886:0	menu	engine/overworld/decorations.asm	886	0	db	CANCEL@	取消
engine.phone.scripts.mom:53:0	text	engine/phone/scripts/mom.asm	53	0	db	SPROUT TOWER@	
engine.phone.scripts.mom:59:0	text	engine/phone/scripts/mom.asm	59	0	db	SLOWPOKE WELL@	
engine.phone.scripts.mom:65:0	text	engine/phone/scripts/mom.asm	65	0	db	RADIO TOWER@	
engine.pokedex.pokedex:1130:0	menu	engine/pokedex/pokedex.asm	1130	0	db	SEEN	见过
engine.pokedex.pokedex:1132:0	menu	engine/pokedex/pokedex.asm	1132	0	db	OWN	拥有
engine.pokedex.pokedex:1174:0	menu	engine/pokedex/pokedex.asm	1174	0	db	HT  ?	高  ?
engine.pokedex.pokedex:1174:1	menu	engine/pokedex/pokedex.asm	1174	1	db	??	??
engine.pokedex.pokedex:1176:0	menu	engine/pokedex/pokedex.asm	1176	0	db	WT   ???lb	重   ???lb
engine.pokedex.pokedex:1178:0	menu	engine/pokedex/pokedex.asm	1178	0	db	 PAGE AREA CRY PRNT	 页 区 叫 打印
engine.pokedex.pokedex:1203:0	menu	engine/pokedex/pokedex.asm	1203	0	db	 OPTION 	 设定
engine.pokedex.pokedex:1206:0	menu	engine/pokedex/pokedex.asm	1206	0	db	NEW #DEX MODE	新图鉴模式
engine.pokedex.pokedex:1207:0	menu	engine/pokedex/pokedex.asm	1207	0	next	OLD #DEX MODE	旧图鉴模式
engine.pokedex.pokedex:1208:0	menu	engine/pokedex/pokedex.asm	1208	0	next	A to Z MODE	字母模式
engine.pokedex.pokedex:1209:0	menu	engine/pokedex/pokedex.asm	1209	0	db	@	@
engine.pokedex.pokedex:1212:0	menu	engine/pokedex/pokedex.asm	1212	0	db	UNOWN MODE@	未知图腾模式
engine.pokedex.pokedex:1237:0	menu	engine/pokedex/pokedex.asm	1237	0	db	 SEARCH 	 搜索
engine.pokedex.pokedex:1240:0	menu	engine/pokedex/pokedex.asm	1240	0	db	        	        
engine.pokedex.pokedex:1243:0	menu	engine/pokedex/pokedex.asm	1243	0	db	TYPE1	属性1
engine.pokedex.pokedex:1244:0	menu	engine/pokedex/pokedex.asm	1244	0	next	TYPE2	属性2
engine.pokedex.pokedex:1245:0	menu	engine/pokedex/pokedex.asm	1245	0	db	@	@
engine.pokedex.pokedex:1248:0	menu	engine/pokedex/pokedex.asm	1248	0	db	BEGIN SEARCH!!	开始搜索!!
engine.pokedex.pokedex:1249:0	menu	engine/pokedex/pokedex.asm	1249	0	next	CANCEL	取消
engine.pokedex.pokedex:1250:0	menu	engine/pokedex/pokedex.asm	1250	0	db	@	@
engine.pokedex.pokedex:1283:0	menu	engine/pokedex/pokedex.asm	1283	0	db	SEARCH RESULTS	搜索结果
engine.pokedex.pokedex:1284:0	menu	engine/pokedex/pokedex.asm	1284	0	next	  TYPE	  属性
engine.pokedex.pokedex:1285:0	menu	engine/pokedex/pokedex.asm	1285	0	next	    FOUND!	    找到!
engine.pokedex.pokedex:1286:0	menu	engine/pokedex/pokedex.asm	1286	0	db	@	@
engine.pokedex.pokedex:1564:0	menu	engine/pokedex/pokedex.asm	1564	0	db	-----@	-----@
engine.pokedex.pokedex:1735:0	menu	engine/pokedex/pokedex.asm	1735	0	db	<PK><MN> are listed by	宝可梦按
engine.pokedex.pokedex:1736:0	menu	engine/pokedex/pokedex.asm	1736	0	next	evolution type.@	进化分类。
engine.pokedex.pokedex:1739:0	menu	engine/pokedex/pokedex.asm	1739	0	db	<PK><MN> are listed by	宝可梦按
engine.pokedex.pokedex:1740:0	menu	engine/pokedex/pokedex.asm	1740	0	next	official type.@	官方分类。
engine.pokedex.pokedex:1743:0	menu	engine/pokedex/pokedex.asm	1743	0	db	<PK><MN> are listed	宝可梦按
engine.pokedex.pokedex:1744:0	menu	engine/pokedex/pokedex.asm	1744	0	next	alphabetically.@	字母排序。
engine.pokedex.pokedex:1747:0	menu	engine/pokedex/pokedex.asm	1747	0	db	UNOWN are listed	未知图腾按
engine.pokedex.pokedex:1748:0	menu	engine/pokedex/pokedex.asm	1748	0	next	in catching order.@	捕获顺序。
engine.pokedex.pokedex:1770:0	menu	engine/pokedex/pokedex.asm	1770	0	db	Changing modes.	切换模式中。
engine.pokedex.pokedex:1771:0	menu	engine/pokedex/pokedex.asm	1771	0	next	Please wait.@	请稍候。
engine.pokedex.pokedex:1970:0	menu	engine/pokedex/pokedex.asm	1970	0	db	The specified type	指定属性
engine.pokedex.pokedex:1971:0	menu	engine/pokedex/pokedex.asm	1971	0	next	was not found.@	未找到。
engine.pokedex.pokedex_2:218:0	menu	engine/pokedex/pokedex_2.asm	218	0	db	#@	#@
engine.pokedex.pokedex_3:119:0	menu	engine/pokedex/pokedex_3.asm	119	0	db	ESULTS	结果
engine.pokedex.pokedex_3:120:0	menu	engine/pokedex/pokedex_3.asm	120	0	next		
engine.pokedex.pokedex_3:122:0	menu	engine/pokedex/pokedex_3.asm	122	0	next	D!@	完成!
engine.pokegear.pokegear:315:0	menu	engine/pokegear/pokegear.asm	315	0	db	SWITCH▶@	切换▶
engine.pokegear.pokegear:516:0	menu	engine/pokegear/pokegear.asm	516	0	db	ごぜん@	上午
engine.pokegear.pokegear:517:0	menu	engine/pokegear/pokegear.asm	517	0	db	ごご@	下午
engine.pokegear.pokegear:1238:0	menu	engine/pokegear/pokegear.asm	1238	0	db	CALL	呼叫
engine.pokegear.pokegear:1239:0	menu	engine/pokegear/pokegear.asm	1239	0	next	DELETE	删除
engine.pokegear.pokegear:1240:0	menu	engine/pokegear/pokegear.asm	1240	0	next	CANCEL	取消
engine.pokegear.pokegear:1241:0	menu	engine/pokegear/pokegear.asm	1241	0	db	@	@
engine.pokegear.pokegear:1251:0	menu	engine/pokegear/pokegear.asm	1251	0	db	CALL	呼叫
engine.pokegear.pokegear:1252:0	menu	engine/pokegear/pokegear.asm	1252	0	next	CANCEL	取消
engine.pokegear.pokegear:1253:0	menu	engine/pokegear/pokegear.asm	1253	0	db	@	@
engine.pokegear.pokegear:1699:0	menu	engine/pokegear/pokegear.asm	1699	0	db	OAK's <PK><MN> Talk@	大木讲座
engine.pokegear.pokegear:1700:0	menu	engine/pokegear/pokegear.asm	1700	0	db	#DEX Show@	图鉴节目
engine.pokegear.pokegear:1701:0	menu	engine/pokegear/pokegear.asm	1701	0	db	#MON Music@	宝可梦音乐
engine.pokegear.pokegear:1702:0	menu	engine/pokegear/pokegear.asm	1702	0	db	Lucky Channel@	幸运频道
engine.pokegear.pokegear:1703:0	menu	engine/pokegear/pokegear.asm	1703	0	db	?????@	?????@
engine.pokegear.pokegear:1705:0	menu	engine/pokegear/pokegear.asm	1705	0	db	Places & People@	地点人物
engine.pokegear.pokegear:1706:0	menu	engine/pokegear/pokegear.asm	1706	0	db	Let's All Sing!@	大家唱!
engine.pokegear.pokegear:1707:0	menu	engine/pokegear/pokegear.asm	1707	0	db	# FLUTE@	宝可笛
engine.pokegear.pokegear:2133:0	menu	engine/pokegear/pokegear.asm	2133	0	db	Where?@	哪里?
engine.pokegear.pokegear:2425:0	menu	engine/pokegear/pokegear.asm	2425	0	db	'S NEST@	的巢穴
engine.pokegear.radio:552:0	menu	engine/pokegear/radio.asm	552	0	db	#MON@	宝可梦
engine.pokegear.radio:564:0	menu	engine/pokegear/radio.asm	564	0	db	#MON Channel@	宝可梦频道
engine.pokegear.radio:576:0	menu	engine/pokegear/radio.asm	576	0	db	@	@
engine.pokegear.radio:597:0	menu	engine/pokegear/radio.asm	597	0	db	@	@
engine.pokemon.bills_pc:237:0	text	engine/pokemon/bills_pc.asm	237	0	db	DEPOSIT@	
engine.pokemon.bills_pc:238:0	text	engine/pokemon/bills_pc.asm	238	0	db	STATS@	
engine.pokemon.bills_pc:239:0	text	engine/pokemon/bills_pc.asm	239	0	db	RELEASE@	
engine.pokemon.bills_pc:240:0	text	engine/pokemon/bills_pc.asm	240	0	db	CANCEL@	
engine.pokemon.bills_pc:475:0	text	engine/pokemon/bills_pc.asm	475	0	db	WITHDRAW@	
engine.pokemon.bills_pc:476:0	text	engine/pokemon/bills_pc.asm	476	0	db	STATS@	
engine.pokemon.bills_pc:477:0	text	engine/pokemon/bills_pc.asm	477	0	db	RELEASE@	
engine.pokemon.bills_pc:478:0	text	engine/pokemon/bills_pc.asm	478	0	db	CANCEL@	
engine.pokemon.bills_pc:685:0	text	engine/pokemon/bills_pc.asm	685	0	db	MOVE@	
engine.pokemon.bills_pc:686:0	text	engine/pokemon/bills_pc.asm	686	0	db	STATS@	
engine.pokemon.bills_pc:687:0	text	engine/pokemon/bills_pc.asm	687	0	db	CANCEL@	
engine.pokemon.bills_pc:996:0	text	engine/pokemon/bills_pc.asm	996	0	db	PARTY <PK><MN>@	
engine.pokemon.bills_pc:1243:0	text	engine/pokemon/bills_pc.asm	1243	0	db	CANCEL@	
engine.pokemon.bills_pc:1356:0	text	engine/pokemon/bills_pc.asm	1356	0	db	-----@	
engine.pokemon.bills_pc:1952:0	text	engine/pokemon/bills_pc.asm	1952	0	db	Saving… Leave ON!@	
engine.pokemon.bills_pc:2185:0	text	engine/pokemon/bills_pc.asm	2185	0	db	Choose a <PK><MN>.@	
engine.pokemon.bills_pc:2186:0	text	engine/pokemon/bills_pc.asm	2186	0	db	What's up?@	
engine.pokemon.bills_pc:2187:0	text	engine/pokemon/bills_pc.asm	2187	0	db	Release <PK><MN>?@	
engine.pokemon.bills_pc:2188:0	text	engine/pokemon/bills_pc.asm	2188	0	db	Move to where?@	
engine.pokemon.bills_pc:2189:0	text	engine/pokemon/bills_pc.asm	2189	0	db	It's your last <PK><MN>!@	
engine.pokemon.bills_pc:2190:0	text	engine/pokemon/bills_pc.asm	2190	0	db	There's no room!@	
engine.pokemon.bills_pc:2191:0	text	engine/pokemon/bills_pc.asm	2191	0	db	No more usable <PK><MN>!@	
engine.pokemon.bills_pc:2192:0	text	engine/pokemon/bills_pc.asm	2192	0	db	Remove MAIL.@	
engine.pokemon.bills_pc:2193:0	text	engine/pokemon/bills_pc.asm	2193	0	db	Released <PK><MN>.@	
engine.pokemon.bills_pc:2194:0	text	engine/pokemon/bills_pc.asm	2194	0	db	Bye,@	
engine.pokemon.bills_pc:2195:0	text	engine/pokemon/bills_pc.asm	2195	0	db	Stored @	
engine.pokemon.bills_pc:2196:0	text	engine/pokemon/bills_pc.asm	2196	0	db	Got @	
engine.pokemon.bills_pc:2197:0	text	engine/pokemon/bills_pc.asm	2197	0	db	Non.@	
engine.pokemon.bills_pc:2198:0	text	engine/pokemon/bills_pc.asm	2198	0	db	The BOX is full.@	
engine.pokemon.bills_pc:2199:0	text	engine/pokemon/bills_pc.asm	2199	0	db	The party's full!@	
engine.pokemon.bills_pc:2200:0	text	engine/pokemon/bills_pc.asm	2200	0	db	No releasing EGGS!@	
engine.pokemon.bills_pc:2297:0	text	engine/pokemon/bills_pc.asm	2297	0	db	#MON@	
engine.pokemon.bills_pc:2300:0	text	engine/pokemon/bills_pc.asm	2300	0	db	/{d:MONS_PER_BOX}@	
engine.pokemon.bills_pc:2366:0	text	engine/pokemon/bills_pc.asm	2366	0	db	CURRENT@	
engine.pokemon.bills_pc:2446:0	text	engine/pokemon/bills_pc.asm	2446	0	db	SWITCH@	
engine.pokemon.bills_pc:2447:0	text	engine/pokemon/bills_pc.asm	2447	0	db	NAME@	
engine.pokemon.bills_pc:2448:0	text	engine/pokemon/bills_pc.asm	2448	0	db	PRINT@	
engine.pokemon.bills_pc:2449:0	text	engine/pokemon/bills_pc.asm	2449	0	db	QUIT@	
engine.pokemon.bills_pc:2456:0	text	engine/pokemon/bills_pc.asm	2456	0	db	Choose a BOX.@	
engine.pokemon.bills_pc:2463:0	text	engine/pokemon/bills_pc.asm	2463	0	db	What's up?@	
engine.pokemon.bills_pc:2476:0	text	engine/pokemon/bills_pc.asm	2476	0	db	There's no #MON.@	
engine.pokemon.bills_pc_top:83:0	text	engine/pokemon/bills_pc_top.asm	83	0	db	WITHDRAW <PK><MN>@	
engine.pokemon.bills_pc_top:84:0	text	engine/pokemon/bills_pc_top.asm	84	0	db	DEPOSIT <PK><MN>@	
engine.pokemon.bills_pc_top:85:0	text	engine/pokemon/bills_pc_top.asm	85	0	db	CHANGE BOX@	
engine.pokemon.bills_pc_top:86:0	text	engine/pokemon/bills_pc_top.asm	86	0	db	MOVE <PK><MN> W/O MAIL@	
engine.pokemon.bills_pc_top:87:0	text	engine/pokemon/bills_pc_top.asm	87	0	db	SEE YA!@	
engine.pokemon.breeding:939:0	text	engine/pokemon/breeding.asm	939	0	db	@	
engine.pokemon.mail:564:0	text	engine/pokemon/mail.asm	564	0	db	READ MAIL@	
engine.pokemon.mail:565:0	text	engine/pokemon/mail.asm	565	0	db	PUT IN PACK@	
engine.pokemon.mail:566:0	text	engine/pokemon/mail.asm	566	0	db	ATTACH MAIL@	
engine.pokemon.mail:567:0	text	engine/pokemon/mail.asm	567	0	db	CANCEL@	
engine.pokemon.mon_menu:386:0	menu	engine/pokemon/mon_menu.asm	386	0	db	GIVE@	给予
engine.pokemon.mon_menu:387:0	menu	engine/pokemon/mon_menu.asm	387	0	db	TAKE@	取下
engine.pokemon.mon_menu:555:0	menu	engine/pokemon/mon_menu.asm	555	0	db	READ@	阅读
engine.pokemon.mon_menu:556:0	menu	engine/pokemon/mon_menu.asm	556	0	db	TAKE@	取下
engine.pokemon.mon_menu:557:0	menu	engine/pokemon/mon_menu.asm	557	0	db	QUIT@	退出
engine.pokemon.mon_menu:1089:0	menu	engine/pokemon/mon_menu.asm	1089	0	db	Where?@	哪里?
engine.pokemon.mon_menu:1224:0	menu	engine/pokemon/mon_menu.asm	1224	0	db	┌─────┐@	┌─────┐@
engine.pokemon.mon_menu:1226:0	menu	engine/pokemon/mon_menu.asm	1226	0	db	│TYPE/└@	│属性/└
engine.pokemon.mon_menu:1228:0	menu	engine/pokemon/mon_menu.asm	1228	0	db	ATTK/@	攻击/
engine.pokemon.mon_menu:1230:0	menu	engine/pokemon/mon_menu.asm	1230	0	db	---@	---@
engine.pokemon.mon_stats:119:0	menu	engine/pokemon/mon_stats.asm	119	0	db	ATTACK	攻击
engine.pokemon.mon_stats:120:0	menu	engine/pokemon/mon_stats.asm	120	0	next	DEFENSE	防御
engine.pokemon.mon_stats:121:0	menu	engine/pokemon/mon_stats.asm	121	0	next	SPCL.ATK	特攻
engine.pokemon.mon_stats:122:0	menu	engine/pokemon/mon_stats.asm	122	0	next	SPCL.DEF	特防
engine.pokemon.mon_stats:123:0	menu	engine/pokemon/mon_stats.asm	123	0	next	SPEED	速度
engine.pokemon.mon_stats:124:0	menu	engine/pokemon/mon_stats.asm	124	0	next	@	@
engine.pokemon.mon_stats:377:0	menu	engine/pokemon/mon_stats.asm	377	0	db	FNT@	濒死
engine.pokemon.mon_stats:418:0	menu	engine/pokemon/mon_stats.asm	418	0	db	SLP@	睡眠
engine.pokemon.mon_stats:419:0	menu	engine/pokemon/mon_stats.asm	419	0	db	PSN@	中毒
engine.pokemon.mon_stats:420:0	menu	engine/pokemon/mon_stats.asm	420	0	db	BRN@	烧伤
engine.pokemon.mon_stats:421:0	menu	engine/pokemon/mon_stats.asm	421	0	db	FRZ@	冰冻
engine.pokemon.mon_stats:422:0	menu	engine/pokemon/mon_stats.asm	422	0	db	PAR@	麻痹
engine.pokemon.mon_submenu:288:0	menu	engine/pokemon/mon_submenu.asm	288	0	db	SWITCH@	换位
engine.pokemon.mon_submenu:289:0	menu	engine/pokemon/mon_submenu.asm	289	0	db	STATS@	状态
engine.pokemon.mon_submenu:290:0	menu	engine/pokemon/mon_submenu.asm	290	0	db	CANCEL@	取消
engine.pokemon.move_mon:1220:0	menu	engine/pokemon/move_mon.asm	1220	0	db	EGG@	蛋
engine.pokemon.party_menu:112:0	menu	engine/pokemon/party_menu.asm	112	0	db	CANCEL@	取消
engine.pokemon.party_menu:343:0	menu	engine/pokemon/party_menu.asm	343	0	db	ABLE@	可用
engine.pokemon.party_menu:346:0	menu	engine/pokemon/party_menu.asm	346	0	db	NOT ABLE@	不可用
engine.pokemon.party_menu:425:0	menu	engine/pokemon/party_menu.asm	425	0	db	ABLE@	可用
engine.pokemon.party_menu:427:0	menu	engine/pokemon/party_menu.asm	427	0	db	NOT ABLE@	不可用
engine.pokemon.party_menu:469:0	menu	engine/pokemon/party_menu.asm	469	0	db	♂…MALE@	♂…雄性
engine.pokemon.party_menu:472:0	menu	engine/pokemon/party_menu.asm	472	0	db	♀…FEMALE@	♀…雌性
engine.pokemon.party_menu:475:0	menu	engine/pokemon/party_menu.asm	475	0	db	…UNKNOWN@	…未知
engine.pokemon.party_menu:672:0	menu	engine/pokemon/party_menu.asm	672	0	db	Choose a #MON.@	选择宝可梦。
engine.pokemon.party_menu:675:0	menu	engine/pokemon/party_menu.asm	675	0	db	Use on which <PK><MN>?@	对哪只使用?
engine.pokemon.party_menu:678:0	menu	engine/pokemon/party_menu.asm	678	0	db	Which <PK><MN>?@	哪只宝可梦?
engine.pokemon.party_menu:681:0	menu	engine/pokemon/party_menu.asm	681	0	db	Teach which <PK><MN>?@	教哪只?
engine.pokemon.party_menu:684:0	menu	engine/pokemon/party_menu.asm	684	0	db	Move to where?@	移到哪里?
engine.pokemon.party_menu:687:0	menu	engine/pokemon/party_menu.asm	687	0	db	Choose a ♀<PK><MN>.@	选择雌性。
engine.pokemon.party_menu:690:0	menu	engine/pokemon/party_menu.asm	690	0	db	Choose a ♂<PK><MN>.@	选择雄性。
engine.pokemon.party_menu:693:0	menu	engine/pokemon/party_menu.asm	693	0	db	To which <PK><MN>?@	给哪只?
engine.pokemon.party_menu:696:0	menu	engine/pokemon/party_menu.asm	696	0	db	You have no <PK><MN>!@	没有宝可梦!
engine.pokemon.stats_screen:497:0	menu	engine/pokemon/stats_screen.asm	497	0	db	STATUS/	状态/
engine.pokemon.stats_screen:498:0	menu	engine/pokemon/stats_screen.asm	498	0	next	TYPE/@	属性/
engine.pokemon.stats_screen:501:0	menu	engine/pokemon/stats_screen.asm	501	0	db	OK @	好
engine.pokemon.stats_screen:504:0	menu	engine/pokemon/stats_screen.asm	504	0	db	EXP POINTS@	经验值
engine.pokemon.stats_screen:507:0	menu	engine/pokemon/stats_screen.asm	507	0	db	LEVEL UP@	升级
engine.pokemon.stats_screen:510:0	menu	engine/pokemon/stats_screen.asm	510	0	db	TO@	到
engine.pokemon.stats_screen:513:0	menu	engine/pokemon/stats_screen.asm	513	0	db	#RUS@	宝可病毒
engine.pokemon.stats_screen:611:0	menu	engine/pokemon/stats_screen.asm	611	0	db	ITEM@	道具
engine.pokemon.stats_screen:614:0	menu	engine/pokemon/stats_screen.asm	614	0	db	---@	---@
engine.pokemon.stats_screen:617:0	menu	engine/pokemon/stats_screen.asm	617	0	db	MOVE@	招式
engine.pokemon.stats_screen:717:0	menu	engine/pokemon/stats_screen.asm	717	0	db	<ID>№.@	<ID>号
engine.pokemon.stats_screen:720:0	menu	engine/pokemon/stats_screen.asm	720	0	db	OT/@	训练家/
engine.pokemon.stats_screen:797:0	menu	engine/pokemon/stats_screen.asm	797	0	db	EGG@	蛋
engine.pokemon.stats_screen:800:0	menu	engine/pokemon/stats_screen.asm	800	0	db	?????@	?????@
engine.pokemon.stats_screen:803:0	menu	engine/pokemon/stats_screen.asm	803	0	db	It's making sounds	它发出声音
engine.pokemon.stats_screen:804:0	menu	engine/pokemon/stats_screen.asm	804	0	next	inside. It's going	在里面。快要
engine.pokemon.stats_screen:805:0	menu	engine/pokemon/stats_screen.asm	805	0	next	to hatch soon!@	孵化了!
engine.pokemon.stats_screen:808:0	menu	engine/pokemon/stats_screen.asm	808	0	db	It moves around	它在里面
engine.pokemon.stats_screen:809:0	menu	engine/pokemon/stats_screen.asm	809	0	next	inside sometimes.	有时会动。
engine.pokemon.stats_screen:810:0	menu	engine/pokemon/stats_screen.asm	810	0	next	It must be close	应该很快
engine.pokemon.stats_screen:811:0	menu	engine/pokemon/stats_screen.asm	811	0	next	to hatching.@	就孵化。
engine.pokemon.stats_screen:814:0	menu	engine/pokemon/stats_screen.asm	814	0	db	Wonder what's	不知道里面
engine.pokemon.stats_screen:815:0	menu	engine/pokemon/stats_screen.asm	815	0	next	inside? It needs	是什么?还需
engine.pokemon.stats_screen:816:0	menu	engine/pokemon/stats_screen.asm	816	0	next	more time, though.@	一些时间。
engine.pokemon.stats_screen:819:0	menu	engine/pokemon/stats_screen.asm	819	0	db	This EGG needs a	这颗蛋还要
engine.pokemon.stats_screen:820:0	menu	engine/pokemon/stats_screen.asm	820	0	next	lot more time to	很久才会
engine.pokemon.stats_screen:821:0	menu	engine/pokemon/stats_screen.asm	821	0	next	hatch.@	孵化。
engine.printer.print_party:104:0	text	engine/printer/print_party.asm	104	0	db	@	
engine.printer.print_party:105:0	text	engine/printer/print_party.asm	105	0	next	 CHECKING LINK...@	
engine.printer.print_party:106:0	text	engine/printer/print_party.asm	106	0	next	  TRANSMITTING...@	
engine.printer.print_party:107:0	text	engine/printer/print_party.asm	107	0	next	    PRINTING...@	
engine.printer.print_party:109:0	text	engine/printer/print_party.asm	109	0	db	 Printer Error 1	
engine.printer.print_party:110:0	text	engine/printer/print_party.asm	110	0	next		
engine.printer.print_party:111:0	text	engine/printer/print_party.asm	111	0	next	Check the Game Boy	
engine.printer.print_party:112:0	text	engine/printer/print_party.asm	112	0	next	Printer Manual.	
engine.printer.print_party:113:0	text	engine/printer/print_party.asm	113	0	db	@	
engine.printer.print_party:115:0	text	engine/printer/print_party.asm	115	0	db	 Printer Error 2	
engine.printer.print_party:116:0	text	engine/printer/print_party.asm	116	0	next		
engine.printer.print_party:117:0	text	engine/printer/print_party.asm	117	0	next	Check the Game Boy	
engine.printer.print_party:118:0	text	engine/printer/print_party.asm	118	0	next	Printer Manual.	
engine.printer.print_party:119:0	text	engine/printer/print_party.asm	119	0	db	@	
engine.printer.print_party:121:0	text	engine/printer/print_party.asm	121	0	db	 Printer Error 3	
engine.printer.print_party:122:0	text	engine/printer/print_party.asm	122	0	next		
engine.printer.print_party:123:0	text	engine/printer/print_party.asm	123	0	next	Check the Game Boy	
engine.printer.print_party:124:0	text	engine/printer/print_party.asm	124	0	next	Printer Manual.	
engine.printer.print_party:125:0	text	engine/printer/print_party.asm	125	0	db	@	
engine.printer.print_party:127:0	text	engine/printer/print_party.asm	127	0	db	 Printer Error 4	
engine.printer.print_party:128:0	text	engine/printer/print_party.asm	128	0	next		
engine.printer.print_party:129:0	text	engine/printer/print_party.asm	129	0	next	Check the Game Boy	
engine.printer.print_party:130:0	text	engine/printer/print_party.asm	130	0	next	Printer Manual.	
engine.printer.print_party:131:0	text	engine/printer/print_party.asm	131	0	db	@	
engine.printer.print_party:337:0	text	engine/printer/print_party.asm	337	0	db	OT/@	
engine.printer.print_party:340:0	text	engine/printer/print_party.asm	340	0	db	MOVE@	
engine.printer.print_party:343:0	text	engine/printer/print_party.asm	343	0	db	<ID>№@	
engine.printer.print_party:346:0	text	engine/printer/print_party.asm	346	0	db	ATTACK	
engine.printer.print_party:347:0	text	engine/printer/print_party.asm	347	0	next	DEFENSE	
engine.printer.print_party:348:0	text	engine/printer/print_party.asm	348	0	next	SPCL.ATK	
engine.printer.print_party:349:0	text	engine/printer/print_party.asm	349	0	next	SPCL.DEF	
engine.printer.print_party:350:0	text	engine/printer/print_party.asm	350	0	next	SPEED	
engine.printer.print_party:351:0	text	engine/printer/print_party.asm	351	0	db	@	
engine.printer.print_party:354:0	text	engine/printer/print_party.asm	354	0	db	------------@	
engine.printer.printer:617:0	text	engine/printer/printer.asm	617	0	db	Press B to Cancel@	
engine.printer.printer:666:0	text	engine/printer/printer.asm	666	0	db	#MON LIST@	
engine.printer.printer:928:0	text	engine/printer/printer.asm	928	0	db	  ------@	
engine.rtc.print_hours_mins:64:0	menu	engine/rtc/print_hours_mins.asm	64	0	db	AM@	上午
engine.rtc.print_hours_mins:65:0	menu	engine/rtc/print_hours_mins.asm	65	0	db	PM@	下午
engine.rtc.reset_password:54:0	menu	engine/rtc/reset_password.asm	54	0	db	NO@	否
engine.rtc.reset_password:55:0	menu	engine/rtc/reset_password.asm	55	0	db	YES@	是
engine.rtc.restart_clock:238:0	menu	engine/rtc/restart_clock.asm	238	0	db	じ@	时
engine.rtc.restart_clock:241:0	menu	engine/rtc/restart_clock.asm	241	0	db	ふん@	分
engine.rtc.timeset:299:0	menu	engine/rtc/timeset.asm	299	0	db	o'clock@	点
engine.rtc.timeset:319:0	menu	engine/rtc/timeset.asm	319	0	db	min.@	分
engine.rtc.timeset:515:0	menu	engine/rtc/timeset.asm	515	0	db	 SUNDAY@	 星期日
engine.rtc.timeset:516:0	menu	engine/rtc/timeset.asm	516	0	db	 MONDAY@	 星期一
engine.rtc.timeset:517:0	menu	engine/rtc/timeset.asm	517	0	db	 TUESDAY@	 星期二
engine.rtc.timeset:518:0	menu	engine/rtc/timeset.asm	518	0	db	WEDNESDAY@	星期三
engine.rtc.timeset:519:0	menu	engine/rtc/timeset.asm	519	0	db	THURSDAY@	星期四
engine.rtc.timeset:520:0	menu	engine/rtc/timeset.asm	520	0	db	 FRIDAY@	 星期五
engine.rtc.timeset:521:0	menu	engine/rtc/timeset.asm	521	0	db	SATURDAY@	星期六
engine.rtc.timeset:655:0	menu	engine/rtc/timeset.asm	655	0	para	Now on DEBUG…	调试模式…
engine.rtc.timeset:707:0	menu	engine/rtc/timeset.asm	707	0	db	NITE@	夜
engine.rtc.timeset:708:0	menu	engine/rtc/timeset.asm	708	0	db	MORN@	早
engine.rtc.timeset:709:0	menu	engine/rtc/timeset.asm	709	0	db	DAY@	昼
home.menu:438:0	menu	home/menu.asm	438	0	db	YES@	是
home.menu:439:0	menu	home/menu.asm	439	0	db	NO@	否
home.names:244:0	menu	home/names.asm	244	0	db	TM	TM
home.names:246:0	menu	home/names.asm	246	0	db	@	@
home.names:249:0	menu	home/names.asm	249	0	db	HM	HM
home.names:251:0	menu	home/names.asm	251	0	db	@	@
home.print_num:337:0	text	home/print_num.asm	337	0	db	0123456789ABCDEF	
home.text:129:0	menu	home/text.asm	129	0	text	ゲームフりーク！	GAME FREAK!
home.text:442:0	menu	home/text.asm	442	0	db	<_CONT>@	<_CONT>@
home.text:488:0	menu	home/text.asm	488	0	text	エラー	错误
home.text:942:0	menu	home/text.asm	942	0	db	SUN@	星期日
home.text:943:0	menu	home/text.asm	943	0	db	MON@	星期一
home.text:944:0	menu	home/text.asm	944	0	db	TUES@	星期二
home.text:945:0	menu	home/text.asm	945	0	db	WEDNES@	星期三
home.text:946:0	menu	home/text.asm	946	0	db	THURS@	星期四
home.text:947:0	menu	home/text.asm	947	0	db	FRI@	星期五
home.text:948:0	menu	home/text.asm	948	0	db	SATUR@	星期六
home.text:949:0	menu	home/text.asm	949	0	db	DAY@	@
home.text_command_strings:3:0	menu	home/text_command_strings.asm	3	0	db	TM@	TM
home.text_command_strings:4:0	menu	home/text_command_strings.asm	4	0	db	TRAINER@	训练家
home.text_command_strings:5:0	menu	home/text_command_strings.asm	5	0	db	PC@	电脑
home.text_command_strings:6:0	menu	home/text_command_strings.asm	6	0	db	ROCKET@	火箭队
home.text_command_strings:7:0	menu	home/text_command_strings.asm	7	0	db	POKé@	宝可
home.text_command_strings:8:0	menu	home/text_command_strings.asm	8	0	db	こうげき@	攻击
home.text_command_strings:9:0	menu	home/text_command_strings.asm	9	0	db	……@	……
home.text_command_strings:10:0	menu	home/text_command_strings.asm	10	0	db	Enemy @	敌方 
home.text_command_strings:11:0	menu	home/text_command_strings.asm	11	0	db	<PK><MN>@	宝可梦
home.text_command_strings:12:0	menu	home/text_command_strings.asm	12	0	db	<PO><KE>@	宝可
home.text_command_strings:13:0	menu	home/text_command_strings.asm	13	0	db	 @	 @
home.text_command_strings:17:0	menu	home/text_command_strings.asm	17	0	db	@	@
